date,route,departure_date,price,days_to_departure,day_of_week,day_name,is_weekend,departure_airport,out_inbound,other_airport,data_source,booking_window,airline,airline_code,is_lcc,is_holiday_sin,is_holiday_other,is_sch_holiday
6/3/2026,SIN-BKK,2026-05-06,93.83974008,61,4,Friday,True,SIN,1,BKK,manual,57-70 days,NIL,NIL,1,0,0,0
7/3/2026,SIN-BKK,2026-05-06,94.91534718,60,5,Saturday,True,SIN,1,BKK,manual,57-70 days,NIL,NIL,1,0,0,0
8/3/2026,SIN-BKK,2026-05-06,100.2195795,59,6,Sunday,True,SIN,1,BKK,manual,57-70 days,NIL,NIL,1,0,0,0
9/3/2026,SIN-BKK,2026-05-06,99.05020751,58,0,Monday,False,SIN,1,BKK,manual,57-70 days,NIL,NIL,1,0,0,0
10/3/2026,SIN-BKK,2026-05-06,90.49248274,57,1,Tuesday,False,SIN,1,BKK,manual,57-70 days,NIL,NIL,1,0,0,0
11/3/2026,SIN-BKK,2026-05-06,89.32311074,56,2,Wednesday,False,SIN,1,BKK,manual,43-56 days,NIL,NIL,1,0,0,0
12/3/2026,SIN-BKK,2026-05-06,89.34994825,55,3,Thursday,False,SIN,1,BKK,manual,43-56 days,NIL,NIL,1,0,0,0
13/3/2026,SIN-BKK,2026-05-06,89.37678575,54,4,Friday,True,SIN,1,BKK,manual,43-56 days,NIL,NIL,1,0,0,0
14/3/2026,SIN-BKK,2026-05-06,89.40362325,53,5,Saturday,True,SIN,1,BKK,manual,43-56 days,NIL,NIL,1,0,0,0
15/3/2026,SIN-BKK,2026-05-06,89.43046075,52,6,Sunday,True,SIN,1,BKK,manual,43-56 days,NIL,NIL,1,0,0,0
16/3/2026,SIN-BKK,2026-05-06,91.1460646,51,0,Monday,False,SIN,1,BKK,manual,43-56 days,NIL,NIL,1,0,0,0
17/3/2026,SIN-BKK,2026-05-06,100.4259344,50,1,Tuesday,False,SIN,1,BKK,manual,43-56 days,NIL,NIL,1,0,0,0
18/3/2026,SIN-BKK,2026-05-06,105.2727926,49,2,Wednesday,False,SIN,1,BKK,manual,43-56 days,NIL,NIL,1,0,0,0
19/3/2026,SIN-BKK,2026-05-06,105.7921869,48,3,Thursday,False,SIN,1,BKK,manual,43-56 days,NIL,NIL,1,0,0,0
20/3/2026,SIN-BKK,2026-05-06,105.8190244,47,4,Friday,True,SIN,1,BKK,manual,43-56 days,NIL,NIL,1,0,0,0
21/3/2026,SIN-BKK,2026-05-06,105.8458619,46,5,Saturday,True,SIN,1,BKK,manual,43-56 days,NIL,NIL,1,0,0,0
22/3/2026,SIN-BKK,2026-05-06,105.8726994,45,6,Sunday,True,SIN,1,BKK,manual,43-56 days,NIL,NIL,1,0,0,0
23/3/2026,SIN-BKK,2026-05-06,105.8995369,44,0,Monday,False,SIN,1,BKK,manual,43-56 days,NIL,NIL,1,0,0,0
24/3/2026,SIN-BKK,2026-05-06,107.404045,43,1,Tuesday,False,SIN,1,BKK,manual,43-56 days,NIL,NIL,1,0,0,0
25/3/2026,SIN-BKK,2026-05-06,116.2969058,42,2,Wednesday,False,SIN,1,BKK,manual,29-42 days,NIL,NIL,1,0,0,0
26/3/2026,SIN-BKK,2026-05-06,117.5903181,41,3,Thursday,False,SIN,1,BKK,manual,29-42 days,NIL,NIL,1,0,0,0
27/3/2026,SIN-BKK,2026-05-06,119.7632962,40,4,Friday,True,SIN,1,BKK,manual,29-42 days,NIL,NIL,1,0,0,0
28/3/2026,SIN-BKK,2026-05-06,132.1392376,39,5,Saturday,True,SIN,1,BKK,manual,29-42 days,NIL,NIL,1,0,0,0
29/3/2026,SIN-BKK,2026-05-06,133.9252067,38,6,Sunday,True,SIN,1,BKK,manual,29-42 days,NIL,NIL,1,0,0,0
30/3/2026,SIN-BKK,2026-05-06,133.9520442,37,0,Monday,False,SIN,1,BKK,manual,29-42 days,NIL,NIL,1,0,0,0
31/3/2026,SIN-BKK,2026-05-06,133.9788817,36,1,Tuesday,False,SIN,1,BKK,manual,29-42 days,NIL,NIL,1,0,0,0
1/4/2026,SIN-BKK,2026-05-06,137.3832519,35,2,Wednesday,False,SIN,1,BKK,manual,29-42 days,NIL,NIL,1,0,0,0
2/4/2026,SIN-BKK,2026-05-06,156.4438935,34,3,Thursday,False,SIN,1,BKK,manual,29-42 days,NIL,NIL,1,0,0,0
3/4/2026,SIN-BKK,2026-05-06,159.6019853,33,4,Friday,True,SIN,1,BKK,manual,29-42 days,NIL,NIL,1,0,0,0
4/4/2026,SIN-BKK,2026-05-06,159.6288228,32,5,Saturday,True,SIN,1,BKK,manual,29-42 days,NIL,NIL,1,0,0,0
5/4/2026,SIN-BKK,2026-05-06,162.2239925,31,6,Sunday,True,SIN,1,BKK,manual,29-42 days,NIL,NIL,1,0,0,0
6/4/2026,SIN-BKK,2026-05-06,177.7663709,30,0,Monday,False,SIN,1,BKK,manual,29-42 days,NIL,NIL,1,0,0,0
7/4/2026,SIN-BKK,2026-05-06,180.6078189,29,1,Tuesday,False,SIN,1,BKK,manual,29-42 days,NIL,NIL,1,0,0,0
8/4/2026,SIN-BKK,2026-05-06,180.6346564,28,2,Wednesday,False,SIN,1,BKK,manual,15-28 days,NIL,NIL,1,0,0,0
9/4/2026,SIN-BKK,2026-05-06,183.1594608,27,3,Thursday,False,SIN,1,BKK,manual,15-28 days,NIL,NIL,1,0,0,0
10/4/2026,SIN-BKK,2026-05-06,200.5313361,26,4,Friday,True,SIN,1,BKK,manual,15-28 days,NIL,NIL,1,0,0,0
11/4/2026,SIN-BKK,2026-05-06,203.9357063,25,5,Saturday,True,SIN,1,BKK,manual,15-28 days,NIL,NIL,1,0,0,0
12/4/2026,SIN-BKK,2026-05-06,203.9625438,24,6,Sunday,True,SIN,1,BKK,manual,15-28 days,NIL,NIL,1,0,0,0
13/4/2026,SIN-BKK,2026-05-06,201.4562318,23,0,Monday,False,SIN,1,BKK,manual,15-28 days,NIL,NIL,1,0,0,0
14/4/2026,SIN-BKK,2026-05-06,183.8565705,22,1,Tuesday,False,SIN,1,BKK,manual,15-28 days,NIL,NIL,1,0,0,0
15/4/2026,SIN-BKK,2026-05-06,181.0336147,21,2,Wednesday,False,SIN,1,BKK,manual,15-28 days,NIL,NIL,1,0,0,0
16/4/2026,SIN-BKK,2026-05-06,182.8195838,20,3,Thursday,False,SIN,1,BKK,manual,15-28 days,NIL,NIL,1,0,0,0
17/4/2026,SIN-BKK,2026-05-06,183.1982477,19,4,Friday,True,SIN,1,BKK,manual,15-28 days,NIL,NIL,1,0,0,0
18/4/2026,SIN-BKK,2026-05-06,183.2250852,18,5,Saturday,True,SIN,1,BKK,manual,15-28 days,NIL,NIL,1,0,0,0
19/4/2026,SIN-BKK,2026-05-06,185.8202549,17,6,Sunday,True,SIN,1,BKK,manual,15-28 days,NIL,NIL,1,0,0,0
20/4/2026,SIN-BKK,2026-05-06,204.8105312,16,0,Monday,False,SIN,1,BKK,manual,15-28 days,NIL,NIL,1,0,0,0
21/4/2026,SIN-BKK,2026-05-06,208.8481888,15,1,Tuesday,False,SIN,1,BKK,manual,15-28 days,NIL,NIL,1,0,0,0
22/4/2026,SIN-BKK,2026-05-06,208.8750263,14,2,Wednesday,False,SIN,1,BKK,manual,1-14 days,NIL,NIL,1,0,0,0
23/4/2026,SIN-BKK,2026-05-06,212.1034833,13,3,Thursday,False,SIN,1,BKK,manual,1-14 days,NIL,NIL,1,0,0,0
24/4/2026,SIN-BKK,2026-05-06,236.1952414,12,4,Friday,True,SIN,1,BKK,manual,1-14 days,NIL,NIL,1,0,0,0
25/4/2026,SIN-BKK,2026-05-06,241.4642911,11,5,Saturday,True,SIN,1,BKK,manual,1-14 days,NIL,NIL,1,0,0,0
26/4/2026,SIN-BKK,2026-05-06,241.4911286,10,6,Sunday,True,SIN,1,BKK,manual,1-14 days,NIL,NIL,1,0,0,0
27/4/2026,SIN-BKK,2026-05-06,242.2568013,9,0,Monday,False,SIN,1,BKK,manual,1-14 days,NIL,NIL,1,0,0,0
28/4/2026,SIN-BKK,2026-05-06,245.3445279,8,1,Tuesday,False,SIN,1,BKK,manual,1-14 days,NIL,NIL,1,0,0,0
29/4/2026,SIN-BKK,2026-05-06,267.8882501,7,2,Wednesday,False,SIN,1,BKK,manual,1-14 days,NIL,NIL,1,0,0,0
30/4/2026,SIN-BKK,2026-05-06,274.1072309,6,3,Thursday,False,SIN,1,BKK,manual,1-14 days,NIL,NIL,1,0,0,0
1/5/2026,SIN-BKK,2026-05-06,274.1340684,5,4,Friday,True,SIN,1,BKK,manual,1-14 days,NIL,NIL,1,0,0,0
2/5/2026,SIN-BKK,2026-05-06,274.1609059,4,5,Saturday,True,SIN,1,BKK,manual,1-14 days,NIL,NIL,1,0,0,0
3/5/2026,SIN-BKK,2026-05-06,274.1877434,3,6,Sunday,True,SIN,1,BKK,manual,1-14 days,NIL,NIL,1,0,0,0
4/5/2026,SIN-BKK,2026-05-06,284.6179317,2,0,Monday,False,SIN,1,BKK,manual,1-14 days,NIL,NIL,1,0,0,0
5/5/2026,SIN-BKK,2026-05-06,320.8394772,1,1,Tuesday,False,SIN,1,BKK,manual,1-14 days,NIL,NIL,1,0,0,0
6/3/2026,BKK-SIN,2026-05-06,63.59640454,61,4,Friday,True,BKK,2,BKK,manual,57-70 days,NIL,NIL,1,0,0,0
7/3/2026,BKK-SIN,2026-05-06,63.60897162,60,5,Saturday,True,BKK,2,BKK,manual,57-70 days,NIL,NIL,1,0,0,0
8/3/2026,BKK-SIN,2026-05-06,63.62572771,59,6,Sunday,True,BKK,2,BKK,manual,57-70 days,NIL,NIL,1,0,0,0
9/3/2026,BKK-SIN,2026-05-06,62.60258474,58,0,Monday,False,BKK,2,BKK,manual,57-70 days,NIL,NIL,1,0,0,0
10/3/2026,BKK-SIN,2026-05-06,59.26855495,57,1,Tuesday,False,BKK,2,BKK,manual,57-70 days,NIL,NIL,1,0,0,0
11/3/2026,BKK-SIN,2026-05-06,59.09625107,56,2,Wednesday,False,BKK,2,BKK,manual,43-56 days,NIL,NIL,1,0,0,0
12/3/2026,BKK-SIN,2026-05-06,59.01638267,55,3,Thursday,False,BKK,2,BKK,manual,43-56 days,NIL,NIL,1,0,0,0
13/3/2026,BKK-SIN,2026-05-06,57.90080423,54,4,Friday,True,BKK,2,BKK,manual,43-56 days,NIL,NIL,1,0,0,0
14/3/2026,BKK-SIN,2026-05-06,57.61714504,53,5,Saturday,True,BKK,2,BKK,manual,43-56 days,NIL,NIL,1,0,0,0
15/3/2026,BKK-SIN,2026-05-06,59.45950171,52,6,Sunday,True,BKK,2,BKK,manual,43-56 days,NIL,NIL,1,0,0,0
16/3/2026,BKK-SIN,2026-05-06,72.53276829,51,0,Monday,False,BKK,2,BKK,manual,43-56 days,NIL,NIL,1,0,0,0
17/3/2026,BKK-SIN,2026-05-06,74.99906441,50,1,Tuesday,False,BKK,2,BKK,manual,43-56 days,NIL,NIL,1,0,0,0
18/3/2026,BKK-SIN,2026-05-06,77.30359845,49,2,Wednesday,False,BKK,2,BKK,manual,43-56 days,NIL,NIL,1,0,0,0
19/3/2026,BKK-SIN,2026-05-06,77.52833436,48,3,Thursday,False,BKK,2,BKK,manual,43-56 days,NIL,NIL,1,0,0,0
20/3/2026,BKK-SIN,2026-05-06,77.54090142,47,4,Friday,True,BKK,2,BKK,manual,43-56 days,NIL,NIL,1,0,0,0
21/3/2026,BKK-SIN,2026-05-06,77.55346849,46,5,Saturday,True,BKK,2,BKK,manual,43-56 days,NIL,NIL,1,0,0,0
22/3/2026,BKK-SIN,2026-05-06,77.57022459,45,6,Sunday,True,BKK,2,BKK,manual,43-56 days,NIL,NIL,1,0,0,0
23/3/2026,BKK-SIN,2026-05-06,77.58698068,44,0,Monday,False,BKK,2,BKK,manual,43-56 days,NIL,NIL,1,0,0,0
24/3/2026,BKK-SIN,2026-05-06,79.73880578,43,1,Tuesday,False,BKK,2,BKK,manual,43-56 days,NIL,NIL,1,0,0,0
25/3/2026,BKK-SIN,2026-05-06,98.31200893,42,2,Wednesday,False,BKK,2,BKK,manual,29-42 days,NIL,NIL,1,0,0,0
26/3/2026,BKK-SIN,2026-05-06,103.5623525,41,3,Thursday,False,BKK,2,BKK,manual,29-42 days,NIL,NIL,1,0,0,0
27/3/2026,BKK-SIN,2026-05-06,103.5791086,40,4,Friday,True,BKK,2,BKK,manual,29-42 days,NIL,NIL,1,0,0,0
28/3/2026,BKK-SIN,2026-05-06,103.5958646,39,5,Saturday,True,BKK,2,BKK,manual,29-42 days,NIL,NIL,1,0,0,0
29/3/2026,BKK-SIN,2026-05-06,106.459766,38,6,Sunday,True,BKK,2,BKK,manual,29-42 days,NIL,NIL,1,0,0,0
30/3/2026,BKK-SIN,2026-05-06,123.9168685,37,0,Monday,False,BKK,2,BKK,manual,29-42 days,NIL,NIL,1,0,0,0
31/3/2026,BKK-SIN,2026-05-06,126.7064984,36,1,Tuesday,False,BKK,2,BKK,manual,29-42 days,NIL,NIL,1,0,0,0
1/4/2026,BKK-SIN,2026-05-06,128.8954881,35,2,Wednesday,False,BKK,2,BKK,manual,29-42 days,NIL,NIL,1,0,0,0
2/4/2026,BKK-SIN,2026-05-06,143.0779804,34,3,Thursday,False,BKK,2,BKK,manual,29-42 days,NIL,NIL,1,0,0,0
3/4/2026,BKK-SIN,2026-05-06,141.246027,33,4,Friday,True,BKK,2,BKK,manual,29-42 days,NIL,NIL,1,0,0,0
4/4/2026,BKK-SIN,2026-05-06,130.1894462,32,5,Saturday,True,BKK,2,BKK,manual,29-42 days,NIL,NIL,1,0,0,0
5/4/2026,BKK-SIN,2026-05-06,128.2377595,31,6,Sunday,True,BKK,2,BKK,manual,29-42 days,NIL,NIL,1,0,0,0
6/4/2026,BKK-SIN,2026-05-06,132.2061321,30,0,Monday,False,BKK,2,BKK,manual,29-42 days,NIL,NIL,1,0,0,0
7/4/2026,BKK-SIN,2026-05-06,143.3613626,29,1,Tuesday,False,BKK,2,BKK,manual,29-42 days,NIL,NIL,1,0,0,0
8/4/2026,BKK-SIN,2026-05-06,162.0009843,28,2,Wednesday,False,BKK,2,BKK,manual,15-28 days,NIL,NIL,1,0,0,0
9/4/2026,BKK-SIN,2026-05-06,169.0680656,27,3,Thursday,False,BKK,2,BKK,manual,15-28 days,NIL,NIL,1,0,0,0
10/4/2026,BKK-SIN,2026-05-06,169.3852369,26,4,Friday,True,BKK,2,BKK,manual,15-28 days,NIL,NIL,1,0,0,0
11/4/2026,BKK-SIN,2026-05-06,169.4019931,25,5,Saturday,True,BKK,2,BKK,manual,15-28 days,NIL,NIL,1,0,0,0
12/4/2026,BKK-SIN,2026-05-06,169.4187492,24,6,Sunday,True,BKK,2,BKK,manual,15-28 days,NIL,NIL,1,0,0,0
13/4/2026,BKK-SIN,2026-05-06,165.5299162,23,0,Monday,False,BKK,2,BKK,manual,15-28 days,NIL,NIL,1,0,0,0
14/4/2026,BKK-SIN,2026-05-06,148.8614982,22,1,Tuesday,False,BKK,2,BKK,manual,15-28 days,NIL,NIL,1,0,0,0
15/4/2026,BKK-SIN,2026-05-06,146.7984562,21,2,Wednesday,False,BKK,2,BKK,manual,15-28 days,NIL,NIL,1,0,0,0
16/4/2026,BKK-SIN,2026-05-06,147.8509223,20,3,Thursday,False,BKK,2,BKK,manual,15-28 days,NIL,NIL,1,0,0,0
17/4/2026,BKK-SIN,2026-05-06,149.2038037,19,4,Friday,True,BKK,2,BKK,manual,15-28 days,NIL,NIL,1,0,0,0
18/4/2026,BKK-SIN,2026-05-06,149.6827371,18,5,Saturday,True,BKK,2,BKK,manual,15-28 days,NIL,NIL,1,0,0,0
19/4/2026,BKK-SIN,2026-05-06,148.6364853,17,6,Sunday,True,BKK,2,BKK,manual,15-28 days,NIL,NIL,1,0,0,0
20/4/2026,BKK-SIN,2026-05-06,139.6690977,16,0,Monday,False,BKK,2,BKK,manual,15-28 days,NIL,NIL,1,0,0,0
21/4/2026,BKK-SIN,2026-05-06,162.4092784,15,1,Tuesday,False,BKK,2,BKK,manual,15-28 days,NIL,NIL,1,0,0,0
22/4/2026,BKK-SIN,2026-05-06,171.3095739,14,2,Wednesday,False,BKK,2,BKK,manual,1-14 days,NIL,NIL,1,0,0,0
23/4/2026,BKK-SIN,2026-05-06,171.5574187,13,3,Thursday,False,BKK,2,BKK,manual,1-14 days,NIL,NIL,1,0,0,0
24/4/2026,BKK-SIN,2026-05-06,171.2968684,12,4,Friday,True,BKK,2,BKK,manual,1-14 days,NIL,NIL,1,0,0,0
25/4/2026,BKK-SIN,2026-05-06,171.1518624,11,5,Saturday,True,BKK,2,BKK,manual,1-14 days,NIL,NIL,1,0,0,0
26/4/2026,BKK-SIN,2026-05-06,171.1644294,10,6,Sunday,True,BKK,2,BKK,manual,1-14 days,NIL,NIL,1,0,0,0
27/4/2026,BKK-SIN,2026-05-06,174.3850059,9,0,Monday,False,BKK,2,BKK,manual,1-14 days,NIL,NIL,1,0,0,0
28/4/2026,BKK-SIN,2026-05-06,195.0635055,8,1,Tuesday,False,BKK,2,BKK,manual,1-14 days,NIL,NIL,1,0,0,0
29/4/2026,BKK-SIN,2026-05-06,199.9840961,7,2,Wednesday,False,BKK,2,BKK,manual,1-14 days,NIL,NIL,1,0,0,0
30/4/2026,BKK-SIN,2026-05-06,199.1227152,6,3,Thursday,False,BKK,2,BKK,manual,1-14 days,NIL,NIL,1,0,0,0
1/5/2026,BKK-SIN,2026-05-06,200.1100437,5,4,Friday,True,BKK,2,BKK,manual,1-14 days,NIL,NIL,1,0,0,0
2/5/2026,BKK-SIN,2026-05-06,200.2381551,4,5,Saturday,True,BKK,2,BKK,manual,1-14 days,NIL,NIL,1,0,0,0
3/5/2026,BKK-SIN,2026-05-06,200.2507222,3,6,Sunday,True,BKK,2,BKK,manual,1-14 days,NIL,NIL,1,0,0,0
4/5/2026,BKK-SIN,2026-05-06,200.8220911,2,0,Monday,False,BKK,2,BKK,manual,1-14 days,NIL,NIL,1,0,0,0
5/5/2026,BKK-SIN,2026-05-06,222.2269912,1,1,Tuesday,False,BKK,2,BKK,manual,1-14 days,NIL,NIL,1,0,0,0
6/3/2026,SIN-LHR,2026-05-06,838.3936096,61,4,Friday,True,SIN,1,LHR,manual,57-70 days,NIL,NIL,0,0,0,0
7/3/2026,SIN-LHR,2026-05-06,846.8003077,60,5,Saturday,True,SIN,1,LHR,manual,57-70 days,NIL,NIL,0,0,0,0
8/3/2026,SIN-LHR,2026-05-06,864.814661,59,6,Sunday,True,SIN,1,LHR,manual,57-70 days,NIL,NIL,0,0,0,0
9/3/2026,SIN-LHR,2026-05-06,864.814661,58,0,Monday,False,SIN,1,LHR,manual,57-70 days,NIL,NIL,0,0,0,0
10/3/2026,SIN-LHR,2026-05-06,911.0515009,57,1,Tuesday,False,SIN,1,LHR,manual,57-70 days,NIL,NIL,0,0,0,0
11/3/2026,SIN-LHR,2026-05-06,1130.113542,56,2,Wednesday,False,SIN,1,LHR,manual,43-56 days,NIL,NIL,0,0,0,0
12/3/2026,SIN-LHR,2026-05-06,1228.704596,55,3,Thursday,False,SIN,1,LHR,manual,43-56 days,NIL,NIL,0,0,0,0
13/3/2026,SIN-LHR,2026-05-06,1240.714165,54,4,Friday,True,SIN,1,LHR,manual,43-56 days,NIL,NIL,0,0,0,0
14/3/2026,SIN-LHR,2026-05-06,1321.778755,53,5,Saturday,True,SIN,1,LHR,manual,43-56 days,NIL,NIL,0,0,0,0
15/3/2026,SIN-LHR,2026-05-06,1340.393586,52,6,Sunday,True,SIN,1,LHR,manual,43-56 days,NIL,NIL,0,0,0,0
16/3/2026,SIN-LHR,2026-05-06,1340.393586,51,0,Monday,False,SIN,1,LHR,manual,43-56 days,NIL,NIL,0,0,0,0
17/3/2026,SIN-LHR,2026-05-06,1346.998849,50,1,Tuesday,False,SIN,1,LHR,manual,43-56 days,NIL,NIL,0,0,0,0
18/3/2026,SIN-LHR,2026-05-06,1236.407877,49,2,Wednesday,False,SIN,1,LHR,manual,43-56 days,NIL,NIL,0,0,0,0
19/3/2026,SIN-LHR,2026-05-06,966.9210158,48,3,Thursday,False,SIN,1,LHR,manual,43-56 days,NIL,NIL,0,0,0,0
20/3/2026,SIN-LHR,2026-05-06,1114.613692,47,4,Friday,True,SIN,1,LHR,manual,43-56 days,NIL,NIL,0,0,0,0
21/3/2026,SIN-LHR,2026-05-06,1142.2357,46,5,Saturday,True,SIN,1,LHR,manual,43-56 days,NIL,NIL,0,0,0,0
22/3/2026,SIN-LHR,2026-05-06,1132.628045,45,6,Sunday,True,SIN,1,LHR,manual,43-56 days,NIL,NIL,0,0,0,0
23/3/2026,SIN-LHR,2026-05-06,1246.819029,44,0,Monday,False,SIN,1,LHR,manual,43-56 days,NIL,NIL,0,0,0,0
24/3/2026,SIN-LHR,2026-05-06,1585.448838,43,1,Tuesday,False,SIN,1,LHR,manual,43-56 days,NIL,NIL,0,0,0,0
25/3/2026,SIN-LHR,2026-05-06,1736.709357,42,2,Wednesday,False,SIN,1,LHR,manual,29-42 days,NIL,NIL,0,0,0,0
26/3/2026,SIN-LHR,2026-05-06,1736.709357,41,3,Thursday,False,SIN,1,LHR,manual,29-42 days,NIL,NIL,0,0,0,0
27/3/2026,SIN-LHR,2026-05-06,1736.709357,40,4,Friday,True,SIN,1,LHR,manual,29-42 days,NIL,NIL,0,0,0,0
28/3/2026,SIN-LHR,2026-05-06,1736.709357,39,5,Saturday,True,SIN,1,LHR,manual,29-42 days,NIL,NIL,0,0,0,0
29/3/2026,SIN-LHR,2026-05-06,1736.709357,38,6,Sunday,True,SIN,1,LHR,manual,29-42 days,NIL,NIL,0,0,0,0
30/3/2026,SIN-LHR,2026-05-06,1736.709357,37,0,Monday,False,SIN,1,LHR,manual,29-42 days,NIL,NIL,0,0,0,0
31/3/2026,SIN-LHR,2026-05-06,1736.709357,36,1,Tuesday,False,SIN,1,LHR,manual,29-42 days,NIL,NIL,0,0,0,0
1/4/2026,SIN-LHR,2026-05-06,1771.71725,35,2,Wednesday,False,SIN,1,LHR,manual,29-42 days,NIL,NIL,0,0,0,0
2/4/2026,SIN-LHR,2026-05-06,2004.92306,34,3,Thursday,False,SIN,1,LHR,manual,29-42 days,NIL,NIL,0,0,0,0
3/4/2026,SIN-LHR,2026-05-06,2080.183025,33,4,Friday,True,SIN,1,LHR,manual,29-42 days,NIL,NIL,0,0,0,0
4/4/2026,SIN-LHR,2026-05-06,2080.183025,32,5,Saturday,True,SIN,1,LHR,manual,29-42 days,NIL,NIL,0,0,0,0
5/4/2026,SIN-LHR,2026-05-06,2080.183025,31,6,Sunday,True,SIN,1,LHR,manual,29-42 days,NIL,NIL,0,0,0,0
6/4/2026,SIN-LHR,2026-05-06,2080.183025,30,0,Monday,False,SIN,1,LHR,manual,29-42 days,NIL,NIL,0,0,0,0
7/4/2026,SIN-LHR,2026-05-06,1929.994788,29,1,Tuesday,False,SIN,1,LHR,manual,29-42 days,NIL,NIL,0,0,0,0
8/4/2026,SIN-LHR,2026-05-06,1444.26047,28,2,Wednesday,False,SIN,1,LHR,manual,15-28 days,NIL,NIL,0,0,0,0
9/4/2026,SIN-LHR,2026-05-06,1154.245269,27,3,Thursday,False,SIN,1,LHR,manual,15-28 days,NIL,NIL,0,0,0,0
10/4/2026,SIN-LHR,2026-05-06,1115.814649,26,4,Friday,True,SIN,1,LHR,manual,15-28 days,NIL,NIL,0,0,0,0
11/4/2026,SIN-LHR,2026-05-06,1115.814649,25,5,Saturday,True,SIN,1,LHR,manual,15-28 days,NIL,NIL,0,0,0,0
12/4/2026,SIN-LHR,2026-05-06,1115.814649,24,6,Sunday,True,SIN,1,LHR,manual,15-28 days,NIL,NIL,0,0,0,0
13/4/2026,SIN-LHR,2026-05-06,1156.046705,23,0,Monday,False,SIN,1,LHR,manual,15-28 days,NIL,NIL,0,0,0,0
14/4/2026,SIN-LHR,2026-05-06,1330.485692,22,1,Tuesday,False,SIN,1,LHR,manual,15-28 days,NIL,NIL,0,0,0,0
15/4/2026,SIN-LHR,2026-05-06,1564.055125,21,2,Wednesday,False,SIN,1,LHR,manual,15-28 days,NIL,NIL,0,0,0,0
16/4/2026,SIN-LHR,2026-05-06,1910.317682,20,3,Thursday,False,SIN,1,LHR,manual,15-28 days,NIL,NIL,0,0,0,0
17/4/2026,SIN-LHR,2026-05-06,2335.461422,19,4,Friday,True,SIN,1,LHR,manual,15-28 days,NIL,NIL,0,0,0,0
18/4/2026,SIN-LHR,2026-05-06,2423.656693,18,5,Saturday,True,SIN,1,LHR,manual,15-28 days,NIL,NIL,0,0,0,0
19/4/2026,SIN-LHR,2026-05-06,2423.656693,17,6,Sunday,True,SIN,1,LHR,manual,15-28 days,NIL,NIL,0,0,0,0
20/4/2026,SIN-LHR,2026-05-06,2416.150712,16,0,Monday,False,SIN,1,LHR,manual,15-28 days,NIL,NIL,0,0,0,0
21/4/2026,SIN-LHR,2026-05-06,2357.604064,15,1,Tuesday,False,SIN,1,LHR,manual,15-28 days,NIL,NIL,0,0,0,0
22/4/2026,SIN-LHR,2026-05-06,2343.79306,14,2,Wednesday,False,SIN,1,LHR,manual,1-14 days,NIL,NIL,0,0,0,0
23/4/2026,SIN-LHR,2026-05-06,2234.806223,13,3,Thursday,False,SIN,1,LHR,manual,1-14 days,NIL,NIL,0,0,0,0
24/4/2026,SIN-LHR,2026-05-06,2084.386374,12,4,Friday,True,SIN,1,LHR,manual,1-14 days,NIL,NIL,0,0,0,0
25/4/2026,SIN-LHR,2026-05-06,1999.118435,11,5,Saturday,True,SIN,1,LHR,manual,1-14 days,NIL,NIL,0,0,0,0
26/4/2026,SIN-LHR,2026-05-06,2055.863648,10,6,Sunday,True,SIN,1,LHR,manual,1-14 days,NIL,NIL,0,0,0,0
27/4/2026,SIN-LHR,2026-05-06,1876.704233,9,0,Monday,False,SIN,1,LHR,manual,1-14 days,NIL,NIL,0,0,0,0
28/4/2026,SIN-LHR,2026-05-06,1389.632818,8,1,Tuesday,False,SIN,1,LHR,manual,1-14 days,NIL,NIL,0,0,0,0
29/4/2026,SIN-LHR,2026-05-06,1381.759045,7,2,Wednesday,False,SIN,1,LHR,manual,1-14 days,NIL,NIL,0,0,0,0
30/4/2026,SIN-LHR,2026-05-06,1827.7152,6,3,Thursday,False,SIN,1,LHR,manual,1-14 days,NIL,NIL,0,0,0,0
1/5/2026,SIN-LHR,2026-05-06,1984.106474,5,4,Friday,True,SIN,1,LHR,manual,1-14 days,NIL,NIL,0,0,0,0
2/5/2026,SIN-LHR,2026-05-06,1996.866641,4,5,Saturday,True,SIN,1,LHR,manual,1-14 days,NIL,NIL,0,0,0,0
3/5/2026,SIN-LHR,2026-05-06,2176.784994,3,6,Sunday,True,SIN,1,LHR,manual,1-14 days,NIL,NIL,0,0,0,0
4/5/2026,SIN-LHR,2026-05-06,2377.119614,2,0,Monday,False,SIN,1,LHR,manual,1-14 days,NIL,NIL,0,0,0,0
5/5/2026,SIN-LHR,2026-05-06,2423.656693,1,1,Tuesday,False,SIN,1,LHR,manual,1-14 days,NIL,NIL,0,0,0,0
5/3/2026,LHR-SIN,2026-05-06,577.4085008,62,3,Thursday,False,LHR,2,LHR,manual,57-70 days,NIL,NIL,0,0,0,0
6/3/2026,LHR-SIN,2026-05-06,577.4526799,61,4,Friday,True,LHR,2,LHR,manual,57-70 days,NIL,NIL,0,0,0,0
7/3/2026,LHR-SIN,2026-05-06,577.4968589,60,5,Saturday,True,LHR,2,LHR,manual,57-70 days,NIL,NIL,0,0,0,0
8/3/2026,LHR-SIN,2026-05-06,577.5410379,59,6,Sunday,True,LHR,2,LHR,manual,57-70 days,NIL,NIL,0,0,0,0
9/3/2026,LHR-SIN,2026-05-06,577.585217,58,0,Monday,False,LHR,2,LHR,manual,57-70 days,NIL,NIL,0,0,0,0
10/3/2026,LHR-SIN,2026-05-06,577.6514856,57,1,Tuesday,False,LHR,2,LHR,manual,57-70 days,NIL,NIL,0,0,0,0
11/3/2026,LHR-SIN,2026-05-06,582.022473,56,2,Wednesday,False,LHR,2,LHR,manual,43-56 days,NIL,NIL,0,0,0,0
12/3/2026,LHR-SIN,2026-05-06,590.4369386,55,3,Thursday,False,LHR,2,LHR,manual,43-56 days,NIL,NIL,0,0,0,0
13/3/2026,LHR-SIN,2026-05-06,593.5900813,54,4,Friday,True,LHR,2,LHR,manual,43-56 days,NIL,NIL,0,0,0,0
14/3/2026,LHR-SIN,2026-05-06,592.4605946,53,5,Saturday,True,LHR,2,LHR,manual,43-56 days,NIL,NIL,0,0,0,0
15/3/2026,LHR-SIN,2026-05-06,591.0919569,52,6,Sunday,True,LHR,2,LHR,manual,43-56 days,NIL,NIL,0,0,0,0
16/3/2026,LHR-SIN,2026-05-06,592.3318912,51,0,Monday,False,LHR,2,LHR,manual,43-56 days,NIL,NIL,0,0,0,0
17/3/2026,LHR-SIN,2026-05-06,593.8109765,50,1,Tuesday,False,LHR,2,LHR,manual,43-56 days,NIL,NIL,0,0,0,0
18/3/2026,LHR-SIN,2026-05-06,607.5088547,49,2,Wednesday,False,LHR,2,LHR,manual,43-56 days,NIL,NIL,0,0,0,0
19/3/2026,LHR-SIN,2026-05-06,655.6444835,48,3,Thursday,False,LHR,2,LHR,manual,43-56 days,NIL,NIL,0,0,0,0
20/3/2026,LHR-SIN,2026-05-06,657.1235689,47,4,Friday,True,LHR,2,LHR,manual,43-56 days,NIL,NIL,0,0,0,0
21/3/2026,LHR-SIN,2026-05-06,655.7328416,46,5,Saturday,True,LHR,2,LHR,manual,43-56 days,NIL,NIL,0,0,0,0
22/3/2026,LHR-SIN,2026-05-06,651.9506039,45,6,Sunday,True,LHR,2,LHR,manual,43-56 days,NIL,NIL,0,0,0,0
23/3/2026,LHR-SIN,2026-05-06,652.0168725,44,0,Monday,False,LHR,2,LHR,manual,43-56 days,NIL,NIL,0,0,0,0
24/3/2026,LHR-SIN,2026-05-06,652.0831411,43,1,Tuesday,False,LHR,2,LHR,manual,43-56 days,NIL,NIL,0,0,0,0
25/3/2026,LHR-SIN,2026-05-06,652.1273201,42,2,Wednesday,False,LHR,2,LHR,manual,29-42 days,NIL,NIL,0,0,0,0
26/3/2026,LHR-SIN,2026-05-06,653.1281034,41,3,Thursday,False,LHR,2,LHR,manual,29-42 days,NIL,NIL,0,0,0,0
27/3/2026,LHR-SIN,2026-05-06,657.4990908,40,4,Friday,True,LHR,2,LHR,manual,29-42 days,NIL,NIL,0,0,0,0
28/3/2026,LHR-SIN,2026-05-06,657.5653593,39,5,Saturday,True,LHR,2,LHR,manual,29-42 days,NIL,NIL,0,0,0,0
29/3/2026,LHR-SIN,2026-05-06,655.2180279,38,6,Sunday,True,LHR,2,LHR,manual,29-42 days,NIL,NIL,0,0,0,0
30/3/2026,LHR-SIN,2026-05-06,652.3923944,37,0,Monday,False,LHR,2,LHR,manual,29-42 days,NIL,NIL,0,0,0,0
31/3/2026,LHR-SIN,2026-05-06,652.458663,36,1,Tuesday,False,LHR,2,LHR,manual,29-42 days,NIL,NIL,0,0,0,0
1/4/2026,LHR-SIN,2026-05-06,652.5249316,35,2,Wednesday,False,LHR,2,LHR,manual,29-42 days,NIL,NIL,0,0,0,0
2/4/2026,LHR-SIN,2026-05-06,652.5691106,34,3,Thursday,False,LHR,2,LHR,manual,29-42 days,NIL,NIL,0,0,0,0
3/4/2026,LHR-SIN,2026-05-06,652.6132897,33,4,Friday,True,LHR,2,LHR,manual,29-42 days,NIL,NIL,0,0,0,0
4/4/2026,LHR-SIN,2026-05-06,652.6574687,32,5,Saturday,True,LHR,2,LHR,manual,29-42 days,NIL,NIL,0,0,0,0
5/4/2026,LHR-SIN,2026-05-06,650.3322269,31,6,Sunday,True,LHR,2,LHR,manual,29-42 days,NIL,NIL,0,0,0,0
6/4/2026,LHR-SIN,2026-05-06,647.5286828,30,0,Monday,False,LHR,2,LHR,manual,29-42 days,NIL,NIL,0,0,0,0
7/4/2026,LHR-SIN,2026-05-06,649.9643724,29,1,Tuesday,False,LHR,2,LHR,manual,29-42 days,NIL,NIL,0,0,0,0
8/4/2026,LHR-SIN,2026-05-06,658.139687,28,2,Wednesday,False,LHR,2,LHR,manual,15-28 days,NIL,NIL,0,0,0,0
9/4/2026,LHR-SIN,2026-05-06,663.4672786,27,3,Thursday,False,LHR,2,LHR,manual,15-28 days,NIL,NIL,0,0,0,0
10/4/2026,LHR-SIN,2026-05-06,663.5335471,26,4,Friday,True,LHR,2,LHR,manual,15-28 days,NIL,NIL,0,0,0,0
11/4/2026,LHR-SIN,2026-05-06,663.5777262,25,5,Saturday,True,LHR,2,LHR,manual,15-28 days,NIL,NIL,0,0,0,0
12/4/2026,LHR-SIN,2026-05-06,663.6219052,24,6,Sunday,True,LHR,2,LHR,manual,15-28 days,NIL,NIL,0,0,0,0
13/4/2026,LHR-SIN,2026-05-06,663.6881738,23,0,Monday,False,LHR,2,LHR,manual,15-28 days,NIL,NIL,0,0,0,0
14/4/2026,LHR-SIN,2026-05-06,668.0591612,22,1,Tuesday,False,LHR,2,LHR,manual,15-28 days,NIL,NIL,0,0,0,0
15/4/2026,LHR-SIN,2026-05-06,670.7340017,21,2,Wednesday,False,LHR,2,LHR,manual,15-28 days,NIL,NIL,0,0,0,0
16/4/2026,LHR-SIN,2026-05-06,671.734785,20,3,Thursday,False,LHR,2,LHR,manual,15-28 days,NIL,NIL,0,0,0,0
17/4/2026,LHR-SIN,2026-05-06,671.0615109,19,4,Friday,True,LHR,2,LHR,manual,15-28 days,NIL,NIL,0,0,0,0
18/4/2026,LHR-SIN,2026-05-06,666.8230607,18,5,Saturday,True,LHR,2,LHR,manual,15-28 days,NIL,NIL,0,0,0,0
19/4/2026,LHR-SIN,2026-05-06,664.0195167,17,6,Sunday,True,LHR,2,LHR,manual,15-28 days,NIL,NIL,0,0,0,0
20/4/2026,LHR-SIN,2026-05-06,664.0636957,16,0,Monday,False,LHR,2,LHR,manual,15-28 days,NIL,NIL,0,0,0,0
21/4/2026,LHR-SIN,2026-05-06,664.1078747,15,1,Tuesday,False,LHR,2,LHR,manual,15-28 days,NIL,NIL,0,0,0,0
22/4/2026,LHR-SIN,2026-05-06,666.8048049,14,2,Wednesday,False,LHR,2,LHR,manual,1-14 days,NIL,NIL,0,0,0,0
23/4/2026,LHR-SIN,2026-05-06,669.5017349,13,3,Thursday,False,LHR,2,LHR,manual,1-14 days,NIL,NIL,0,0,0,0
24/4/2026,LHR-SIN,2026-05-06,669.545914,12,4,Friday,True,LHR,2,LHR,manual,1-14 days,NIL,NIL,0,0,0,0
25/4/2026,LHR-SIN,2026-05-06,669.590093,11,5,Saturday,True,LHR,2,LHR,manual,1-14 days,NIL,NIL,0,0,0,0
26/4/2026,LHR-SIN,2026-05-06,669.6563616,10,6,Sunday,True,LHR,2,LHR,manual,1-14 days,NIL,NIL,0,0,0,0
27/4/2026,LHR-SIN,2026-05-06,669.7226301,9,0,Monday,False,LHR,2,LHR,manual,1-14 days,NIL,NIL,0,0,0,0
28/4/2026,LHR-SIN,2026-05-06,669.7668092,8,1,Tuesday,False,LHR,2,LHR,manual,1-14 days,NIL,NIL,0,0,0,0
29/4/2026,LHR-SIN,2026-05-06,673.876556,7,2,Wednesday,False,LHR,2,LHR,manual,1-14 days,NIL,NIL,0,0,0,0
30/4/2026,LHR-SIN,2026-05-06,706.4452773,6,3,Thursday,False,LHR,2,LHR,manual,1-14 days,NIL,NIL,0,0,0,0
1/5/2026,LHR-SIN,2026-05-06,722.534666,5,4,Friday,True,LHR,2,LHR,manual,1-14 days,NIL,NIL,0,0,0,0
2/5/2026,LHR-SIN,2026-05-06,718.7745178,4,5,Saturday,True,LHR,2,LHR,manual,1-14 days,NIL,NIL,0,0,0,0
3/5/2026,LHR-SIN,2026-05-06,717.3837906,3,6,Sunday,True,LHR,2,LHR,manual,1-14 days,NIL,NIL,0,0,0,0
4/5/2026,LHR-SIN,2026-05-06,803.9775674,2,0,Monday,False,LHR,2,LHR,manual,1-14 days,NIL,NIL,0,0,0,0
5/5/2026,LHR-SIN,2026-05-06,1018.302409,1,1,Tuesday,False,LHR,2,LHR,manual,1-14 days,NIL,NIL,0,0,0,0
6/3/2026,SIN-MEL,2026-05-06,225.5356563,61,4,Friday,True,SIN,1,MEL,manual,57-70 days,NIL,NIL,1,0,0,0
7/3/2026,SIN-MEL,2026-05-06,225.5485733,60,5,Saturday,True,SIN,1,MEL,manual,57-70 days,NIL,NIL,1,0,0,0
8/3/2026,SIN-MEL,2026-05-06,225.5679487,59,6,Sunday,True,SIN,1,MEL,manual,57-70 days,NIL,NIL,1,0,0,0
9/3/2026,SIN-MEL,2026-05-06,222.8657475,58,0,Monday,False,SIN,1,MEL,manual,57-70 days,NIL,NIL,1,0,0,0
10/3/2026,SIN-MEL,2026-05-06,209.532109,57,1,Tuesday,False,SIN,1,MEL,manual,57-70 days,NIL,NIL,1,0,0,0
11/3/2026,SIN-MEL,2026-05-06,205.8901741,56,2,Wednesday,False,SIN,1,MEL,manual,43-56 days,NIL,NIL,1,0,0,0
12/3/2026,SIN-MEL,2026-05-06,208.7158335,55,3,Thursday,False,SIN,1,MEL,manual,43-56 days,NIL,NIL,1,0,0,0
13/3/2026,SIN-MEL,2026-05-06,254.3573985,54,4,Friday,True,SIN,1,MEL,manual,43-56 days,NIL,NIL,1,0,0,0
14/3/2026,SIN-MEL,2026-05-06,340.3771246,53,5,Saturday,True,SIN,1,MEL,manual,43-56 days,NIL,NIL,1,0,0,0
15/3/2026,SIN-MEL,2026-05-06,373.395799,52,6,Sunday,True,SIN,1,MEL,manual,43-56 days,NIL,NIL,1,0,0,0
16/3/2026,SIN-MEL,2026-05-06,373.4216328,51,0,Monday,False,SIN,1,MEL,manual,43-56 days,NIL,NIL,1,0,0,0
17/3/2026,SIN-MEL,2026-05-06,349.9840286,50,1,Tuesday,False,SIN,1,MEL,manual,43-56 days,NIL,NIL,1,0,0,0
18/3/2026,SIN-MEL,2026-05-06,281.9010122,49,2,Wednesday,False,SIN,1,MEL,manual,43-56 days,NIL,NIL,1,0,0,0
19/3/2026,SIN-MEL,2026-05-06,261.1677925,48,3,Thursday,False,SIN,1,MEL,manual,43-56 days,NIL,NIL,1,0,0,0
20/3/2026,SIN-MEL,2026-05-06,287.5754231,47,4,Friday,True,SIN,1,MEL,manual,43-56 days,NIL,NIL,1,0,0,0
21/3/2026,SIN-MEL,2026-05-06,314.943417,46,5,Saturday,True,SIN,1,MEL,manual,43-56 days,NIL,NIL,1,0,0,0
22/3/2026,SIN-MEL,2026-05-06,315.3824726,45,6,Sunday,True,SIN,1,MEL,manual,43-56 days,NIL,NIL,1,0,0,0
23/3/2026,SIN-MEL,2026-05-06,286.3045463,44,0,Monday,False,SIN,1,MEL,manual,43-56 days,NIL,NIL,1,0,0,0
24/3/2026,SIN-MEL,2026-05-06,277.2480142,43,1,Tuesday,False,SIN,1,MEL,manual,43-56 days,NIL,NIL,1,0,0,0
25/3/2026,SIN-MEL,2026-05-06,277.2673896,42,2,Wednesday,False,SIN,1,MEL,manual,29-42 days,NIL,NIL,1,0,0,0
26/3/2026,SIN-MEL,2026-05-06,280.0898864,41,3,Thursday,False,SIN,1,MEL,manual,29-42 days,NIL,NIL,1,0,0,0
27/3/2026,SIN-MEL,2026-05-06,309.3982093,40,4,Friday,True,SIN,1,MEL,manual,29-42 days,NIL,NIL,1,0,0,0
28/3/2026,SIN-MEL,2026-05-06,318.3966686,39,5,Saturday,True,SIN,1,MEL,manual,29-42 days,NIL,NIL,1,0,0,0
29/3/2026,SIN-MEL,2026-05-06,315.9098386,38,6,Sunday,True,SIN,1,MEL,manual,29-42 days,NIL,NIL,1,0,0,0
30/3/2026,SIN-MEL,2026-05-06,309.252707,37,0,Monday,False,SIN,1,MEL,manual,29-42 days,NIL,NIL,1,0,0,0
31/3/2026,SIN-MEL,2026-05-06,316.8818645,36,1,Tuesday,False,SIN,1,MEL,manual,29-42 days,NIL,NIL,1,0,0,0
1/4/2026,SIN-MEL,2026-05-06,318.4870871,35,2,Wednesday,False,SIN,1,MEL,manual,29-42 days,NIL,NIL,1,0,0,0
2/4/2026,SIN-MEL,2026-05-06,319.5833185,34,3,Thursday,False,SIN,1,MEL,manual,29-42 days,NIL,NIL,1,0,0,0
3/4/2026,SIN-MEL,2026-05-06,318.8488947,33,4,Friday,True,SIN,1,MEL,manual,29-42 days,NIL,NIL,1,0,0,0
4/4/2026,SIN-MEL,2026-05-06,318.5516718,32,5,Saturday,True,SIN,1,MEL,manual,29-42 days,NIL,NIL,1,0,0,0
5/4/2026,SIN-MEL,2026-05-06,318.5710472,31,6,Sunday,True,SIN,1,MEL,manual,29-42 days,NIL,NIL,1,0,0,0
6/4/2026,SIN-MEL,2026-05-06,318.5904226,30,0,Monday,False,SIN,1,MEL,manual,29-42 days,NIL,NIL,1,0,0,0
7/4/2026,SIN-MEL,2026-05-06,311.1716089,29,1,Tuesday,False,SIN,1,MEL,manual,29-42 days,NIL,NIL,1,0,0,0
8/4/2026,SIN-MEL,2026-05-06,281.2120124,28,2,Wednesday,False,SIN,1,MEL,manual,15-28 days,NIL,NIL,1,0,0,0
9/4/2026,SIN-MEL,2026-05-06,276.9465479,27,3,Thursday,False,SIN,1,MEL,manual,15-28 days,NIL,NIL,1,0,0,0
10/4/2026,SIN-MEL,2026-05-06,277.6120369,26,4,Friday,True,SIN,1,MEL,manual,15-28 days,NIL,NIL,1,0,0,0
11/4/2026,SIN-MEL,2026-05-06,277.6378707,25,5,Saturday,True,SIN,1,MEL,manual,15-28 days,NIL,NIL,1,0,0,0
12/4/2026,SIN-MEL,2026-05-06,277.6572461,24,6,Sunday,True,SIN,1,MEL,manual,15-28 days,NIL,NIL,1,0,0,0
13/4/2026,SIN-MEL,2026-05-06,277.6766215,23,0,Monday,False,SIN,1,MEL,manual,15-28 days,NIL,NIL,1,0,0,0
14/4/2026,SIN-MEL,2026-05-06,277.7024554,22,1,Tuesday,False,SIN,1,MEL,manual,15-28 days,NIL,NIL,1,0,0,0
15/4/2026,SIN-MEL,2026-05-06,276.2142324,21,2,Wednesday,False,SIN,1,MEL,manual,15-28 days,NIL,NIL,1,0,0,0
16/4/2026,SIN-MEL,2026-05-06,264.9625155,20,3,Thursday,False,SIN,1,MEL,manual,15-28 days,NIL,NIL,1,0,0,0
17/4/2026,SIN-MEL,2026-05-06,261.8295719,19,4,Friday,True,SIN,1,MEL,manual,15-28 days,NIL,NIL,1,0,0,0
18/4/2026,SIN-MEL,2026-05-06,260.1303812,18,5,Saturday,True,SIN,1,MEL,manual,15-28 days,NIL,NIL,1,0,0,0
19/4/2026,SIN-MEL,2026-05-06,272.0030985,17,6,Sunday,True,SIN,1,MEL,manual,15-28 days,NIL,NIL,1,0,0,0
20/4/2026,SIN-MEL,2026-05-06,281.1333959,16,0,Monday,False,SIN,1,MEL,manual,15-28 days,NIL,NIL,1,0,0,0
21/4/2026,SIN-MEL,2026-05-06,281.7988849,15,1,Tuesday,False,SIN,1,MEL,manual,15-28 days,NIL,NIL,1,0,0,0
22/4/2026,SIN-MEL,2026-05-06,281.8247187,14,2,Wednesday,False,SIN,1,MEL,manual,1-14 days,NIL,NIL,1,0,0,0
23/4/2026,SIN-MEL,2026-05-06,281.8440941,13,3,Thursday,False,SIN,1,MEL,manual,1-14 days,NIL,NIL,1,0,0,0
24/4/2026,SIN-MEL,2026-05-06,281.8634695,12,4,Friday,True,SIN,1,MEL,manual,1-14 days,NIL,NIL,1,0,0,0
25/4/2026,SIN-MEL,2026-05-06,281.9610938,11,5,Saturday,True,SIN,1,MEL,manual,1-14 days,NIL,NIL,1,0,0,0
26/4/2026,SIN-MEL,2026-05-06,282.9137443,10,6,Sunday,True,SIN,1,MEL,manual,1-14 days,NIL,NIL,1,0,0,0
27/4/2026,SIN-MEL,2026-05-06,283.5074429,9,0,Monday,False,SIN,1,MEL,manual,1-14 days,NIL,NIL,1,0,0,0
28/4/2026,SIN-MEL,2026-05-06,291.5325385,8,1,Tuesday,False,SIN,1,MEL,manual,1-14 days,NIL,NIL,1,0,0,0
29/4/2026,SIN-MEL,2026-05-06,319.0559393,7,2,Wednesday,False,SIN,1,MEL,manual,1-14 days,NIL,NIL,1,0,0,0
30/4/2026,SIN-MEL,2026-05-06,321.480293,6,3,Thursday,False,SIN,1,MEL,manual,1-14 days,NIL,NIL,1,0,0,0
1/5/2026,SIN-MEL,2026-05-06,335.1104812,5,4,Friday,True,SIN,1,MEL,manual,1-14 days,NIL,NIL,1,0,0,0
2/5/2026,SIN-MEL,2026-05-06,373.5865754,4,5,Saturday,True,SIN,1,MEL,manual,1-14 days,NIL,NIL,1,0,0,0
3/5/2026,SIN-MEL,2026-05-06,376.8199607,3,6,Sunday,True,SIN,1,MEL,manual,1-14 days,NIL,NIL,1,0,0,0
4/5/2026,SIN-MEL,2026-05-06,379.8003964,2,0,Monday,False,SIN,1,MEL,manual,1-14 days,NIL,NIL,1,0,0,0
5/5/2026,SIN-MEL,2026-05-06,406.6206117,1,1,Tuesday,False,SIN,1,MEL,manual,1-14 days,NIL,NIL,1,0,0,0
6/3/2026,MEL-SIN,2026-05-06,199.8745779,61,4,Friday,True,MEL,2,MEL,manual,57-70 days,NIL,NIL,1,0,0,0
7/3/2026,MEL-SIN,2026-05-06,199.9192897,60,5,Saturday,True,MEL,2,MEL,manual,57-70 days,NIL,NIL,1,0,0,0
8/3/2026,MEL-SIN,2026-05-06,199.9863575,59,6,Sunday,True,MEL,2,MEL,manual,57-70 days,NIL,NIL,1,0,0,0
9/3/2026,MEL-SIN,2026-05-06,199.8147158,58,0,Monday,False,MEL,2,MEL,manual,57-70 days,NIL,NIL,1,0,0,0
10/3/2026,MEL-SIN,2026-05-06,192.1237261,57,1,Tuesday,False,MEL,2,MEL,manual,57-70 days,NIL,NIL,1,0,0,0
11/3/2026,MEL-SIN,2026-05-06,202.0002376,56,2,Wednesday,False,MEL,2,MEL,manual,43-56 days,NIL,NIL,1,0,0,0
12/3/2026,MEL-SIN,2026-05-06,210.3027817,55,3,Thursday,False,MEL,2,MEL,manual,43-56 days,NIL,NIL,1,0,0,0
13/3/2026,MEL-SIN,2026-05-06,249.0357008,54,4,Friday,True,MEL,2,MEL,manual,43-56 days,NIL,NIL,1,0,0,0
14/3/2026,MEL-SIN,2026-05-06,364.1525983,53,5,Saturday,True,MEL,2,MEL,manual,43-56 days,NIL,NIL,1,0,0,0
15/3/2026,MEL-SIN,2026-05-06,385.2433734,52,6,Sunday,True,MEL,2,MEL,manual,43-56 days,NIL,NIL,1,0,0,0
16/3/2026,MEL-SIN,2026-05-06,384.3556033,51,0,Monday,False,MEL,2,MEL,manual,43-56 days,NIL,NIL,1,0,0,0
17/3/2026,MEL-SIN,2026-05-06,383.4678333,50,1,Tuesday,False,MEL,2,MEL,manual,43-56 days,NIL,NIL,1,0,0,0
18/3/2026,MEL-SIN,2026-05-06,377.3284551,49,2,Wednesday,False,MEL,2,MEL,manual,43-56 days,NIL,NIL,1,0,0,0
19/3/2026,MEL-SIN,2026-05-06,376.6793945,48,3,Thursday,False,MEL,2,MEL,manual,43-56 days,NIL,NIL,1,0,0,0
20/3/2026,MEL-SIN,2026-05-06,376.7688181,47,4,Friday,True,MEL,2,MEL,manual,43-56 days,NIL,NIL,1,0,0,0
21/3/2026,MEL-SIN,2026-05-06,348.2741698,46,5,Saturday,True,MEL,2,MEL,manual,43-56 days,NIL,NIL,1,0,0,0
22/3/2026,MEL-SIN,2026-05-06,271.8585977,45,6,Sunday,True,MEL,2,MEL,manual,43-56 days,NIL,NIL,1,0,0,0
23/3/2026,MEL-SIN,2026-05-06,259.751483,44,0,Monday,False,MEL,2,MEL,manual,43-56 days,NIL,NIL,1,0,0,0
24/3/2026,MEL-SIN,2026-05-06,257.3121015,43,1,Tuesday,False,MEL,2,MEL,manual,43-56 days,NIL,NIL,1,0,0,0
25/3/2026,MEL-SIN,2026-05-06,253.7015285,42,2,Wednesday,False,MEL,2,MEL,manual,29-42 days,NIL,NIL,1,0,0,0
26/3/2026,MEL-SIN,2026-05-06,253.7685962,41,3,Thursday,False,MEL,2,MEL,manual,29-42 days,NIL,NIL,1,0,0,0
27/3/2026,MEL-SIN,2026-05-06,254.5517924,40,4,Friday,True,MEL,2,MEL,manual,29-42 days,NIL,NIL,1,0,0,0
28/3/2026,MEL-SIN,2026-05-06,257.2446641,39,5,Saturday,True,MEL,2,MEL,manual,29-42 days,NIL,NIL,1,0,0,0
29/3/2026,MEL-SIN,2026-05-06,273.7826846,38,6,Sunday,True,MEL,2,MEL,manual,29-42 days,NIL,NIL,1,0,0,0
30/3/2026,MEL-SIN,2026-05-06,295.0948941,37,0,Monday,False,MEL,2,MEL,manual,29-42 days,NIL,NIL,1,0,0,0
31/3/2026,MEL-SIN,2026-05-06,298.7426038,36,1,Tuesday,False,MEL,2,MEL,manual,29-42 days,NIL,NIL,1,0,0,0
1/4/2026,MEL-SIN,2026-05-06,298.8320274,35,2,Wednesday,False,MEL,2,MEL,manual,29-42 days,NIL,NIL,1,0,0,0
2/4/2026,MEL-SIN,2026-05-06,298.8990952,34,3,Thursday,False,MEL,2,MEL,manual,29-42 days,NIL,NIL,1,0,0,0
3/4/2026,MEL-SIN,2026-05-06,298.9661629,33,4,Friday,True,MEL,2,MEL,manual,29-42 days,NIL,NIL,1,0,0,0
4/4/2026,MEL-SIN,2026-05-06,299.0332307,32,5,Saturday,True,MEL,2,MEL,manual,29-42 days,NIL,NIL,1,0,0,0
5/4/2026,MEL-SIN,2026-05-06,299.1002984,31,6,Sunday,True,MEL,2,MEL,manual,29-42 days,NIL,NIL,1,0,0,0
6/4/2026,MEL-SIN,2026-05-06,299.1673662,30,0,Monday,False,MEL,2,MEL,manual,29-42 days,NIL,NIL,1,0,0,0
7/4/2026,MEL-SIN,2026-05-06,299.2344339,29,1,Tuesday,False,MEL,2,MEL,manual,29-42 days,NIL,NIL,1,0,0,0
8/4/2026,MEL-SIN,2026-05-06,303.8369814,28,2,Wednesday,False,MEL,2,MEL,manual,15-28 days,NIL,NIL,1,0,0,0
9/4/2026,MEL-SIN,2026-05-06,307.2459816,27,3,Thursday,False,MEL,2,MEL,manual,15-28 days,NIL,NIL,1,0,0,0
10/4/2026,MEL-SIN,2026-05-06,307.3354053,26,4,Friday,True,MEL,2,MEL,manual,15-28 days,NIL,NIL,1,0,0,0
11/4/2026,MEL-SIN,2026-05-06,307.402473,25,5,Saturday,True,MEL,2,MEL,manual,15-28 days,NIL,NIL,1,0,0,0
12/4/2026,MEL-SIN,2026-05-06,307.4695408,24,6,Sunday,True,MEL,2,MEL,manual,15-28 days,NIL,NIL,1,0,0,0
13/4/2026,MEL-SIN,2026-05-06,307.5366085,23,0,Monday,False,MEL,2,MEL,manual,15-28 days,NIL,NIL,1,0,0,0
14/4/2026,MEL-SIN,2026-05-06,307.9617404,22,1,Tuesday,False,MEL,2,MEL,manual,15-28 days,NIL,NIL,1,0,0,0
15/4/2026,MEL-SIN,2026-05-06,311.7288048,21,2,Wednesday,False,MEL,2,MEL,manual,15-28 days,NIL,NIL,1,0,0,0
16/4/2026,MEL-SIN,2026-05-06,315.6152239,20,3,Thursday,False,MEL,2,MEL,manual,15-28 days,NIL,NIL,1,0,0,0
17/4/2026,MEL-SIN,2026-05-06,315.7046476,19,4,Friday,True,MEL,2,MEL,manual,15-28 days,NIL,NIL,1,0,0,0
18/4/2026,MEL-SIN,2026-05-06,315.7717153,18,5,Saturday,True,MEL,2,MEL,manual,15-28 days,NIL,NIL,1,0,0,0
19/4/2026,MEL-SIN,2026-05-06,315.8387831,17,6,Sunday,True,MEL,2,MEL,manual,15-28 days,NIL,NIL,1,0,0,0
20/4/2026,MEL-SIN,2026-05-06,315.9058508,16,0,Monday,False,MEL,2,MEL,manual,15-28 days,NIL,NIL,1,0,0,0
21/4/2026,MEL-SIN,2026-05-06,315.9729186,15,1,Tuesday,False,MEL,2,MEL,manual,15-28 days,NIL,NIL,1,0,0,0
22/4/2026,MEL-SIN,2026-05-06,316.2786958,14,2,Wednesday,False,MEL,2,MEL,manual,1-14 days,NIL,NIL,1,0,0,0
23/4/2026,MEL-SIN,2026-05-06,361.9392702,13,3,Thursday,False,MEL,2,MEL,manual,1-14 days,NIL,NIL,1,0,0,0
24/4/2026,MEL-SIN,2026-05-06,394.9482432,12,4,Friday,True,MEL,2,MEL,manual,1-14 days,NIL,NIL,1,0,0,0
25/4/2026,MEL-SIN,2026-05-06,395.0153109,11,5,Saturday,True,MEL,2,MEL,manual,1-14 days,NIL,NIL,1,0,0,0
26/4/2026,MEL-SIN,2026-05-06,401.9079542,10,6,Sunday,True,MEL,2,MEL,manual,1-14 days,NIL,NIL,1,0,0,0
27/4/2026,MEL-SIN,2026-05-06,440.0738645,9,0,Monday,False,MEL,2,MEL,manual,1-14 days,NIL,NIL,1,0,0,0
28/4/2026,MEL-SIN,2026-05-06,453.0065591,8,1,Tuesday,False,MEL,2,MEL,manual,1-14 days,NIL,NIL,1,0,0,0
29/4/2026,MEL-SIN,2026-05-06,453.0736269,7,2,Wednesday,False,MEL,2,MEL,manual,1-14 days,NIL,NIL,1,0,0,0
30/4/2026,MEL-SIN,2026-05-06,458.9890764,6,3,Thursday,False,MEL,2,MEL,manual,1-14 days,NIL,NIL,1,0,0,0
1/5/2026,MEL-SIN,2026-05-06,491.7172969,5,4,Friday,True,MEL,2,MEL,manual,1-14 days,NIL,NIL,1,0,0,0
2/5/2026,MEL-SIN,2026-05-06,511.2812286,4,5,Saturday,True,MEL,2,MEL,manual,1-14 days,NIL,NIL,1,0,0,0
3/5/2026,MEL-SIN,2026-05-06,513.7353909,3,6,Sunday,True,MEL,2,MEL,manual,1-14 days,NIL,NIL,1,0,0,0
4/5/2026,MEL-SIN,2026-05-06,513.8398108,2,0,Monday,False,MEL,2,MEL,manual,1-14 days,NIL,NIL,1,0,0,0
5/5/2026,MEL-SIN,2026-05-06,840.7814344,1,1,Tuesday,False,MEL,2,MEL,manual,1-14 days,NIL,NIL,1,0,0,0
6/3/2026,SIN-NRT,2026-05-06,633.3251527,61,4,Friday,True,SIN,1,NRT,manual,57-70 days,NIL,NIL,1,0,1,0
7/3/2026,SIN-NRT,2026-05-06,633.3251527,60,5,Saturday,True,SIN,1,NRT,manual,57-70 days,NIL,NIL,1,0,1,0
8/3/2026,SIN-NRT,2026-05-06,633.6144558,59,6,Sunday,True,SIN,1,NRT,manual,57-70 days,NIL,NIL,1,0,1,0
9/3/2026,SIN-NRT,2026-05-06,635.2056227,58,0,Monday,False,SIN,1,NRT,manual,57-70 days,NIL,NIL,1,0,1,0
10/3/2026,SIN-NRT,2026-05-06,635.6395773,57,1,Tuesday,False,SIN,1,NRT,manual,57-70 days,NIL,NIL,1,0,1,0
11/3/2026,SIN-NRT,2026-05-06,633.9037589,56,2,Wednesday,False,SIN,1,NRT,manual,43-56 days,NIL,NIL,1,0,1,0
12/3/2026,SIN-NRT,2026-05-06,634.1207362,55,3,Thursday,False,SIN,1,NRT,manual,43-56 days,NIL,NIL,1,0,1,0
13/3/2026,SIN-NRT,2026-05-06,654.5455325,54,4,Friday,True,SIN,1,NRT,manual,43-56 days,NIL,NIL,1,0,1,0
14/3/2026,SIN-NRT,2026-05-06,661.8070395,53,5,Saturday,True,SIN,1,NRT,manual,43-56 days,NIL,NIL,1,0,1,0
15/3/2026,SIN-NRT,2026-05-06,610.4355545,52,6,Sunday,True,SIN,1,NRT,manual,43-56 days,NIL,NIL,1,0,1,0
16/3/2026,SIN-NRT,2026-05-06,550.1505217,51,0,Monday,False,SIN,1,NRT,manual,43-56 days,NIL,NIL,1,0,1,0
17/3/2026,SIN-NRT,2026-05-06,569.2445239,50,1,Tuesday,False,SIN,1,NRT,manual,43-56 days,NIL,NIL,1,0,1,0
18/3/2026,SIN-NRT,2026-05-06,581.6122299,49,2,Wednesday,False,SIN,1,NRT,manual,43-56 days,NIL,NIL,1,0,1,0
19/3/2026,SIN-NRT,2026-05-06,581.6122299,48,3,Thursday,False,SIN,1,NRT,manual,43-56 days,NIL,NIL,1,0,1,0
20/3/2026,SIN-NRT,2026-05-06,581.6122299,47,4,Friday,True,SIN,1,NRT,manual,43-56 days,NIL,NIL,1,0,1,0
21/3/2026,SIN-NRT,2026-05-06,581.6122299,46,5,Saturday,True,SIN,1,NRT,manual,43-56 days,NIL,NIL,1,0,1,0
22/3/2026,SIN-NRT,2026-05-06,581.6122299,45,6,Sunday,True,SIN,1,NRT,manual,43-56 days,NIL,NIL,1,0,1,0
23/3/2026,SIN-NRT,2026-05-06,581.6122299,44,0,Monday,False,SIN,1,NRT,manual,43-56 days,NIL,NIL,1,0,1,0
24/3/2026,SIN-NRT,2026-05-06,581.6122299,43,1,Tuesday,False,SIN,1,NRT,manual,43-56 days,NIL,NIL,1,0,1,0
25/3/2026,SIN-NRT,2026-05-06,581.6122299,42,2,Wednesday,False,SIN,1,NRT,manual,29-42 days,NIL,NIL,1,0,1,0
26/3/2026,SIN-NRT,2026-05-06,581.6122299,41,3,Thursday,False,SIN,1,NRT,manual,29-42 days,NIL,NIL,1,0,1,0
27/3/2026,SIN-NRT,2026-05-06,581.6122299,40,4,Friday,True,SIN,1,NRT,manual,29-42 days,NIL,NIL,1,0,1,0
28/3/2026,SIN-NRT,2026-05-06,581.6122299,39,5,Saturday,True,SIN,1,NRT,manual,29-42 days,NIL,NIL,1,0,1,0
29/3/2026,SIN-NRT,2026-05-06,581.6122299,38,6,Sunday,True,SIN,1,NRT,manual,29-42 days,NIL,NIL,1,0,1,0
30/3/2026,SIN-NRT,2026-05-06,581.6122299,37,0,Monday,False,SIN,1,NRT,manual,29-42 days,NIL,NIL,1,0,1,0
31/3/2026,SIN-NRT,2026-05-06,581.6122299,36,1,Tuesday,False,SIN,1,NRT,manual,29-42 days,NIL,NIL,1,0,1,0
1/4/2026,SIN-NRT,2026-05-06,581.6122299,35,2,Wednesday,False,SIN,1,NRT,manual,29-42 days,NIL,NIL,1,0,1,0
2/4/2026,SIN-NRT,2026-05-06,581.6122299,34,3,Thursday,False,SIN,1,NRT,manual,29-42 days,NIL,NIL,1,0,1,0
3/4/2026,SIN-NRT,2026-05-06,581.6122299,33,4,Friday,True,SIN,1,NRT,manual,29-42 days,NIL,NIL,1,0,1,0
4/4/2026,SIN-NRT,2026-05-06,581.6122299,32,5,Saturday,True,SIN,1,NRT,manual,29-42 days,NIL,NIL,1,0,1,0
5/4/2026,SIN-NRT,2026-05-06,599.3682055,31,6,Sunday,True,SIN,1,NRT,manual,29-42 days,NIL,NIL,1,0,1,0
6/4/2026,SIN-NRT,2026-05-06,643.9841626,30,0,Monday,False,SIN,1,NRT,manual,29-42 days,NIL,NIL,1,0,1,0
7/4/2026,SIN-NRT,2026-05-06,644.1366493,29,1,Tuesday,False,SIN,1,NRT,manual,29-42 days,NIL,NIL,1,0,1,0
8/4/2026,SIN-NRT,2026-05-06,601.7802699,28,2,Wednesday,False,SIN,1,NRT,manual,15-28 days,NIL,NIL,1,0,1,0
9/4/2026,SIN-NRT,2026-05-06,633.9390177,27,3,Thursday,False,SIN,1,NRT,manual,15-28 days,NIL,NIL,1,0,1,0
10/4/2026,SIN-NRT,2026-05-06,657.1926556,26,4,Friday,True,SIN,1,NRT,manual,15-28 days,NIL,NIL,1,0,1,0
11/4/2026,SIN-NRT,2026-05-06,657.5542844,25,5,Saturday,True,SIN,1,NRT,manual,15-28 days,NIL,NIL,1,0,1,0
12/4/2026,SIN-NRT,2026-05-06,657.988239,24,6,Sunday,True,SIN,1,NRT,manual,15-28 days,NIL,NIL,1,0,1,0
13/4/2026,SIN-NRT,2026-05-06,657.988239,23,0,Monday,False,SIN,1,NRT,manual,15-28 days,NIL,NIL,1,0,1,0
14/4/2026,SIN-NRT,2026-05-06,658.4221936,22,1,Tuesday,False,SIN,1,NRT,manual,15-28 days,NIL,NIL,1,0,1,0
15/4/2026,SIN-NRT,2026-05-06,661.8215046,21,2,Wednesday,False,SIN,1,NRT,manual,15-28 days,NIL,NIL,1,0,1,0
16/4/2026,SIN-NRT,2026-05-06,663.557323,20,3,Thursday,False,SIN,1,NRT,manual,15-28 days,NIL,NIL,1,0,1,0
17/4/2026,SIN-NRT,2026-05-06,663.557323,19,4,Friday,True,SIN,1,NRT,manual,15-28 days,NIL,NIL,1,0,1,0
18/4/2026,SIN-NRT,2026-05-06,663.557323,18,5,Saturday,True,SIN,1,NRT,manual,15-28 days,NIL,NIL,1,0,1,0
19/4/2026,SIN-NRT,2026-05-06,662.7617396,17,6,Sunday,True,SIN,1,NRT,manual,15-28 days,NIL,NIL,1,0,1,0
20/4/2026,SIN-NRT,2026-05-06,662.7617396,16,0,Monday,False,SIN,1,NRT,manual,15-28 days,NIL,NIL,1,0,1,0
21/4/2026,SIN-NRT,2026-05-06,662.7617396,15,1,Tuesday,False,SIN,1,NRT,manual,15-28 days,NIL,NIL,1,0,1,0
22/4/2026,SIN-NRT,2026-05-06,662.7617396,14,2,Wednesday,False,SIN,1,NRT,manual,1-14 days,NIL,NIL,1,0,1,0
23/4/2026,SIN-NRT,2026-05-06,662.7617396,13,3,Thursday,False,SIN,1,NRT,manual,1-14 days,NIL,NIL,1,0,1,0
24/4/2026,SIN-NRT,2026-05-06,662.7617396,12,4,Friday,True,SIN,1,NRT,manual,1-14 days,NIL,NIL,1,0,1,0
25/4/2026,SIN-NRT,2026-05-06,662.4362737,11,5,Saturday,True,SIN,1,NRT,manual,1-14 days,NIL,NIL,1,0,1,0
26/4/2026,SIN-NRT,2026-05-06,634.7925622,10,6,Sunday,True,SIN,1,NRT,manual,1-14 days,NIL,NIL,1,0,1,0
27/4/2026,SIN-NRT,2026-05-06,591.8885159,9,0,Monday,False,SIN,1,NRT,manual,1-14 days,NIL,NIL,1,0,1,0
28/4/2026,SIN-NRT,2026-05-06,587.9768973,8,1,Tuesday,False,SIN,1,NRT,manual,1-14 days,NIL,NIL,1,0,1,0
29/4/2026,SIN-NRT,2026-05-06,587.9768973,7,2,Wednesday,False,SIN,1,NRT,manual,1-14 days,NIL,NIL,1,0,1,0
30/4/2026,SIN-NRT,2026-05-06,578.6468735,6,3,Thursday,False,SIN,1,NRT,manual,1-14 days,NIL,NIL,1,0,1,0
1/5/2026,SIN-NRT,2026-05-06,533.6562288,5,4,Friday,True,SIN,1,NRT,manual,1-14 days,NIL,NIL,1,0,1,0
2/5/2026,SIN-NRT,2026-05-06,480.2195419,4,5,Saturday,True,SIN,1,NRT,manual,1-14 days,NIL,NIL,1,0,1,0
3/5/2026,SIN-NRT,2026-05-06,437.9310683,3,6,Sunday,True,SIN,1,NRT,manual,1-14 days,NIL,NIL,1,0,1,0
4/5/2026,SIN-NRT,2026-05-06,442.8371661,2,0,Monday,False,SIN,1,NRT,manual,1-14 days,NIL,NIL,1,0,1,0
5/5/2026,SIN-NRT,2026-05-06,500.7283883,1,1,Tuesday,False,SIN,1,NRT,manual,1-14 days,NIL,NIL,1,0,1,0
6/3/2026,NRT-SIN,2026-05-06,177.8737215,61,4,Friday,True,NRT,2,NRT,manual,57-70 days,NIL,NIL,1,0,1,0
7/3/2026,NRT-SIN,2026-05-06,177.8772589,60,5,Saturday,True,NRT,2,NRT,manual,57-70 days,NIL,NIL,1,0,1,0
8/3/2026,NRT-SIN,2026-05-06,177.8058539,59,6,Sunday,True,NRT,2,NRT,manual,57-70 days,NIL,NIL,1,0,1,0
9/3/2026,NRT-SIN,2026-05-06,177.0824057,58,0,Monday,False,NRT,2,NRT,manual,57-70 days,NIL,NIL,1,0,1,0
10/3/2026,NRT-SIN,2026-05-06,177.8260549,57,1,Tuesday,False,NRT,2,NRT,manual,57-70 days,NIL,NIL,1,0,1,0
11/3/2026,NRT-SIN,2026-05-06,179.6454263,56,2,Wednesday,False,NRT,2,NRT,manual,43-56 days,NIL,NIL,1,0,1,0
12/3/2026,NRT-SIN,2026-05-06,178.7877339,55,3,Thursday,False,NRT,2,NRT,manual,43-56 days,NIL,NIL,1,0,1,0
13/3/2026,NRT-SIN,2026-05-06,176.3287,54,4,Friday,True,NRT,2,NRT,manual,43-56 days,NIL,NIL,1,0,1,0
14/3/2026,NRT-SIN,2026-05-06,175.8066181,53,5,Saturday,True,NRT,2,NRT,manual,43-56 days,NIL,NIL,1,0,1,0
15/3/2026,NRT-SIN,2026-05-06,178.5933181,52,6,Sunday,True,NRT,2,NRT,manual,43-56 days,NIL,NIL,1,0,1,0
16/3/2026,NRT-SIN,2026-05-06,188.8683272,51,0,Monday,False,NRT,2,NRT,manual,43-56 days,NIL,NIL,1,0,1,0
17/3/2026,NRT-SIN,2026-05-06,191.224193,50,1,Tuesday,False,NRT,2,NRT,manual,43-56 days,NIL,NIL,1,0,1,0
18/3/2026,NRT-SIN,2026-05-06,191.229499,49,2,Wednesday,False,NRT,2,NRT,manual,43-56 days,NIL,NIL,1,0,1,0
19/3/2026,NRT-SIN,2026-05-06,191.234805,48,3,Thursday,False,NRT,2,NRT,manual,43-56 days,NIL,NIL,1,0,1,0
20/3/2026,NRT-SIN,2026-05-06,191.2976443,47,4,Friday,True,NRT,2,NRT,manual,43-56 days,NIL,NIL,1,0,1,0
21/3/2026,NRT-SIN,2026-05-06,197.6151489,46,5,Saturday,True,NRT,2,NRT,manual,43-56 days,NIL,NIL,1,0,1,0
22/3/2026,NRT-SIN,2026-05-06,218.9346522,45,6,Sunday,True,NRT,2,NRT,manual,43-56 days,NIL,NIL,1,0,1,0
23/3/2026,NRT-SIN,2026-05-06,230.7059319,44,0,Monday,False,NRT,2,NRT,manual,43-56 days,NIL,NIL,1,0,1,0
24/3/2026,NRT-SIN,2026-05-06,230.7112379,43,1,Tuesday,False,NRT,2,NRT,manual,43-56 days,NIL,NIL,1,0,1,0
25/3/2026,NRT-SIN,2026-05-06,224.6003979,42,2,Wednesday,False,NRT,2,NRT,manual,29-42 days,NIL,NIL,1,0,1,0
26/3/2026,NRT-SIN,2026-05-06,201.8904751,41,3,Thursday,False,NRT,2,NRT,manual,29-42 days,NIL,NIL,1,0,1,0
27/3/2026,NRT-SIN,2026-05-06,191.3167343,40,4,Friday,True,NRT,2,NRT,manual,29-42 days,NIL,NIL,1,0,1,0
28/3/2026,NRT-SIN,2026-05-06,191.5809399,39,5,Saturday,True,NRT,2,NRT,manual,29-42 days,NIL,NIL,1,0,1,0
29/3/2026,NRT-SIN,2026-05-06,191.7126699,38,6,Sunday,True,NRT,2,NRT,manual,29-42 days,NIL,NIL,1,0,1,0
30/3/2026,NRT-SIN,2026-05-06,191.717976,37,0,Monday,False,NRT,2,NRT,manual,29-42 days,NIL,NIL,1,0,1,0
31/3/2026,NRT-SIN,2026-05-06,192.1356035,36,1,Tuesday,False,NRT,2,NRT,manual,29-42 days,NIL,NIL,1,0,1,0
1/4/2026,NRT-SIN,2026-05-06,192.7833639,35,2,Wednesday,False,NRT,2,NRT,manual,29-42 days,NIL,NIL,1,0,1,0
2/4/2026,NRT-SIN,2026-05-06,198.0679654,34,3,Thursday,False,NRT,2,NRT,manual,29-42 days,NIL,NIL,1,0,1,0
3/4/2026,NRT-SIN,2026-05-06,222.2914693,33,4,Friday,True,NRT,2,NRT,manual,29-42 days,NIL,NIL,1,0,1,0
4/4/2026,NRT-SIN,2026-05-06,231.0216484,32,5,Saturday,True,NRT,2,NRT,manual,29-42 days,NIL,NIL,1,0,1,0
5/4/2026,NRT-SIN,2026-05-06,231.6118756,31,6,Sunday,True,NRT,2,NRT,manual,29-42 days,NIL,NIL,1,0,1,0
6/4/2026,NRT-SIN,2026-05-06,228.7693641,30,0,Monday,False,NRT,2,NRT,manual,29-42 days,NIL,NIL,1,0,1,0
7/4/2026,NRT-SIN,2026-05-06,215.167464,29,1,Tuesday,False,NRT,2,NRT,manual,29-42 days,NIL,NIL,1,0,1,0
8/4/2026,NRT-SIN,2026-05-06,196.61991,28,2,Wednesday,False,NRT,2,NRT,manual,15-28 days,NIL,NIL,1,0,1,0
9/4/2026,NRT-SIN,2026-05-06,191.5623322,27,3,Thursday,False,NRT,2,NRT,manual,15-28 days,NIL,NIL,1,0,1,0
10/4/2026,NRT-SIN,2026-05-06,191.366272,26,4,Friday,True,NRT,2,NRT,manual,15-28 days,NIL,NIL,1,0,1,0
11/4/2026,NRT-SIN,2026-05-06,194.2878008,25,5,Saturday,True,NRT,2,NRT,manual,15-28 days,NIL,NIL,1,0,1,0
12/4/2026,NRT-SIN,2026-05-06,210.5572326,24,6,Sunday,True,NRT,2,NRT,manual,15-28 days,NIL,NIL,1,0,1,0
13/4/2026,NRT-SIN,2026-05-06,217.5326499,23,0,Monday,False,NRT,2,NRT,manual,15-28 days,NIL,NIL,1,0,1,0
14/4/2026,NRT-SIN,2026-05-06,217.3365897,22,1,Tuesday,False,NRT,2,NRT,manual,15-28 days,NIL,NIL,1,0,1,0
15/4/2026,NRT-SIN,2026-05-06,217.7542171,21,2,Wednesday,False,NRT,2,NRT,manual,15-28 days,NIL,NIL,1,0,1,0
16/4/2026,NRT-SIN,2026-05-06,220.0896189,20,3,Thursday,False,NRT,2,NRT,manual,15-28 days,NIL,NIL,1,0,1,0
17/4/2026,NRT-SIN,2026-05-06,220.7007925,19,4,Friday,True,NRT,2,NRT,manual,15-28 days,NIL,NIL,1,0,1,0
18/4/2026,NRT-SIN,2026-05-06,220.0348775,18,5,Saturday,True,NRT,2,NRT,manual,15-28 days,NIL,NIL,1,0,1,0
19/4/2026,NRT-SIN,2026-05-06,219.6905532,17,6,Sunday,True,NRT,2,NRT,manual,15-28 days,NIL,NIL,1,0,1,0
20/4/2026,NRT-SIN,2026-05-06,212.2809767,16,0,Monday,False,NRT,2,NRT,manual,15-28 days,NIL,NIL,1,0,1,0
21/4/2026,NRT-SIN,2026-05-06,217.5555283,15,1,Tuesday,False,NRT,2,NRT,manual,15-28 days,NIL,NIL,1,0,1,0
22/4/2026,NRT-SIN,2026-05-06,220.1911499,14,2,Wednesday,False,NRT,2,NRT,manual,1-14 days,NIL,NIL,1,0,1,0
23/4/2026,NRT-SIN,2026-05-06,220.8101436,13,3,Thursday,False,NRT,2,NRT,manual,1-14 days,NIL,NIL,1,0,1,0
24/4/2026,NRT-SIN,2026-05-06,220.9688716,12,4,Friday,True,NRT,2,NRT,manual,1-14 days,NIL,NIL,1,0,1,0
25/4/2026,NRT-SIN,2026-05-06,220.9741776,11,5,Saturday,True,NRT,2,NRT,manual,1-14 days,NIL,NIL,1,0,1,0
26/4/2026,NRT-SIN,2026-05-06,221.0370169,10,6,Sunday,True,NRT,2,NRT,manual,1-14 days,NIL,NIL,1,0,1,0
27/4/2026,NRT-SIN,2026-05-06,221.6769572,9,0,Monday,False,NRT,2,NRT,manual,1-14 days,NIL,NIL,1,0,1,0
28/4/2026,NRT-SIN,2026-05-06,221.0685754,8,1,Tuesday,False,NRT,2,NRT,manual,1-14 days,NIL,NIL,1,0,1,0
29/4/2026,NRT-SIN,2026-05-06,220.9971705,7,2,Wednesday,False,NRT,2,NRT,manual,1-14 days,NIL,NIL,1,0,1,0
30/4/2026,NRT-SIN,2026-05-06,214.1773676,6,3,Thursday,False,NRT,2,NRT,manual,1-14 days,NIL,NIL,1,0,1,0
1/5/2026,NRT-SIN,2026-05-06,197.5857115,5,4,Friday,True,NRT,2,NRT,manual,1-14 days,NIL,NIL,1,0,1,0
2/5/2026,NRT-SIN,2026-05-06,191.2506793,4,5,Saturday,True,NRT,2,NRT,manual,1-14 days,NIL,NIL,1,0,1,0
3/5/2026,NRT-SIN,2026-05-06,190.5847643,3,6,Sunday,True,NRT,2,NRT,manual,1-14 days,NIL,NIL,1,0,1,0
4/5/2026,NRT-SIN,2026-05-06,191.1845804,2,0,Monday,False,NRT,2,NRT,manual,1-14 days,NIL,NIL,1,0,1,0
5/5/2026,NRT-SIN,2026-05-06,190.8029487,1,1,Tuesday,False,NRT,2,NRT,manual,1-14 days,NIL,NIL,1,0,1,0
23/5/2026,SIN-BKK,2026-05-30,243.0,7,5,Saturday,True,SIN,1,BKK,api,1-14 days,Scoot,TR,1,1,1,0
23/5/2026,SIN-BKK,2026-05-30,276.0,7,5,Saturday,True,SIN,1,BKK,api,1-14 days,Scoot,TR,1,1,1,0
23/5/2026,SIN-BKK,2026-05-30,278.0,7,5,Saturday,True,SIN,1,BKK,api,1-14 days,THAI,TG,0,1,1,0
23/5/2026,SIN-BKK,2026-05-30,337.0,7,5,Saturday,True,SIN,1,BKK,api,1-14 days,Scoot,TR,1,1,1,0
23/5/2026,SIN-BKK,2026-05-30,449.0,7,5,Saturday,True,SIN,1,BKK,api,1-14 days,THAI,TG,0,1,1,0
23/5/2026,SIN-BKK,2026-05-30,533.0,7,5,Saturday,True,SIN,1,BKK,api,1-14 days,THAI,TG,0,1,1,0
23/5/2026,SIN-BKK,2026-05-30,611.0,7,5,Saturday,True,SIN,1,BKK,api,1-14 days,Singapore Airlines,SQ,0,1,1,0
23/5/2026,SIN-BKK,2026-05-30,870.0,7,5,Saturday,True,SIN,1,BKK,api,1-14 days,Singapore Airlines,SQ,0,1,1,0
23/5/2026,BKK-SIN,2026-05-30,297.0,7,5,Saturday,True,BKK,2,BKK,api,1-14 days,Scoot,TR,1,1,1,0
23/5/2026,BKK-SIN,2026-05-30,347.0,7,5,Saturday,True,BKK,2,BKK,api,1-14 days,Scoot,TR,1,1,1,0
23/5/2026,BKK-SIN,2026-05-30,430.0,7,5,Saturday,True,BKK,2,BKK,api,1-14 days,THAI,TG,0,1,1,0
23/5/2026,BKK-SIN,2026-05-30,465.0,7,5,Saturday,True,BKK,2,BKK,api,1-14 days,Scoot,TR,1,1,1,0
23/5/2026,BKK-SIN,2026-05-30,522.0,7,5,Saturday,True,BKK,2,BKK,api,1-14 days,THAI,TG,0,1,1,0
23/5/2026,BKK-SIN,2026-05-30,580.0,7,5,Saturday,True,BKK,2,BKK,api,1-14 days,THAI,TG,0,1,1,0
23/5/2026,BKK-SIN,2026-05-30,585.0,7,5,Saturday,True,BKK,2,BKK,api,1-14 days,Singapore Airlines,SQ,0,1,1,0
23/5/2026,BKK-SIN,2026-05-30,617.0,7,5,Saturday,True,BKK,2,BKK,api,1-14 days,Singapore Airlines,SQ,0,1,1,0
23/5/2026,BKK-SIN,2026-05-30,724.0,7,5,Saturday,True,BKK,2,BKK,api,1-14 days,Singapore Airlines,SQ,0,1,1,0
23/5/2026,BKK-SIN,2026-05-30,726.0,7,5,Saturday,True,BKK,2,BKK,api,1-14 days,Singapore Airlines,SQ,0,1,1,0
23/5/2026,SIN-NRT,2026-05-30,363.0,7,5,Saturday,True,SIN,1,NRT,api,1-14 days,Scoot,TR,1,1,0,0
23/5/2026,SIN-NRT,2026-05-30,666.0,7,5,Saturday,True,SIN,1,NRT,api,1-14 days,ZIPAIR Tokyo,ZG,1,1,0,0
23/5/2026,SIN-NRT,2026-05-30,923.0,7,5,Saturday,True,SIN,1,NRT,api,1-14 days,ANA,NH,0,1,0,0
23/5/2026,SIN-NRT,2026-05-30,1210.0,7,5,Saturday,True,SIN,1,NRT,api,1-14 days,JAL,JL,0,1,0,0
23/5/2026,SIN-NRT,2026-05-30,1376.0,7,5,Saturday,True,SIN,1,NRT,api,1-14 days,Singapore Airlines,SQ,0,1,0,0
23/5/2026,SIN-NRT,2026-05-30,1561.0,7,5,Saturday,True,SIN,1,NRT,api,1-14 days,Singapore Airlines,SQ,0,1,0,0
23/5/2026,NRT-SIN,2026-05-30,570.0,7,5,Saturday,True,NRT,2,NRT,api,1-14 days,Scoot,TR,1,1,0,0
23/5/2026,NRT-SIN,2026-05-30,1955.0,7,5,Saturday,True,NRT,2,NRT,api,1-14 days,Singapore Airlines,SQ,0,1,0,0
23/5/2026,NRT-SIN,2026-05-30,2079.0,7,5,Saturday,True,NRT,2,NRT,api,1-14 days,JAL,JL,0,1,0,0
23/5/2026,NRT-SIN,2026-05-30,2735.0,7,5,Saturday,True,NRT,2,NRT,api,1-14 days,ANA,NH,0,1,0,0
23/5/2026,SIN-LHR,2026-05-30,2226.0,7,5,Saturday,True,SIN,1,LHR,api,1-14 days,Singapore Airlines,SQ,0,1,0,0
23/5/2026,SIN-LHR,2026-05-30,2245.0,7,5,Saturday,True,SIN,1,LHR,api,1-14 days,Singapore Airlines,SQ,0,1,0,0
23/5/2026,SIN-LHR,2026-05-30,2646.0,7,5,Saturday,True,SIN,1,LHR,api,1-14 days,British Airways,BA,0,1,0,0
23/5/2026,SIN-LHR,2026-05-30,3039.0,7,5,Saturday,True,SIN,1,LHR,api,1-14 days,Qantas,QF,0,1,0,0
23/5/2026,SIN-LHR,2026-05-30,3066.0,7,5,Saturday,True,SIN,1,LHR,api,1-14 days,Singapore Airlines,SQ,0,1,0,0
23/5/2026,SIN-LHR,2026-05-30,3388.0,7,5,Saturday,True,SIN,1,LHR,api,1-14 days,British Airways,BA,0,1,0,0
23/5/2026,LHR-SIN,2026-05-30,1313.0,7,5,Saturday,True,LHR,2,LHR,api,1-14 days,British Airways,BA,0,1,0,0
23/5/2026,LHR-SIN,2026-05-30,1434.0,7,5,Saturday,True,LHR,2,LHR,api,1-14 days,Qantas,QF,0,1,0,0
23/5/2026,LHR-SIN,2026-05-30,1778.0,7,5,Saturday,True,LHR,2,LHR,api,1-14 days,Singapore Airlines,SQ,0,1,0,0
23/5/2026,SIN-MEL,2026-05-30,523.0,7,5,Saturday,True,SIN,1,MEL,api,1-14 days,Turkish Airlines,TK,0,1,0,0
23/5/2026,SIN-MEL,2026-05-30,589.0,7,5,Saturday,True,SIN,1,MEL,api,1-14 days,Jetstar,JQ,1,1,0,0
23/5/2026,SIN-MEL,2026-05-30,1019.0,7,5,Saturday,True,SIN,1,MEL,api,1-14 days,Qantas,QF,0,1,0,0
23/5/2026,SIN-MEL,2026-05-30,1043.0,7,5,Saturday,True,SIN,1,MEL,api,1-14 days,Qantas,QF,0,1,0,0
23/5/2026,SIN-MEL,2026-05-30,1300.0,7,5,Saturday,True,SIN,1,MEL,api,1-14 days,Scoot,TR,1,1,0,0
23/5/2026,SIN-MEL,2026-05-30,1317.0,7,5,Saturday,True,SIN,1,MEL,api,1-14 days,Singapore Airlines,SQ,0,1,0,0
23/5/2026,SIN-MEL,2026-05-30,1927.0,7,5,Saturday,True,SIN,1,MEL,api,1-14 days,Singapore Airlines,SQ,0,1,0,0
23/5/2026,SIN-MEL,2026-05-30,2467.0,7,5,Saturday,True,SIN,1,MEL,api,1-14 days,Singapore Airlines,SQ,0,1,0,0
23/5/2026,MEL-SIN,2026-05-30,398.0,7,5,Saturday,True,MEL,2,MEL,api,1-14 days,Scoot,TR,1,1,0,0
23/5/2026,MEL-SIN,2026-05-30,438.0,7,5,Saturday,True,MEL,2,MEL,api,1-14 days,Jetstar,JQ,1,1,0,0
23/5/2026,MEL-SIN,2026-05-30,512.0,7,5,Saturday,True,MEL,2,MEL,api,1-14 days,Scoot,TR,1,1,0,0
23/5/2026,MEL-SIN,2026-05-30,530.0,7,5,Saturday,True,MEL,2,MEL,api,1-14 days,Turkish Airlines,TK,0,1,0,0
23/5/2026,MEL-SIN,2026-05-30,753.0,7,5,Saturday,True,MEL,2,MEL,api,1-14 days,Singapore Airlines,SQ,0,1,0,0
23/5/2026,MEL-SIN,2026-05-30,831.0,7,5,Saturday,True,MEL,2,MEL,api,1-14 days,Singapore Airlines,SQ,0,1,0,0
23/5/2026,MEL-SIN,2026-05-30,848.0,7,5,Saturday,True,MEL,2,MEL,api,1-14 days,Qantas,QF,0,1,0,0
23/5/2026,MEL-SIN,2026-05-30,1136.0,7,5,Saturday,True,MEL,2,MEL,api,1-14 days,Singapore Airlines,SQ,0,1,0,0
21/5/2026,SIN-BKK,2026-06-30,138.0,40,1,Tuesday,False,SIN,1,BKK,api,29-42 days,Scoot,TR,1,0,0,1
21/5/2026,SIN-BKK,2026-06-30,166.0,40,1,Tuesday,False,SIN,1,BKK,api,29-42 days,Scoot,TR,1,0,0,1
21/5/2026,SIN-BKK,2026-06-30,278.0,40,1,Tuesday,False,SIN,1,BKK,api,29-42 days,THAI,TG,0,0,0,1
21/5/2026,SIN-BKK,2026-06-30,363.0,40,1,Tuesday,False,SIN,1,BKK,api,29-42 days,Singapore Airlines,SQ,0,0,0,1
21/5/2026,BKK-SIN,2026-06-30,188.0,40,1,Tuesday,False,BKK,2,BKK,api,29-42 days,Scoot,TR,1,0,0,1
21/5/2026,BKK-SIN,2026-06-30,217.0,40,1,Tuesday,False,BKK,2,BKK,api,29-42 days,Scoot,TR,1,0,0,1
21/5/2026,BKK-SIN,2026-06-30,255.0,40,1,Tuesday,False,BKK,2,BKK,api,29-42 days,Singapore Airlines,SQ,0,0,0,1
21/5/2026,BKK-SIN,2026-06-30,261.0,40,1,Tuesday,False,BKK,2,BKK,api,29-42 days,THAI,TG,0,0,0,1
21/5/2026,BKK-SIN,2026-06-30,261.0,40,1,Tuesday,False,BKK,2,BKK,api,29-42 days,Singapore Airlines,SQ,0,0,0,1
21/5/2026,BKK-SIN,2026-06-30,264.0,40,1,Tuesday,False,BKK,2,BKK,api,29-42 days,Singapore Airlines,SQ,0,0,0,1
21/5/2026,SIN-NRT,2026-06-30,263.0,40,1,Tuesday,False,SIN,1,NRT,api,29-42 days,Scoot,TR,1,0,0,1
21/5/2026,SIN-NRT,2026-06-30,786.0,40,1,Tuesday,False,SIN,1,NRT,api,29-42 days,ANA,NH,0,0,0,1
21/5/2026,SIN-NRT,2026-06-30,786.0,40,1,Tuesday,False,SIN,1,NRT,api,29-42 days,Singapore Airlines,SQ,0,0,0,1
21/5/2026,SIN-NRT,2026-06-30,1090.0,40,1,Tuesday,False,SIN,1,NRT,api,29-42 days,JAL,JL,0,0,0,1
21/5/2026,NRT-SIN,2026-06-30,231.0,40,1,Tuesday,False,NRT,2,NRT,api,29-42 days,ZIPAIR Tokyo,ZG,1,0,0,1
21/5/2026,NRT-SIN,2026-06-30,274.0,40,1,Tuesday,False,NRT,2,NRT,api,29-42 days,Scoot,TR,1,0,0,1
21/5/2026,NRT-SIN,2026-06-30,1658.0,40,1,Tuesday,False,NRT,2,NRT,api,29-42 days,Singapore Airlines,SQ,0,0,0,1
21/5/2026,NRT-SIN,2026-06-30,1658.0,40,1,Tuesday,False,NRT,2,NRT,api,29-42 days,ANA,NH,0,0,0,1
21/5/2026,NRT-SIN,2026-06-30,1660.0,40,1,Tuesday,False,NRT,2,NRT,api,29-42 days,JAL,JL,0,0,0,1
21/5/2026,SIN-LHR,2026-06-30,1172.0,40,1,Tuesday,False,SIN,1,LHR,api,29-42 days,Qantas,QF,0,0,0,1
21/5/2026,SIN-LHR,2026-06-30,1280.0,40,1,Tuesday,False,SIN,1,LHR,api,29-42 days,British Airways,BA,0,0,0,1
21/5/2026,SIN-LHR,2026-06-30,1317.0,40,1,Tuesday,False,SIN,1,LHR,api,29-42 days,Singapore Airlines,SQ,0,0,0,1
21/5/2026,SIN-LHR,2026-06-30,1694.0,40,1,Tuesday,False,SIN,1,LHR,api,29-42 days,British Airways,BA,0,0,0,1
21/5/2026,SIN-LHR,2026-06-30,1830.0,40,1,Tuesday,False,SIN,1,LHR,api,29-42 days,Singapore Airlines,SQ,0,0,0,1
21/5/2026,SIN-LHR,2026-06-30,2226.0,40,1,Tuesday,False,SIN,1,LHR,api,29-42 days,Singapore Airlines,SQ,0,0,0,1
21/5/2026,LHR-SIN,2026-06-30,1561.0,40,1,Tuesday,False,LHR,2,LHR,api,29-42 days,British Airways,BA,0,0,0,1
21/5/2026,LHR-SIN,2026-06-30,1728.0,40,1,Tuesday,False,LHR,2,LHR,api,29-42 days,British Airways,BA,0,0,0,1
21/5/2026,LHR-SIN,2026-06-30,2052.0,40,1,Tuesday,False,LHR,2,LHR,api,29-42 days,Singapore Airlines,SQ,0,0,0,1
21/5/2026,LHR-SIN,2026-06-30,2208.0,40,1,Tuesday,False,LHR,2,LHR,api,29-42 days,Qantas,QF,0,0,0,1
21/5/2026,LHR-SIN,2026-06-30,2913.0,40,1,Tuesday,False,LHR,2,LHR,api,29-42 days,Singapore Airlines,SQ,0,0,0,1
21/5/2026,SIN-MEL,2026-06-30,244.0,40,1,Tuesday,False,SIN,1,MEL,api,29-42 days,Scoot,TR,1,0,0,1
21/5/2026,SIN-MEL,2026-06-30,284.0,40,1,Tuesday,False,SIN,1,MEL,api,29-42 days,Scoot,TR,1,0,0,1
21/5/2026,SIN-MEL,2026-06-30,289.0,40,1,Tuesday,False,SIN,1,MEL,api,29-42 days,Jetstar,JQ,1,0,0,1
21/5/2026,SIN-MEL,2026-06-30,490.0,40,1,Tuesday,False,SIN,1,MEL,api,29-42 days,Singapore Airlines,SQ,0,0,0,1
21/5/2026,SIN-MEL,2026-06-30,682.0,40,1,Tuesday,False,SIN,1,MEL,api,29-42 days,Singapore Airlines,SQ,0,0,0,1
21/5/2026,SIN-MEL,2026-06-30,1009.0,40,1,Tuesday,False,SIN,1,MEL,api,29-42 days,Qantas,QF,0,0,0,1
21/5/2026,SIN-MEL,2026-06-30,1513.0,40,1,Tuesday,False,SIN,1,MEL,api,29-42 days,Singapore Airlines,SQ,0,0,0,1
21/5/2026,SIN-MEL,2026-06-30,1717.0,40,1,Tuesday,False,SIN,1,MEL,api,29-42 days,Singapore Airlines,SQ,0,0,0,1
21/5/2026,MEL-SIN,2026-06-30,579.0,40,1,Tuesday,False,MEL,2,MEL,api,29-42 days,Scoot,TR,1,0,0,1
21/5/2026,MEL-SIN,2026-06-30,614.0,40,1,Tuesday,False,MEL,2,MEL,api,29-42 days,Jetstar,JQ,1,0,0,1
21/5/2026,MEL-SIN,2026-06-30,660.0,40,1,Tuesday,False,MEL,2,MEL,api,29-42 days,Scoot,TR,1,0,0,1
21/5/2026,MEL-SIN,2026-06-30,1125.0,40,1,Tuesday,False,MEL,2,MEL,api,29-42 days,Qantas,QF,0,0,0,1
21/5/2026,MEL-SIN,2026-06-30,1330.0,40,1,Tuesday,False,MEL,2,MEL,api,29-42 days,Singapore Airlines,SQ,0,0,0,1
21/5/2026,MEL-SIN,2026-06-30,1749.0,40,1,Tuesday,False,MEL,2,MEL,api,29-42 days,Singapore Airlines,SQ,0,0,0,1
21/5/2026,MEL-SIN,2026-06-30,1780.0,40,1,Tuesday,False,MEL,2,MEL,api,29-42 days,Qantas,QF,0,0,0,1
23/5/2026,SIN-BKK,2026-06-30,166.0,38,1,Tuesday,False,SIN,1,BKK,api,29-42 days,Scoot,TR,1,0,0,1
23/5/2026,SIN-BKK,2026-06-30,186.0,38,1,Tuesday,False,SIN,1,BKK,api,29-42 days,Scoot,TR,1,0,0,1
23/5/2026,SIN-BKK,2026-06-30,278.0,38,1,Tuesday,False,SIN,1,BKK,api,29-42 days,THAI,TG,0,0,0,1
23/5/2026,SIN-BKK,2026-06-30,363.0,38,1,Tuesday,False,SIN,1,BKK,api,29-42 days,Singapore Airlines,SQ,0,0,0,1
23/5/2026,BKK-SIN,2026-06-30,188.0,38,1,Tuesday,False,BKK,2,BKK,api,29-42 days,Scoot,TR,1,0,0,1
23/5/2026,BKK-SIN,2026-06-30,217.0,38,1,Tuesday,False,BKK,2,BKK,api,29-42 days,Scoot,TR,1,0,0,1
23/5/2026,BKK-SIN,2026-06-30,255.0,38,1,Tuesday,False,BKK,2,BKK,api,29-42 days,Singapore Airlines,SQ,0,0,0,1
23/5/2026,BKK-SIN,2026-06-30,261.0,38,1,Tuesday,False,BKK,2,BKK,api,29-42 days,THAI,TG,0,0,0,1
23/5/2026,BKK-SIN,2026-06-30,263.0,38,1,Tuesday,False,BKK,2,BKK,api,29-42 days,Singapore Airlines,SQ,0,0,0,1
23/5/2026,BKK-SIN,2026-06-30,266.0,38,1,Tuesday,False,BKK,2,BKK,api,29-42 days,Singapore Airlines,SQ,0,0,0,1
23/5/2026,SIN-NRT,2026-06-30,263.0,38,1,Tuesday,False,SIN,1,NRT,api,29-42 days,Scoot,TR,1,0,0,1
23/5/2026,SIN-NRT,2026-06-30,786.0,38,1,Tuesday,False,SIN,1,NRT,api,29-42 days,ANA,NH,0,0,0,1
23/5/2026,SIN-NRT,2026-06-30,786.0,38,1,Tuesday,False,SIN,1,NRT,api,29-42 days,Singapore Airlines,SQ,0,0,0,1
23/5/2026,SIN-NRT,2026-06-30,1090.0,38,1,Tuesday,False,SIN,1,NRT,api,29-42 days,JAL,JL,0,0,0,1
23/5/2026,NRT-SIN,2026-06-30,270.0,38,1,Tuesday,False,NRT,2,NRT,api,29-42 days,ZIPAIR Tokyo,ZG,1,0,0,1
23/5/2026,NRT-SIN,2026-06-30,274.0,38,1,Tuesday,False,NRT,2,NRT,api,29-42 days,Scoot,TR,1,0,0,1
23/5/2026,NRT-SIN,2026-06-30,1659.0,38,1,Tuesday,False,NRT,2,NRT,api,29-42 days,Singapore Airlines,SQ,0,0,0,1
23/5/2026,NRT-SIN,2026-06-30,1659.0,38,1,Tuesday,False,NRT,2,NRT,api,29-42 days,ANA,NH,0,0,0,1
23/5/2026,NRT-SIN,2026-06-30,1709.0,38,1,Tuesday,False,NRT,2,NRT,api,29-42 days,JAL,JL,0,0,0,1
23/5/2026,SIN-LHR,2026-06-30,1172.0,38,1,Tuesday,False,SIN,1,LHR,api,29-42 days,Qantas,QF,0,0,0,1
23/5/2026,SIN-LHR,2026-06-30,1280.0,38,1,Tuesday,False,SIN,1,LHR,api,29-42 days,British Airways,BA,0,0,0,1
23/5/2026,SIN-LHR,2026-06-30,1317.0,38,1,Tuesday,False,SIN,1,LHR,api,29-42 days,Singapore Airlines,SQ,0,0,0,1
23/5/2026,SIN-LHR,2026-06-30,1787.0,38,1,Tuesday,False,SIN,1,LHR,api,29-42 days,British Airways,BA,0,0,0,1
23/5/2026,SIN-LHR,2026-06-30,1830.0,38,1,Tuesday,False,SIN,1,LHR,api,29-42 days,Singapore Airlines,SQ,0,0,0,1
23/5/2026,SIN-LHR,2026-06-30,2226.0,38,1,Tuesday,False,SIN,1,LHR,api,29-42 days,Singapore Airlines,SQ,0,0,0,1
23/5/2026,LHR-SIN,2026-06-30,1718.0,38,1,Tuesday,False,LHR,2,LHR,api,29-42 days,British Airways,BA,0,0,0,1
23/5/2026,LHR-SIN,2026-06-30,1750.0,38,1,Tuesday,False,LHR,2,LHR,api,29-42 days,British Airways,BA,0,0,0,1
23/5/2026,LHR-SIN,2026-06-30,2146.0,38,1,Tuesday,False,LHR,2,LHR,api,29-42 days,Singapore Airlines,SQ,0,0,0,1
23/5/2026,LHR-SIN,2026-06-30,2215.0,38,1,Tuesday,False,LHR,2,LHR,api,29-42 days,Qantas,QF,0,0,0,1
23/5/2026,LHR-SIN,2026-06-30,3187.0,38,1,Tuesday,False,LHR,2,LHR,api,29-42 days,Singapore Airlines,SQ,0,0,0,1
23/5/2026,SIN-MEL,2026-06-30,244.0,38,1,Tuesday,False,SIN,1,MEL,api,29-42 days,Scoot,TR,1,0,0,1
23/5/2026,SIN-MEL,2026-06-30,284.0,38,1,Tuesday,False,SIN,1,MEL,api,29-42 days,Scoot,TR,1,0,0,1
23/5/2026,SIN-MEL,2026-06-30,289.0,38,1,Tuesday,False,SIN,1,MEL,api,29-42 days,Jetstar,JQ,1,0,0,1
23/5/2026,SIN-MEL,2026-06-30,490.0,38,1,Tuesday,False,SIN,1,MEL,api,29-42 days,Singapore Airlines,SQ,0,0,0,1
23/5/2026,SIN-MEL,2026-06-30,682.0,38,1,Tuesday,False,SIN,1,MEL,api,29-42 days,Singapore Airlines,SQ,0,0,0,1
23/5/2026,SIN-MEL,2026-06-30,1009.0,38,1,Tuesday,False,SIN,1,MEL,api,29-42 days,Qantas,QF,0,0,0,1
23/5/2026,SIN-MEL,2026-06-30,1513.0,38,1,Tuesday,False,SIN,1,MEL,api,29-42 days,Singapore Airlines,SQ,0,0,0,1
23/5/2026,SIN-MEL,2026-06-30,1717.0,38,1,Tuesday,False,SIN,1,MEL,api,29-42 days,Singapore Airlines,SQ,0,0,0,1
23/5/2026,MEL-SIN,2026-06-30,581.0,38,1,Tuesday,False,MEL,2,MEL,api,29-42 days,Scoot,TR,1,0,0,1
23/5/2026,MEL-SIN,2026-06-30,689.0,38,1,Tuesday,False,MEL,2,MEL,api,29-42 days,Jetstar,JQ,1,0,0,1
23/5/2026,MEL-SIN,2026-06-30,839.0,38,1,Tuesday,False,MEL,2,MEL,api,29-42 days,Scoot,TR,1,0,0,1
23/5/2026,MEL-SIN,2026-06-30,1127.0,38,1,Tuesday,False,MEL,2,MEL,api,29-42 days,Qantas,QF,0,0,0,1
23/5/2026,MEL-SIN,2026-06-30,1136.0,38,1,Tuesday,False,MEL,2,MEL,api,29-42 days,Singapore Airlines,SQ,0,0,0,1
23/5/2026,MEL-SIN,2026-06-30,1332.0,38,1,Tuesday,False,MEL,2,MEL,api,29-42 days,Singapore Airlines,SQ,0,0,0,1
23/5/2026,MEL-SIN,2026-06-30,1753.0,38,1,Tuesday,False,MEL,2,MEL,api,29-42 days,Singapore Airlines,SQ,0,0,0,1
23/5/2026,MEL-SIN,2026-06-30,1784.0,38,1,Tuesday,False,MEL,2,MEL,api,29-42 days,Qantas,QF,0,0,0,1
21/5/2026,SIN-BKK,2026-07-15,186.0,55,2,Wednesday,False,SIN,1,BKK,api,43-56 days,Scoot,TR,1,0,0,0
21/5/2026,SIN-BKK,2026-07-15,210.0,55,2,Wednesday,False,SIN,1,BKK,api,43-56 days,Scoot,TR,1,0,0,0
21/5/2026,SIN-BKK,2026-07-15,243.0,55,2,Wednesday,False,SIN,1,BKK,api,43-56 days,Scoot,TR,1,0,0,0
21/5/2026,SIN-BKK,2026-07-15,332.0,55,2,Wednesday,False,SIN,1,BKK,api,43-56 days,THAI,TG,0,0,0,0
21/5/2026,SIN-BKK,2026-07-15,363.0,55,2,Wednesday,False,SIN,1,BKK,api,43-56 days,Singapore Airlines,SQ,0,0,0,0
21/5/2026,BKK-SIN,2026-07-15,188.0,55,2,Wednesday,False,BKK,2,BKK,api,43-56 days,Scoot,TR,1,0,0,0
21/5/2026,BKK-SIN,2026-07-15,217.0,55,2,Wednesday,False,BKK,2,BKK,api,43-56 days,Scoot,TR,1,0,0,0
21/5/2026,BKK-SIN,2026-07-15,255.0,55,2,Wednesday,False,BKK,2,BKK,api,43-56 days,Singapore Airlines,SQ,0,0,0,0
21/5/2026,BKK-SIN,2026-07-15,260.0,55,2,Wednesday,False,BKK,2,BKK,api,43-56 days,Singapore Airlines,SQ,0,0,0,0
21/5/2026,BKK-SIN,2026-07-15,261.0,55,2,Wednesday,False,BKK,2,BKK,api,43-56 days,THAI,TG,0,0,0,0
21/5/2026,BKK-SIN,2026-07-15,262.0,55,2,Wednesday,False,BKK,2,BKK,api,43-56 days,Singapore Airlines,SQ,0,0,0,0
21/5/2026,SIN-NRT,2026-07-15,263.0,55,2,Wednesday,False,SIN,1,NRT,api,43-56 days,Scoot,TR,1,0,0,0
21/5/2026,SIN-NRT,2026-07-15,266.0,55,2,Wednesday,False,SIN,1,NRT,api,43-56 days,ZIPAIR Tokyo,ZG,1,0,0,0
21/5/2026,SIN-NRT,2026-07-15,786.0,55,2,Wednesday,False,SIN,1,NRT,api,43-56 days,ANA,NH,0,0,0,0
21/5/2026,SIN-NRT,2026-07-15,786.0,55,2,Wednesday,False,SIN,1,NRT,api,43-56 days,Singapore Airlines,SQ,0,0,0,0
21/5/2026,SIN-NRT,2026-07-15,1090.0,55,2,Wednesday,False,SIN,1,NRT,api,43-56 days,JAL,JL,0,0,0,0
21/5/2026,NRT-SIN,2026-07-15,224.0,55,2,Wednesday,False,NRT,2,NRT,api,43-56 days,Scoot,TR,1,0,0,0
21/5/2026,NRT-SIN,2026-07-15,231.0,55,2,Wednesday,False,NRT,2,NRT,api,43-56 days,ZIPAIR Tokyo,ZG,1,0,0,0
21/5/2026,NRT-SIN,2026-07-15,1658.0,55,2,Wednesday,False,NRT,2,NRT,api,43-56 days,Singapore Airlines,SQ,0,0,0,0
21/5/2026,NRT-SIN,2026-07-15,1658.0,55,2,Wednesday,False,NRT,2,NRT,api,43-56 days,ANA,NH,0,0,0,0
21/5/2026,NRT-SIN,2026-07-15,1660.0,55,2,Wednesday,False,NRT,2,NRT,api,43-56 days,JAL,JL,0,0,0,0
21/5/2026,SIN-LHR,2026-07-15,1100.0,55,2,Wednesday,False,SIN,1,LHR,api,43-56 days,Qantas,QF,0,0,0,0
21/5/2026,SIN-LHR,2026-07-15,1280.0,55,2,Wednesday,False,SIN,1,LHR,api,43-56 days,British Airways,BA,0,0,0,0
21/5/2026,SIN-LHR,2026-07-15,1317.0,55,2,Wednesday,False,SIN,1,LHR,api,43-56 days,Singapore Airlines,SQ,0,0,0,0
21/5/2026,SIN-LHR,2026-07-15,1545.0,55,2,Wednesday,False,SIN,1,LHR,api,43-56 days,Singapore Airlines,SQ,0,0,0,0
21/5/2026,SIN-LHR,2026-07-15,2226.0,55,2,Wednesday,False,SIN,1,LHR,api,43-56 days,Singapore Airlines,SQ,0,0,0,0
21/5/2026,LHR-SIN,2026-07-15,1976.0,55,2,Wednesday,False,LHR,2,LHR,api,43-56 days,British Airways,BA,0,0,0,0
21/5/2026,LHR-SIN,2026-07-15,1987.0,55,2,Wednesday,False,LHR,2,LHR,api,43-56 days,British Airways,BA,0,0,0,0
21/5/2026,LHR-SIN,2026-07-15,2392.0,55,2,Wednesday,False,LHR,2,LHR,api,43-56 days,Singapore Airlines,SQ,0,0,0,0
21/5/2026,LHR-SIN,2026-07-15,2584.0,55,2,Wednesday,False,LHR,2,LHR,api,43-56 days,Qantas,QF,0,0,0,0
21/5/2026,LHR-SIN,2026-07-15,2783.0,55,2,Wednesday,False,LHR,2,LHR,api,43-56 days,Singapore Airlines,SQ,0,0,0,0
21/5/2026,SIN-MEL,2026-07-15,540.0,55,2,Wednesday,False,SIN,1,MEL,api,43-56 days,Scoot,TR,1,0,0,0
21/5/2026,SIN-MEL,2026-07-15,549.0,55,2,Wednesday,False,SIN,1,MEL,api,43-56 days,Turkish Airlines,TK,0,0,0,0
21/5/2026,SIN-MEL,2026-07-15,609.0,55,2,Wednesday,False,SIN,1,MEL,api,43-56 days,Scoot,TR,1,0,0,0
21/5/2026,SIN-MEL,2026-07-15,1132.0,55,2,Wednesday,False,SIN,1,MEL,api,43-56 days,Qantas,QF,0,0,0,0
21/5/2026,SIN-MEL,2026-07-15,1717.0,55,2,Wednesday,False,SIN,1,MEL,api,43-56 days,Singapore Airlines,SQ,0,0,0,0
21/5/2026,SIN-MEL,2026-07-15,1866.0,55,2,Wednesday,False,SIN,1,MEL,api,43-56 days,Singapore Airlines,SQ,0,0,0,0
21/5/2026,SIN-MEL,2026-07-15,1927.0,55,2,Wednesday,False,SIN,1,MEL,api,43-56 days,Singapore Airlines,SQ,0,0,0,0
21/5/2026,MEL-SIN,2026-07-15,223.0,55,2,Wednesday,False,MEL,2,MEL,api,43-56 days,Scoot,TR,1,0,0,0
21/5/2026,MEL-SIN,2026-07-15,241.0,55,2,Wednesday,False,MEL,2,MEL,api,43-56 days,Scoot,TR,1,0,0,0
21/5/2026,MEL-SIN,2026-07-15,420.0,55,2,Wednesday,False,MEL,2,MEL,api,43-56 days,Singapore Airlines,SQ,0,0,0,0
21/5/2026,MEL-SIN,2026-07-15,427.0,55,2,Wednesday,False,MEL,2,MEL,api,43-56 days,Turkish Airlines,TK,0,0,0,0
21/5/2026,MEL-SIN,2026-07-15,481.0,55,2,Wednesday,False,MEL,2,MEL,api,43-56 days,Singapore Airlines,SQ,0,0,0,0
21/5/2026,MEL-SIN,2026-07-15,690.0,55,2,Wednesday,False,MEL,2,MEL,api,43-56 days,Qantas,QF,0,0,0,0
21/5/2026,MEL-SIN,2026-07-15,750.0,55,2,Wednesday,False,MEL,2,MEL,api,43-56 days,Singapore Airlines,SQ,0,0,0,0
21/5/2026,MEL-SIN,2026-07-15,1134.0,55,2,Wednesday,False,MEL,2,MEL,api,43-56 days,Singapore Airlines,SQ,0,0,0,0
23/5/2026,SIN-BKK,2026-07-15,186.0,53,2,Wednesday,False,SIN,1,BKK,api,43-56 days,Scoot,TR,1,0,0,0
23/5/2026,SIN-BKK,2026-07-15,210.0,53,2,Wednesday,False,SIN,1,BKK,api,43-56 days,Scoot,TR,1,0,0,0
23/5/2026,SIN-BKK,2026-07-15,243.0,53,2,Wednesday,False,SIN,1,BKK,api,43-56 days,Scoot,TR,1,0,0,0
23/5/2026,SIN-BKK,2026-07-15,332.0,53,2,Wednesday,False,SIN,1,BKK,api,43-56 days,THAI,TG,0,0,0,0
23/5/2026,SIN-BKK,2026-07-15,363.0,53,2,Wednesday,False,SIN,1,BKK,api,43-56 days,Singapore Airlines,SQ,0,0,0,0
23/5/2026,BKK-SIN,2026-07-15,188.0,53,2,Wednesday,False,BKK,2,BKK,api,43-56 days,Scoot,TR,1,0,0,0
23/5/2026,BKK-SIN,2026-07-15,217.0,53,2,Wednesday,False,BKK,2,BKK,api,43-56 days,Scoot,TR,1,0,0,0
23/5/2026,BKK-SIN,2026-07-15,255.0,53,2,Wednesday,False,BKK,2,BKK,api,43-56 days,Singapore Airlines,SQ,0,0,0,0
23/5/2026,BKK-SIN,2026-07-15,261.0,53,2,Wednesday,False,BKK,2,BKK,api,43-56 days,THAI,TG,0,0,0,0
23/5/2026,BKK-SIN,2026-07-15,261.0,53,2,Wednesday,False,BKK,2,BKK,api,43-56 days,Singapore Airlines,SQ,0,0,0,0
23/5/2026,BKK-SIN,2026-07-15,263.0,53,2,Wednesday,False,BKK,2,BKK,api,43-56 days,Singapore Airlines,SQ,0,0,0,0
23/5/2026,SIN-NRT,2026-07-15,183.0,53,2,Wednesday,False,SIN,1,NRT,api,43-56 days,ZIPAIR Tokyo,ZG,1,0,0,0
23/5/2026,SIN-NRT,2026-07-15,263.0,53,2,Wednesday,False,SIN,1,NRT,api,43-56 days,Scoot,TR,1,0,0,0
23/5/2026,SIN-NRT,2026-07-15,786.0,53,2,Wednesday,False,SIN,1,NRT,api,43-56 days,ANA,NH,0,0,0,0
23/5/2026,SIN-NRT,2026-07-15,786.0,53,2,Wednesday,False,SIN,1,NRT,api,43-56 days,Singapore Airlines,SQ,0,0,0,0
23/5/2026,SIN-NRT,2026-07-15,1090.0,53,2,Wednesday,False,SIN,1,NRT,api,43-56 days,JAL,JL,0,0,0,0
23/5/2026,NRT-SIN,2026-07-15,224.0,53,2,Wednesday,False,NRT,2,NRT,api,43-56 days,Scoot,TR,1,0,0,0
23/5/2026,NRT-SIN,2026-07-15,231.0,53,2,Wednesday,False,NRT,2,NRT,api,43-56 days,ZIPAIR Tokyo,ZG,1,0,0,0
23/5/2026,NRT-SIN,2026-07-15,1659.0,53,2,Wednesday,False,NRT,2,NRT,api,43-56 days,Singapore Airlines,SQ,0,0,0,0
23/5/2026,NRT-SIN,2026-07-15,1659.0,53,2,Wednesday,False,NRT,2,NRT,api,43-56 days,ANA,NH,0,0,0,0
23/5/2026,NRT-SIN,2026-07-15,1709.0,53,2,Wednesday,False,NRT,2,NRT,api,43-56 days,JAL,JL,0,0,0,0
23/5/2026,SIN-LHR,2026-07-15,1100.0,53,2,Wednesday,False,SIN,1,LHR,api,43-56 days,Qantas,QF,0,0,0,0
23/5/2026,SIN-LHR,2026-07-15,1280.0,53,2,Wednesday,False,SIN,1,LHR,api,43-56 days,British Airways,BA,0,0,0,0
23/5/2026,SIN-LHR,2026-07-15,1317.0,53,2,Wednesday,False,SIN,1,LHR,api,43-56 days,Singapore Airlines,SQ,0,0,0,0
23/5/2026,SIN-LHR,2026-07-15,1545.0,53,2,Wednesday,False,SIN,1,LHR,api,43-56 days,Singapore Airlines,SQ,0,0,0,0
23/5/2026,SIN-LHR,2026-07-15,2226.0,53,2,Wednesday,False,SIN,1,LHR,api,43-56 days,Singapore Airlines,SQ,0,0,0,0
23/5/2026,LHR-SIN,2026-07-15,2012.0,53,2,Wednesday,False,LHR,2,LHR,api,43-56 days,British Airways,BA,0,0,0,0
23/5/2026,LHR-SIN,2026-07-15,2014.0,53,2,Wednesday,False,LHR,2,LHR,api,43-56 days,British Airways,BA,0,0,0,0
23/5/2026,LHR-SIN,2026-07-15,2499.0,53,2,Wednesday,False,LHR,2,LHR,api,43-56 days,Singapore Airlines,SQ,0,0,0,0
23/5/2026,LHR-SIN,2026-07-15,2592.0,53,2,Wednesday,False,LHR,2,LHR,api,43-56 days,Qantas,QF,0,0,0,0
23/5/2026,LHR-SIN,2026-07-15,2955.0,53,2,Wednesday,False,LHR,2,LHR,api,43-56 days,Singapore Airlines,SQ,0,0,0,0
23/5/2026,SIN-MEL,2026-07-15,540.0,53,2,Wednesday,False,SIN,1,MEL,api,43-56 days,Scoot,TR,1,0,0,0
23/5/2026,SIN-MEL,2026-07-15,549.0,53,2,Wednesday,False,SIN,1,MEL,api,43-56 days,Turkish Airlines,TK,0,0,0,0
23/5/2026,SIN-MEL,2026-07-15,609.0,53,2,Wednesday,False,SIN,1,MEL,api,43-56 days,Scoot,TR,1,0,0,0
23/5/2026,SIN-MEL,2026-07-15,1132.0,53,2,Wednesday,False,SIN,1,MEL,api,43-56 days,Qantas,QF,0,0,0,0
23/5/2026,SIN-MEL,2026-07-15,1717.0,53,2,Wednesday,False,SIN,1,MEL,api,43-56 days,Singapore Airlines,SQ,0,0,0,0
23/5/2026,SIN-MEL,2026-07-15,1866.0,53,2,Wednesday,False,SIN,1,MEL,api,43-56 days,Singapore Airlines,SQ,0,0,0,0
23/5/2026,SIN-MEL,2026-07-15,2467.0,53,2,Wednesday,False,SIN,1,MEL,api,43-56 days,Singapore Airlines,SQ,0,0,0,0
23/5/2026,MEL-SIN,2026-07-15,223.0,53,2,Wednesday,False,MEL,2,MEL,api,43-56 days,Scoot,TR,1,0,0,0
23/5/2026,MEL-SIN,2026-07-15,269.0,53,2,Wednesday,False,MEL,2,MEL,api,43-56 days,Scoot,TR,1,0,0,0
23/5/2026,MEL-SIN,2026-07-15,428.0,53,2,Wednesday,False,MEL,2,MEL,api,43-56 days,Turkish Airlines,TK,0,0,0,0
23/5/2026,MEL-SIN,2026-07-15,482.0,53,2,Wednesday,False,MEL,2,MEL,api,43-56 days,Singapore Airlines,SQ,0,0,0,0
23/5/2026,MEL-SIN,2026-07-15,691.0,53,2,Wednesday,False,MEL,2,MEL,api,43-56 days,Qantas,QF,0,0,0,0
23/5/2026,MEL-SIN,2026-07-15,751.0,53,2,Wednesday,False,MEL,2,MEL,api,43-56 days,Singapore Airlines,SQ,0,0,0,0
23/5/2026,MEL-SIN,2026-07-15,1136.0,53,2,Wednesday,False,MEL,2,MEL,api,43-56 days,Singapore Airlines,SQ,0,0,0,0
21/5/2026,SIN-BKK,2026-07-18,186.0,58,5,Saturday,True,SIN,1,BKK,api,57-70 days,Scoot,TR,1,0,0,0
21/5/2026,SIN-BKK,2026-07-18,210.0,58,5,Saturday,True,SIN,1,BKK,api,57-70 days,Scoot,TR,1,0,0,0
21/5/2026,SIN-BKK,2026-07-18,243.0,58,5,Saturday,True,SIN,1,BKK,api,57-70 days,Scoot,TR,1,0,0,0
21/5/2026,SIN-BKK,2026-07-18,332.0,58,5,Saturday,True,SIN,1,BKK,api,57-70 days,THAI,TG,0,0,0,0
21/5/2026,SIN-BKK,2026-07-18,334.0,58,5,Saturday,True,SIN,1,BKK,api,57-70 days,Singapore Airlines,SQ,0,0,0,0
21/5/2026,SIN-BKK,2026-07-18,363.0,58,5,Saturday,True,SIN,1,BKK,api,57-70 days,Singapore Airlines,SQ,0,0,0,0
21/5/2026,BKK-SIN,2026-07-18,188.0,58,5,Saturday,True,BKK,2,BKK,api,57-70 days,Scoot,TR,1,0,0,0
21/5/2026,BKK-SIN,2026-07-18,217.0,58,5,Saturday,True,BKK,2,BKK,api,57-70 days,Scoot,TR,1,0,0,0
21/5/2026,BKK-SIN,2026-07-18,255.0,58,5,Saturday,True,BKK,2,BKK,api,57-70 days,Singapore Airlines,SQ,0,0,0,0
21/5/2026,BKK-SIN,2026-07-18,260.0,58,5,Saturday,True,BKK,2,BKK,api,57-70 days,Singapore Airlines,SQ,0,0,0,0
21/5/2026,BKK-SIN,2026-07-18,261.0,58,5,Saturday,True,BKK,2,BKK,api,57-70 days,THAI,TG,0,0,0,0
21/5/2026,BKK-SIN,2026-07-18,261.0,58,5,Saturday,True,BKK,2,BKK,api,57-70 days,Singapore Airlines,SQ,0,0,0,0
21/5/2026,SIN-NRT,2026-07-18,313.0,58,5,Saturday,True,SIN,1,NRT,api,57-70 days,Scoot,TR,1,0,1,0
21/5/2026,SIN-NRT,2026-07-18,316.0,58,5,Saturday,True,SIN,1,NRT,api,57-70 days,ZIPAIR Tokyo,ZG,1,0,1,0
21/5/2026,SIN-NRT,2026-07-18,724.0,58,5,Saturday,True,SIN,1,NRT,api,57-70 days,Singapore Airlines,SQ,0,0,1,0
21/5/2026,SIN-NRT,2026-07-18,816.0,58,5,Saturday,True,SIN,1,NRT,api,57-70 days,Singapore Airlines,SQ,0,0,1,0
21/5/2026,SIN-NRT,2026-07-18,923.0,58,5,Saturday,True,SIN,1,NRT,api,57-70 days,ANA,NH,0,0,1,0
21/5/2026,SIN-NRT,2026-07-18,1090.0,58,5,Saturday,True,SIN,1,NRT,api,57-70 days,JAL,JL,0,0,1,0
21/5/2026,NRT-SIN,2026-07-18,343.0,58,5,Saturday,True,NRT,2,NRT,api,57-70 days,Scoot,TR,1,0,1,0
21/5/2026,NRT-SIN,2026-07-18,1658.0,58,5,Saturday,True,NRT,2,NRT,api,57-70 days,Singapore Airlines,SQ,0,0,1,0
21/5/2026,NRT-SIN,2026-07-18,1658.0,58,5,Saturday,True,NRT,2,NRT,api,57-70 days,ANA,NH,0,0,1,0
21/5/2026,NRT-SIN,2026-07-18,1660.0,58,5,Saturday,True,NRT,2,NRT,api,57-70 days,JAL,JL,0,0,1,0
21/5/2026,SIN-LHR,2026-07-18,821.0,58,5,Saturday,True,SIN,1,LHR,api,57-70 days,Singapore Airlines,SQ,0,0,0,0
21/5/2026,SIN-LHR,2026-07-18,1100.0,58,5,Saturday,True,SIN,1,LHR,api,57-70 days,Qantas,QF,0,0,0,0
21/5/2026,SIN-LHR,2026-07-18,1122.0,58,5,Saturday,True,SIN,1,LHR,api,57-70 days,British Airways,BA,0,0,0,0
21/5/2026,SIN-LHR,2026-07-18,1139.0,58,5,Saturday,True,SIN,1,LHR,api,57-70 days,British Airways,BA,0,0,0,0
21/5/2026,SIN-LHR,2026-07-18,1545.0,58,5,Saturday,True,SIN,1,LHR,api,57-70 days,Singapore Airlines,SQ,0,0,0,0
21/5/2026,SIN-LHR,2026-07-18,2226.0,58,5,Saturday,True,SIN,1,LHR,api,57-70 days,Singapore Airlines,SQ,0,0,0,0
21/5/2026,LHR-SIN,2026-07-18,1668.0,58,5,Saturday,True,LHR,2,LHR,api,57-70 days,British Airways,BA,0,0,0,0
21/5/2026,LHR-SIN,2026-07-18,2242.0,58,5,Saturday,True,LHR,2,LHR,api,57-70 days,Qantas,QF,0,0,0,0
21/5/2026,LHR-SIN,2026-07-18,2443.0,58,5,Saturday,True,LHR,2,LHR,api,57-70 days,Singapore Airlines,SQ,0,0,0,0
21/5/2026,LHR-SIN,2026-07-18,2539.0,58,5,Saturday,True,LHR,2,LHR,api,57-70 days,British Airways,BA,0,0,0,0
21/5/2026,LHR-SIN,2026-07-18,2834.0,58,5,Saturday,True,LHR,2,LHR,api,57-70 days,Singapore Airlines,SQ,0,0,0,0
21/5/2026,LHR-SIN,2026-07-18,3323.0,58,5,Saturday,True,LHR,2,LHR,api,57-70 days,Singapore Airlines,SQ,0,0,0,0
21/5/2026,SIN-MEL,2026-07-18,559.0,58,5,Saturday,True,SIN,1,MEL,api,57-70 days,Jetstar,JQ,1,0,0,0
21/5/2026,SIN-MEL,2026-07-18,599.0,58,5,Saturday,True,SIN,1,MEL,api,57-70 days,Turkish Airlines,TK,0,0,0,0
21/5/2026,SIN-MEL,2026-07-18,691.0,58,5,Saturday,True,SIN,1,MEL,api,57-70 days,Scoot,TR,1,0,0,0
21/5/2026,SIN-MEL,2026-07-18,1142.0,58,5,Saturday,True,SIN,1,MEL,api,57-70 days,Qantas,QF,0,0,0,0
21/5/2026,SIN-MEL,2026-07-18,1634.0,58,5,Saturday,True,SIN,1,MEL,api,57-70 days,Qantas,QF,0,0,0,0
21/5/2026,SIN-MEL,2026-07-18,1717.0,58,5,Saturday,True,SIN,1,MEL,api,57-70 days,Singapore Airlines,SQ,0,0,0,0
21/5/2026,MEL-SIN,2026-07-18,204.0,58,5,Saturday,True,MEL,2,MEL,api,57-70 days,Jetstar,JQ,1,0,0,0
21/5/2026,MEL-SIN,2026-07-18,223.0,58,5,Saturday,True,MEL,2,MEL,api,57-70 days,Scoot,TR,1,0,0,0
21/5/2026,MEL-SIN,2026-07-18,241.0,58,5,Saturday,True,MEL,2,MEL,api,57-70 days,Scoot,TR,1,0,0,0
21/5/2026,MEL-SIN,2026-07-18,420.0,58,5,Saturday,True,MEL,2,MEL,api,57-70 days,Singapore Airlines,SQ,0,0,0,0
21/5/2026,MEL-SIN,2026-07-18,427.0,58,5,Saturday,True,MEL,2,MEL,api,57-70 days,Turkish Airlines,TK,0,0,0,0
21/5/2026,MEL-SIN,2026-07-18,451.0,58,5,Saturday,True,MEL,2,MEL,api,57-70 days,Singapore Airlines,SQ,0,0,0,0
21/5/2026,MEL-SIN,2026-07-18,481.0,58,5,Saturday,True,MEL,2,MEL,api,57-70 days,Singapore Airlines,SQ,0,0,0,0
21/5/2026,MEL-SIN,2026-07-18,690.0,58,5,Saturday,True,MEL,2,MEL,api,57-70 days,Qantas,QF,0,0,0,0
21/5/2026,MEL-SIN,2026-07-18,750.0,58,5,Saturday,True,MEL,2,MEL,api,57-70 days,Singapore Airlines,SQ,0,0,0,0
23/5/2026,SIN-BKK,2026-07-18,186.0,56,5,Saturday,True,SIN,1,BKK,api,43-56 days,Scoot,TR,1,0,0,0
23/5/2026,SIN-BKK,2026-07-18,210.0,56,5,Saturday,True,SIN,1,BKK,api,43-56 days,Scoot,TR,1,0,0,0
23/5/2026,SIN-BKK,2026-07-18,243.0,56,5,Saturday,True,SIN,1,BKK,api,43-56 days,Scoot,TR,1,0,0,0
23/5/2026,SIN-BKK,2026-07-18,332.0,56,5,Saturday,True,SIN,1,BKK,api,43-56 days,THAI,TG,0,0,0,0
23/5/2026,SIN-BKK,2026-07-18,334.0,56,5,Saturday,True,SIN,1,BKK,api,43-56 days,Singapore Airlines,SQ,0,0,0,0
23/5/2026,SIN-BKK,2026-07-18,363.0,56,5,Saturday,True,SIN,1,BKK,api,43-56 days,Singapore Airlines,SQ,0,0,0,0
23/5/2026,BKK-SIN,2026-07-18,188.0,56,5,Saturday,True,BKK,2,BKK,api,43-56 days,Scoot,TR,1,0,0,0
23/5/2026,BKK-SIN,2026-07-18,217.0,56,5,Saturday,True,BKK,2,BKK,api,43-56 days,Scoot,TR,1,0,0,0
23/5/2026,BKK-SIN,2026-07-18,255.0,56,5,Saturday,True,BKK,2,BKK,api,43-56 days,Singapore Airlines,SQ,0,0,0,0
23/5/2026,BKK-SIN,2026-07-18,261.0,56,5,Saturday,True,BKK,2,BKK,api,43-56 days,THAI,TG,0,0,0,0
23/5/2026,BKK-SIN,2026-07-18,262.0,56,5,Saturday,True,BKK,2,BKK,api,43-56 days,Singapore Airlines,SQ,0,0,0,0
23/5/2026,BKK-SIN,2026-07-18,263.0,56,5,Saturday,True,BKK,2,BKK,api,43-56 days,Singapore Airlines,SQ,0,0,0,0
23/5/2026,SIN-NRT,2026-07-18,313.0,56,5,Saturday,True,SIN,1,NRT,api,43-56 days,Scoot,TR,1,0,1,0
23/5/2026,SIN-NRT,2026-07-18,316.0,56,5,Saturday,True,SIN,1,NRT,api,43-56 days,ZIPAIR Tokyo,ZG,1,0,1,0
23/5/2026,SIN-NRT,2026-07-18,724.0,56,5,Saturday,True,SIN,1,NRT,api,43-56 days,Singapore Airlines,SQ,0,0,1,0
23/5/2026,SIN-NRT,2026-07-18,816.0,56,5,Saturday,True,SIN,1,NRT,api,43-56 days,Singapore Airlines,SQ,0,0,1,0
23/5/2026,SIN-NRT,2026-07-18,923.0,56,5,Saturday,True,SIN,1,NRT,api,43-56 days,ANA,NH,0,0,1,0
23/5/2026,SIN-NRT,2026-07-18,1090.0,56,5,Saturday,True,SIN,1,NRT,api,43-56 days,JAL,JL,0,0,1,0
23/5/2026,NRT-SIN,2026-07-18,378.0,56,5,Saturday,True,NRT,2,NRT,api,43-56 days,Scoot,TR,1,0,1,0
23/5/2026,NRT-SIN,2026-07-18,1593.0,56,5,Saturday,True,NRT,2,NRT,api,43-56 days,Singapore Airlines,SQ,0,0,1,0
23/5/2026,NRT-SIN,2026-07-18,1659.0,56,5,Saturday,True,NRT,2,NRT,api,43-56 days,ANA,NH,0,0,1,0
23/5/2026,NRT-SIN,2026-07-18,1659.0,56,5,Saturday,True,NRT,2,NRT,api,43-56 days,Singapore Airlines,SQ,0,0,1,0
23/5/2026,NRT-SIN,2026-07-18,1709.0,56,5,Saturday,True,NRT,2,NRT,api,43-56 days,JAL,JL,0,0,1,0
23/5/2026,SIN-LHR,2026-07-18,821.0,56,5,Saturday,True,SIN,1,LHR,api,43-56 days,Singapore Airlines,SQ,0,0,0,0
23/5/2026,SIN-LHR,2026-07-18,1100.0,56,5,Saturday,True,SIN,1,LHR,api,43-56 days,Qantas,QF,0,0,0,0
23/5/2026,SIN-LHR,2026-07-18,1137.0,56,5,Saturday,True,SIN,1,LHR,api,43-56 days,British Airways,BA,0,0,0,0
23/5/2026,SIN-LHR,2026-07-18,1168.0,56,5,Saturday,True,SIN,1,LHR,api,43-56 days,British Airways,BA,0,0,0,0
23/5/2026,SIN-LHR,2026-07-18,1545.0,56,5,Saturday,True,SIN,1,LHR,api,43-56 days,Singapore Airlines,SQ,0,0,0,0
23/5/2026,SIN-LHR,2026-07-18,2226.0,56,5,Saturday,True,SIN,1,LHR,api,43-56 days,Singapore Airlines,SQ,0,0,0,0
23/5/2026,LHR-SIN,2026-07-18,2249.0,56,5,Saturday,True,LHR,2,LHR,api,43-56 days,Qantas,QF,0,0,0,0
23/5/2026,LHR-SIN,2026-07-18,2547.0,56,5,Saturday,True,LHR,2,LHR,api,43-56 days,British Airways,BA,0,0,0,0
23/5/2026,LHR-SIN,2026-07-18,2551.0,56,5,Saturday,True,LHR,2,LHR,api,43-56 days,Singapore Airlines,SQ,0,0,0,0
23/5/2026,LHR-SIN,2026-07-18,3007.0,56,5,Saturday,True,LHR,2,LHR,api,43-56 days,Singapore Airlines,SQ,0,0,0,0
23/5/2026,LHR-SIN,2026-07-18,3635.0,56,5,Saturday,True,LHR,2,LHR,api,43-56 days,Singapore Airlines,SQ,0,0,0,0
23/5/2026,LHR-SIN,2026-07-18,4029.0,56,5,Saturday,True,LHR,2,LHR,api,43-56 days,British Airways,BA,0,0,0,0
23/5/2026,SIN-MEL,2026-07-18,559.0,56,5,Saturday,True,SIN,1,MEL,api,43-56 days,Jetstar,JQ,1,0,0,0
23/5/2026,SIN-MEL,2026-07-18,691.0,56,5,Saturday,True,SIN,1,MEL,api,43-56 days,Scoot,TR,1,0,0,0
23/5/2026,SIN-MEL,2026-07-18,1142.0,56,5,Saturday,True,SIN,1,MEL,api,43-56 days,Qantas,QF,0,0,0,0
23/5/2026,SIN-MEL,2026-07-18,1634.0,56,5,Saturday,True,SIN,1,MEL,api,43-56 days,Qantas,QF,0,0,0,0
23/5/2026,SIN-MEL,2026-07-18,1717.0,56,5,Saturday,True,SIN,1,MEL,api,43-56 days,Singapore Airlines,SQ,0,0,0,0
23/5/2026,SIN-MEL,2026-07-18,2367.0,56,5,Saturday,True,SIN,1,MEL,api,43-56 days,Turkish Airlines,TK,0,0,0,0
23/5/2026,MEL-SIN,2026-07-18,205.0,56,5,Saturday,True,MEL,2,MEL,api,43-56 days,Jetstar,JQ,1,0,0,0
23/5/2026,MEL-SIN,2026-07-18,223.0,56,5,Saturday,True,MEL,2,MEL,api,43-56 days,Scoot,TR,1,0,0,0
23/5/2026,MEL-SIN,2026-07-18,269.0,56,5,Saturday,True,MEL,2,MEL,api,43-56 days,Scoot,TR,1,0,0,0
23/5/2026,MEL-SIN,2026-07-18,428.0,56,5,Saturday,True,MEL,2,MEL,api,43-56 days,Turkish Airlines,TK,0,0,0,0
23/5/2026,MEL-SIN,2026-07-18,454.0,56,5,Saturday,True,MEL,2,MEL,api,43-56 days,Singapore Airlines,SQ,0,0,0,0
23/5/2026,MEL-SIN,2026-07-18,482.0,56,5,Saturday,True,MEL,2,MEL,api,43-56 days,Singapore Airlines,SQ,0,0,0,0
23/5/2026,MEL-SIN,2026-07-18,691.0,56,5,Saturday,True,MEL,2,MEL,api,43-56 days,Qantas,QF,0,0,0,0
23/5/2026,MEL-SIN,2026-07-18,1136.0,56,5,Saturday,True,MEL,2,MEL,api,43-56 days,Singapore Airlines,SQ,0,0,0,0
21/5/2026,SIN-BKK,2026-08-03,186.0,74,0,Monday,False,SIN,1,BKK,api,71-84 days,Scoot,TR,1,0,0,0
21/5/2026,SIN-BKK,2026-08-03,332.0,74,0,Monday,False,SIN,1,BKK,api,71-84 days,THAI,TG,0,0,0,0
21/5/2026,SIN-BKK,2026-08-03,334.0,74,0,Monday,False,SIN,1,BKK,api,71-84 days,Singapore Airlines,SQ,0,0,0,0
21/5/2026,SIN-BKK,2026-08-03,363.0,74,0,Monday,False,SIN,1,BKK,api,71-84 days,Singapore Airlines,SQ,0,0,0,0
21/5/2026,BKK-SIN,2026-08-03,188.0,74,0,Monday,False,BKK,2,BKK,api,71-84 days,Scoot,TR,1,0,0,0
21/5/2026,BKK-SIN,2026-08-03,217.0,74,0,Monday,False,BKK,2,BKK,api,71-84 days,Scoot,TR,1,0,0,0
21/5/2026,BKK-SIN,2026-08-03,255.0,74,0,Monday,False,BKK,2,BKK,api,71-84 days,Singapore Airlines,SQ,0,0,0,0
21/5/2026,BKK-SIN,2026-08-03,260.0,74,0,Monday,False,BKK,2,BKK,api,71-84 days,Singapore Airlines,SQ,0,0,0,0
21/5/2026,BKK-SIN,2026-08-03,261.0,74,0,Monday,False,BKK,2,BKK,api,71-84 days,THAI,TG,0,0,0,0
21/5/2026,BKK-SIN,2026-08-03,269.0,74,0,Monday,False,BKK,2,BKK,api,71-84 days,Singapore Airlines,SQ,0,0,0,0
21/5/2026,BKK-SIN,2026-08-03,312.0,74,0,Monday,False,BKK,2,BKK,api,71-84 days,Scoot,TR,1,0,0,0
21/5/2026,BKK-SIN,2026-08-03,326.0,74,0,Monday,False,BKK,2,BKK,api,71-84 days,THAI,TG,0,0,0,0
21/5/2026,SIN-NRT,2026-08-03,313.0,74,0,Monday,False,SIN,1,NRT,api,71-84 days,Scoot,TR,1,0,0,0
21/5/2026,SIN-NRT,2026-08-03,786.0,74,0,Monday,False,SIN,1,NRT,api,71-84 days,ANA,NH,0,0,0,0
21/5/2026,SIN-NRT,2026-08-03,786.0,74,0,Monday,False,SIN,1,NRT,api,71-84 days,Singapore Airlines,SQ,0,0,0,0
21/5/2026,SIN-NRT,2026-08-03,1090.0,74,0,Monday,False,SIN,1,NRT,api,71-84 days,JAL,JL,0,0,0,0
21/5/2026,NRT-SIN,2026-08-03,307.0,74,0,Monday,False,NRT,2,NRT,api,71-84 days,Scoot,TR,1,0,0,0
21/5/2026,NRT-SIN,2026-08-03,1658.0,74,0,Monday,False,NRT,2,NRT,api,71-84 days,Singapore Airlines,SQ,0,0,0,0
21/5/2026,NRT-SIN,2026-08-03,1658.0,74,0,Monday,False,NRT,2,NRT,api,71-84 days,ANA,NH,0,0,0,0
21/5/2026,NRT-SIN,2026-08-03,1660.0,74,0,Monday,False,NRT,2,NRT,api,71-84 days,JAL,JL,0,0,0,0
21/5/2026,SIN-LHR,2026-08-03,1122.0,74,0,Monday,False,SIN,1,LHR,api,71-84 days,British Airways,BA,0,0,0,0
21/5/2026,SIN-LHR,2026-08-03,1280.0,74,0,Monday,False,SIN,1,LHR,api,71-84 days,British Airways,BA,0,0,0,0
21/5/2026,SIN-LHR,2026-08-03,1293.0,74,0,Monday,False,SIN,1,LHR,api,71-84 days,Qantas,QF,0,0,0,0
21/5/2026,SIN-LHR,2026-08-03,2226.0,74,0,Monday,False,SIN,1,LHR,api,71-84 days,Singapore Airlines,SQ,0,0,0,0
21/5/2026,LHR-SIN,2026-08-03,1513.0,74,0,Monday,False,LHR,2,LHR,api,71-84 days,British Airways,BA,0,0,0,0
21/5/2026,LHR-SIN,2026-08-03,1958.0,74,0,Monday,False,LHR,2,LHR,api,71-84 days,Qantas,QF,0,0,0,0
21/5/2026,LHR-SIN,2026-08-03,2392.0,74,0,Monday,False,LHR,2,LHR,api,71-84 days,Singapore Airlines,SQ,0,0,0,0
21/5/2026,LHR-SIN,2026-08-03,2783.0,74,0,Monday,False,LHR,2,LHR,api,71-84 days,Singapore Airlines,SQ,0,0,0,0
21/5/2026,SIN-MEL,2026-08-03,264.0,74,0,Monday,False,SIN,1,MEL,api,71-84 days,Scoot,TR,1,0,0,0
21/5/2026,SIN-MEL,2026-08-03,284.0,74,0,Monday,False,SIN,1,MEL,api,71-84 days,Scoot,TR,1,0,0,0
21/5/2026,SIN-MEL,2026-08-03,376.0,74,0,Monday,False,SIN,1,MEL,api,71-84 days,Turkish Airlines,TK,0,0,0,0
21/5/2026,SIN-MEL,2026-08-03,790.0,74,0,Monday,False,SIN,1,MEL,api,71-84 days,Singapore Airlines,SQ,0,0,0,0
21/5/2026,SIN-MEL,2026-08-03,829.0,74,0,Monday,False,SIN,1,MEL,api,71-84 days,Jetstar,JQ,1,0,0,0
21/5/2026,SIN-MEL,2026-08-03,858.0,74,0,Monday,False,SIN,1,MEL,api,71-84 days,Singapore Airlines,SQ,0,0,0,0
21/5/2026,SIN-MEL,2026-08-03,939.0,74,0,Monday,False,SIN,1,MEL,api,71-84 days,Singapore Airlines,SQ,0,0,0,0
21/5/2026,SIN-MEL,2026-08-03,1009.0,74,0,Monday,False,SIN,1,MEL,api,71-84 days,Qantas,QF,0,0,0,0
21/5/2026,MEL-SIN,2026-08-03,204.0,74,0,Monday,False,MEL,2,MEL,api,71-84 days,Jetstar,JQ,1,0,0,0
21/5/2026,MEL-SIN,2026-08-03,223.0,74,0,Monday,False,MEL,2,MEL,api,71-84 days,Scoot,TR,1,0,0,0
21/5/2026,MEL-SIN,2026-08-03,392.0,74,0,Monday,False,MEL,2,MEL,api,71-84 days,Turkish Airlines,TK,0,0,0,0
21/5/2026,MEL-SIN,2026-08-03,647.0,74,0,Monday,False,MEL,2,MEL,api,71-84 days,Singapore Airlines,SQ,0,0,0,0
21/5/2026,MEL-SIN,2026-08-03,703.0,74,0,Monday,False,MEL,2,MEL,api,71-84 days,Singapore Airlines,SQ,0,0,0,0
21/5/2026,MEL-SIN,2026-08-03,726.0,74,0,Monday,False,MEL,2,MEL,api,71-84 days,Qantas,QF,0,0,0,0
23/5/2026,SIN-BKK,2026-08-03,186.0,72,0,Monday,False,SIN,1,BKK,api,71-84 days,Scoot,TR,1,0,0,0
23/5/2026,SIN-BKK,2026-08-03,332.0,72,0,Monday,False,SIN,1,BKK,api,71-84 days,THAI,TG,0,0,0,0
23/5/2026,SIN-BKK,2026-08-03,334.0,72,0,Monday,False,SIN,1,BKK,api,71-84 days,Singapore Airlines,SQ,0,0,0,0
23/5/2026,SIN-BKK,2026-08-03,363.0,72,0,Monday,False,SIN,1,BKK,api,71-84 days,Singapore Airlines,SQ,0,0,0,0
23/5/2026,BKK-SIN,2026-08-03,188.0,72,0,Monday,False,BKK,2,BKK,api,71-84 days,Scoot,TR,1,0,0,0
23/5/2026,BKK-SIN,2026-08-03,217.0,72,0,Monday,False,BKK,2,BKK,api,71-84 days,Scoot,TR,1,0,0,0
23/5/2026,BKK-SIN,2026-08-03,255.0,72,0,Monday,False,BKK,2,BKK,api,71-84 days,Singapore Airlines,SQ,0,0,0,0
23/5/2026,BKK-SIN,2026-08-03,261.0,72,0,Monday,False,BKK,2,BKK,api,71-84 days,THAI,TG,0,0,0,0
23/5/2026,BKK-SIN,2026-08-03,262.0,72,0,Monday,False,BKK,2,BKK,api,71-84 days,Singapore Airlines,SQ,0,0,0,0
23/5/2026,BKK-SIN,2026-08-03,272.0,72,0,Monday,False,BKK,2,BKK,api,71-84 days,Singapore Airlines,SQ,0,0,0,0
23/5/2026,BKK-SIN,2026-08-03,312.0,72,0,Monday,False,BKK,2,BKK,api,71-84 days,Scoot,TR,1,0,0,0
23/5/2026,BKK-SIN,2026-08-03,349.0,72,0,Monday,False,BKK,2,BKK,api,71-84 days,THAI,TG,0,0,0,0
23/5/2026,SIN-NRT,2026-08-03,313.0,72,0,Monday,False,SIN,1,NRT,api,71-84 days,Scoot,TR,1,0,0,0
23/5/2026,SIN-NRT,2026-08-03,786.0,72,0,Monday,False,SIN,1,NRT,api,71-84 days,ANA,NH,0,0,0,0
23/5/2026,SIN-NRT,2026-08-03,786.0,72,0,Monday,False,SIN,1,NRT,api,71-84 days,Singapore Airlines,SQ,0,0,0,0
23/5/2026,SIN-NRT,2026-08-03,1090.0,72,0,Monday,False,SIN,1,NRT,api,71-84 days,JAL,JL,0,0,0,0
23/5/2026,NRT-SIN,2026-08-03,343.0,72,0,Monday,False,NRT,2,NRT,api,71-84 days,Scoot,TR,1,0,0,0
23/5/2026,NRT-SIN,2026-08-03,1659.0,72,0,Monday,False,NRT,2,NRT,api,71-84 days,Singapore Airlines,SQ,0,0,0,0
23/5/2026,NRT-SIN,2026-08-03,1659.0,72,0,Monday,False,NRT,2,NRT,api,71-84 days,ANA,NH,0,0,0,0
23/5/2026,NRT-SIN,2026-08-03,1709.0,72,0,Monday,False,NRT,2,NRT,api,71-84 days,JAL,JL,0,0,0,0
23/5/2026,SIN-LHR,2026-08-03,1123.0,72,0,Monday,False,SIN,1,LHR,api,71-84 days,British Airways,BA,0,0,0,0
23/5/2026,SIN-LHR,2026-08-03,1280.0,72,0,Monday,False,SIN,1,LHR,api,71-84 days,British Airways,BA,0,0,0,0
23/5/2026,SIN-LHR,2026-08-03,1293.0,72,0,Monday,False,SIN,1,LHR,api,71-84 days,Qantas,QF,0,0,0,0
23/5/2026,SIN-LHR,2026-08-03,2226.0,72,0,Monday,False,SIN,1,LHR,api,71-84 days,Singapore Airlines,SQ,0,0,0,0
23/5/2026,LHR-SIN,2026-08-03,1518.0,72,0,Monday,False,LHR,2,LHR,api,71-84 days,British Airways,BA,0,0,0,0
23/5/2026,LHR-SIN,2026-08-03,1673.0,72,0,Monday,False,LHR,2,LHR,api,71-84 days,British Airways,BA,0,0,0,0
23/5/2026,LHR-SIN,2026-08-03,2215.0,72,0,Monday,False,LHR,2,LHR,api,71-84 days,Qantas,QF,0,0,0,0
23/5/2026,LHR-SIN,2026-08-03,2499.0,72,0,Monday,False,LHR,2,LHR,api,71-84 days,Singapore Airlines,SQ,0,0,0,0
23/5/2026,LHR-SIN,2026-08-03,2955.0,72,0,Monday,False,LHR,2,LHR,api,71-84 days,Singapore Airlines,SQ,0,0,0,0
23/5/2026,SIN-MEL,2026-08-03,264.0,72,0,Monday,False,SIN,1,MEL,api,71-84 days,Scoot,TR,1,0,0,0
23/5/2026,SIN-MEL,2026-08-03,284.0,72,0,Monday,False,SIN,1,MEL,api,71-84 days,Scoot,TR,1,0,0,0
23/5/2026,SIN-MEL,2026-08-03,376.0,72,0,Monday,False,SIN,1,MEL,api,71-84 days,Turkish Airlines,TK,0,0,0,0
23/5/2026,SIN-MEL,2026-08-03,790.0,72,0,Monday,False,SIN,1,MEL,api,71-84 days,Singapore Airlines,SQ,0,0,0,0
23/5/2026,SIN-MEL,2026-08-03,829.0,72,0,Monday,False,SIN,1,MEL,api,71-84 days,Jetstar,JQ,1,0,0,0
23/5/2026,SIN-MEL,2026-08-03,858.0,72,0,Monday,False,SIN,1,MEL,api,71-84 days,Singapore Airlines,SQ,0,0,0,0
23/5/2026,SIN-MEL,2026-08-03,939.0,72,0,Monday,False,SIN,1,MEL,api,71-84 days,Singapore Airlines,SQ,0,0,0,0
23/5/2026,SIN-MEL,2026-08-03,1009.0,72,0,Monday,False,SIN,1,MEL,api,71-84 days,Qantas,QF,0,0,0,0
23/5/2026,MEL-SIN,2026-08-03,223.0,72,0,Monday,False,MEL,2,MEL,api,71-84 days,Jetstar,JQ,1,0,0,0
23/5/2026,MEL-SIN,2026-08-03,223.0,72,0,Monday,False,MEL,2,MEL,api,71-84 days,Scoot,TR,1,0,0,0
23/5/2026,MEL-SIN,2026-08-03,393.0,72,0,Monday,False,MEL,2,MEL,api,71-84 days,Turkish Airlines,TK,0,0,0,0
23/5/2026,MEL-SIN,2026-08-03,649.0,72,0,Monday,False,MEL,2,MEL,api,71-84 days,Singapore Airlines,SQ,0,0,0,0
23/5/2026,MEL-SIN,2026-08-03,705.0,72,0,Monday,False,MEL,2,MEL,api,71-84 days,Singapore Airlines,SQ,0,0,0,0
23/5/2026,MEL-SIN,2026-08-03,728.0,72,0,Monday,False,MEL,2,MEL,api,71-84 days,Qantas,QF,0,0,0,0
21/5/2026,BKK-SIN,2026-05-30,236.0,9,5,Saturday,True,BKK,2,BKK,api,1-14 days,Scoot,TR,1,1,1,0
21/5/2026,BKK-SIN,2026-05-30,297.0,9,5,Saturday,True,BKK,2,BKK,api,1-14 days,Scoot,TR,1,1,1,0
21/5/2026,BKK-SIN,2026-05-30,347.0,9,5,Saturday,True,BKK,2,BKK,api,1-14 days,Scoot,TR,1,1,1,0
21/5/2026,BKK-SIN,2026-05-30,362.0,9,5,Saturday,True,BKK,2,BKK,api,1-14 days,THAI,TG,0,1,1,0
21/5/2026,BKK-SIN,2026-05-30,400.0,9,5,Saturday,True,BKK,2,BKK,api,1-14 days,Scoot,TR,1,1,1,0
21/5/2026,BKK-SIN,2026-05-30,446.0,9,5,Saturday,True,BKK,2,BKK,api,1-14 days,Singapore Airlines,SQ,0,1,1,0
21/5/2026,BKK-SIN,2026-05-30,522.0,9,5,Saturday,True,BKK,2,BKK,api,1-14 days,THAI,TG,0,1,1,0
21/5/2026,BKK-SIN,2026-05-30,581.0,9,5,Saturday,True,BKK,2,BKK,api,1-14 days,THAI,TG,0,1,1,0
21/5/2026,BKK-SIN,2026-05-30,585.0,9,5,Saturday,True,BKK,2,BKK,api,1-14 days,Singapore Airlines,SQ,0,1,1,0
21/5/2026,BKK-SIN,2026-05-30,618.0,9,5,Saturday,True,BKK,2,BKK,api,1-14 days,Singapore Airlines,SQ,0,1,1,0
21/5/2026,BKK-SIN,2026-05-30,725.0,9,5,Saturday,True,BKK,2,BKK,api,1-14 days,Singapore Airlines,SQ,0,1,1,0
21/5/2026,LHR-SIN,2026-05-30,1310.0,9,5,Saturday,True,LHR,2,LHR,api,1-14 days,British Airways,BA,0,1,0,0
21/5/2026,LHR-SIN,2026-05-30,1617.0,9,5,Saturday,True,LHR,2,LHR,api,1-14 days,Qantas,QF,0,1,0,0
21/5/2026,LHR-SIN,2026-05-30,1705.0,9,5,Saturday,True,LHR,2,LHR,api,1-14 days,Singapore Airlines,SQ,0,1,0,0
21/5/2026,MEL-SIN,2026-05-30,397.0,9,5,Saturday,True,MEL,2,MEL,api,1-14 days,Scoot,TR,1,1,0,0
21/5/2026,MEL-SIN,2026-05-30,400.0,9,5,Saturday,True,MEL,2,MEL,api,1-14 days,Jetstar,JQ,1,1,0,0
21/5/2026,MEL-SIN,2026-05-30,452.0,9,5,Saturday,True,MEL,2,MEL,api,1-14 days,Scoot,TR,1,1,0,0
21/5/2026,MEL-SIN,2026-05-30,529.0,9,5,Saturday,True,MEL,2,MEL,api,1-14 days,Turkish Airlines,TK,0,1,0,0
21/5/2026,MEL-SIN,2026-05-30,751.0,9,5,Saturday,True,MEL,2,MEL,api,1-14 days,Singapore Airlines,SQ,0,1,0,0
21/5/2026,MEL-SIN,2026-05-30,823.0,9,5,Saturday,True,MEL,2,MEL,api,1-14 days,Singapore Airlines,SQ,0,1,0,0
21/5/2026,MEL-SIN,2026-05-30,934.0,9,5,Saturday,True,MEL,2,MEL,api,1-14 days,Qantas,QF,0,1,0,0
21/5/2026,MEL-SIN,2026-05-30,1134.0,9,5,Saturday,True,MEL,2,MEL,api,1-14 days,Singapore Airlines,SQ,0,1,0,0
21/5/2026,NRT-SIN,2026-05-30,506.0,9,5,Saturday,True,NRT,2,NRT,api,1-14 days,Scoot,TR,1,1,0,0
21/5/2026,NRT-SIN,2026-05-30,1955.0,9,5,Saturday,True,NRT,2,NRT,api,1-14 days,Singapore Airlines,SQ,0,1,0,0
21/5/2026,NRT-SIN,2026-05-30,2022.0,9,5,Saturday,True,NRT,2,NRT,api,1-14 days,JAL,JL,0,1,0,0
21/5/2026,NRT-SIN,2026-05-30,2202.0,9,5,Saturday,True,NRT,2,NRT,api,1-14 days,Singapore Airlines,SQ,0,1,0,0
21/5/2026,NRT-SIN,2026-05-30,2735.0,9,5,Saturday,True,NRT,2,NRT,api,1-14 days,ANA,NH,0,1,0,0
21/5/2026,SIN-BKK,2026-05-30,243.0,9,5,Saturday,True,SIN,1,BKK,api,1-14 days,Scoot,TR,1,1,1,0
21/5/2026,SIN-BKK,2026-05-30,276.0,9,5,Saturday,True,SIN,1,BKK,api,1-14 days,Scoot,TR,1,1,1,0
21/5/2026,SIN-BKK,2026-05-30,278.0,9,5,Saturday,True,SIN,1,BKK,api,1-14 days,THAI,TG,0,1,1,0
21/5/2026,SIN-BKK,2026-05-30,337.0,9,5,Saturday,True,SIN,1,BKK,api,1-14 days,Scoot,TR,1,1,1,0
21/5/2026,SIN-BKK,2026-05-30,415.0,9,5,Saturday,True,SIN,1,BKK,api,1-14 days,THAI,TG,0,1,1,0
21/5/2026,SIN-BKK,2026-05-30,449.0,9,5,Saturday,True,SIN,1,BKK,api,1-14 days,THAI,TG,0,1,1,0
21/5/2026,SIN-BKK,2026-05-30,478.0,9,5,Saturday,True,SIN,1,BKK,api,1-14 days,THAI,TG,0,1,1,0
21/5/2026,SIN-BKK,2026-05-30,549.0,9,5,Saturday,True,SIN,1,BKK,api,1-14 days,Singapore Airlines,SQ,0,1,1,0
21/5/2026,SIN-BKK,2026-05-30,611.0,9,5,Saturday,True,SIN,1,BKK,api,1-14 days,Singapore Airlines,SQ,0,1,1,0
21/5/2026,SIN-BKK,2026-05-30,659.0,9,5,Saturday,True,SIN,1,BKK,api,1-14 days,Singapore Airlines,SQ,0,1,1,0
21/5/2026,SIN-BKK,2026-05-30,870.0,9,5,Saturday,True,SIN,1,BKK,api,1-14 days,Singapore Airlines,SQ,0,1,1,0
21/5/2026,SIN-LHR,2026-05-30,2226.0,9,5,Saturday,True,SIN,1,LHR,api,1-14 days,Singapore Airlines,SQ,0,1,0,0
21/5/2026,SIN-LHR,2026-05-30,2758.0,9,5,Saturday,True,SIN,1,LHR,api,1-14 days,British Airways,BA,0,1,0,0
21/5/2026,SIN-LHR,2026-05-30,3039.0,9,5,Saturday,True,SIN,1,LHR,api,1-14 days,Qantas,QF,0,1,0,0
21/5/2026,SIN-LHR,2026-05-30,3066.0,9,5,Saturday,True,SIN,1,LHR,api,1-14 days,Singapore Airlines,SQ,0,1,0,0
21/5/2026,SIN-LHR,2026-05-30,3388.0,9,5,Saturday,True,SIN,1,LHR,api,1-14 days,British Airways,BA,0,1,0,0
21/5/2026,SIN-MEL,2026-05-30,523.0,9,5,Saturday,True,SIN,1,MEL,api,1-14 days,Turkish Airlines,TK,0,1,0,0
21/5/2026,SIN-MEL,2026-05-30,539.0,9,5,Saturday,True,SIN,1,MEL,api,1-14 days,Jetstar,JQ,1,1,0,0
21/5/2026,SIN-MEL,2026-05-30,609.0,9,5,Saturday,True,SIN,1,MEL,api,1-14 days,Scoot,TR,1,1,0,0
21/5/2026,SIN-MEL,2026-05-30,1043.0,9,5,Saturday,True,SIN,1,MEL,api,1-14 days,Qantas,QF,0,1,0,0
21/5/2026,SIN-MEL,2026-05-30,1128.0,9,5,Saturday,True,SIN,1,MEL,api,1-14 days,Singapore Airlines,SQ,0,1,0,0
21/5/2026,SIN-MEL,2026-05-30,1300.0,9,5,Saturday,True,SIN,1,MEL,api,1-14 days,Scoot,TR,1,1,0,0
21/5/2026,SIN-MEL,2026-05-30,1717.0,9,5,Saturday,True,SIN,1,MEL,api,1-14 days,Singapore Airlines,SQ,0,1,0,0
21/5/2026,SIN-MEL,2026-05-30,1927.0,9,5,Saturday,True,SIN,1,MEL,api,1-14 days,Singapore Airlines,SQ,0,1,0,0
21/5/2026,SIN-MEL,2026-05-30,2467.0,9,5,Saturday,True,SIN,1,MEL,api,1-14 days,Singapore Airlines,SQ,0,1,0,0
21/5/2026,SIN-NRT,2026-05-30,363.0,9,5,Saturday,True,SIN,1,NRT,api,1-14 days,Scoot,TR,1,1,0,0
21/5/2026,SIN-NRT,2026-05-30,666.0,9,5,Saturday,True,SIN,1,NRT,api,1-14 days,ZIPAIR Tokyo,ZG,1,1,0,0
21/5/2026,SIN-NRT,2026-05-30,923.0,9,5,Saturday,True,SIN,1,NRT,api,1-14 days,ANA,NH,0,1,0,0
21/5/2026,SIN-NRT,2026-05-30,1210.0,9,5,Saturday,True,SIN,1,NRT,api,1-14 days,JAL,JL,0,1,0,0
21/5/2026,SIN-NRT,2026-05-30,1376.0,9,5,Saturday,True,SIN,1,NRT,api,1-14 days,Singapore Airlines,SQ,0,1,0,0
21/5/2026,SIN-NRT,2026-05-30,1561.0,9,5,Saturday,True,SIN,1,NRT,api,1-14 days,Singapore Airlines,SQ,0,1,0,0
25/5/2026,SIN-BKK,2026-05-30,243.0,5,5,Saturday,True,SIN,1,BKK,api,1-14 days,Scoot,TR,1,1,1,0
25/5/2026,SIN-BKK,2026-05-30,276.0,5,5,Saturday,True,SIN,1,BKK,api,1-14 days,Scoot,TR,1,1,1,0
25/5/2026,SIN-BKK,2026-05-30,337.0,5,5,Saturday,True,SIN,1,BKK,api,1-14 days,Scoot,TR,1,1,1,0
25/5/2026,SIN-BKK,2026-05-30,415.0,5,5,Saturday,True,SIN,1,BKK,api,1-14 days,THAI,TG,0,1,1,0
25/5/2026,SIN-BKK,2026-05-30,549.0,5,5,Saturday,True,SIN,1,BKK,api,1-14 days,Singapore Airlines,SQ,0,1,1,0
25/5/2026,SIN-BKK,2026-05-30,611.0,5,5,Saturday,True,SIN,1,BKK,api,1-14 days,Singapore Airlines,SQ,0,1,1,0
25/5/2026,SIN-BKK,2026-05-30,659.0,5,5,Saturday,True,SIN,1,BKK,api,1-14 days,Singapore Airlines,SQ,0,1,1,0
25/5/2026,SIN-BKK,2026-05-30,870.0,5,5,Saturday,True,SIN,1,BKK,api,1-14 days,Singapore Airlines,SQ,0,1,1,0
25/5/2026,BKK-SIN,2026-05-30,348.0,5,5,Saturday,True,BKK,2,BKK,api,1-14 days,Scoot,TR,1,1,1,0
25/5/2026,BKK-SIN,2026-05-30,402.0,5,5,Saturday,True,BKK,2,BKK,api,1-14 days,Scoot,TR,1,1,1,0
25/5/2026,BKK-SIN,2026-05-30,432.0,5,5,Saturday,True,BKK,2,BKK,api,1-14 days,THAI,TG,0,1,1,0
25/5/2026,BKK-SIN,2026-05-30,467.0,5,5,Saturday,True,BKK,2,BKK,api,1-14 days,Scoot,TR,1,1,1,0
25/5/2026,BKK-SIN,2026-05-30,513.0,5,5,Saturday,True,BKK,2,BKK,api,1-14 days,Singapore Airlines,SQ,0,1,1,0
25/5/2026,BKK-SIN,2026-05-30,524.0,5,5,Saturday,True,BKK,2,BKK,api,1-14 days,THAI,TG,0,1,1,0
25/5/2026,BKK-SIN,2026-05-30,583.0,5,5,Saturday,True,BKK,2,BKK,api,1-14 days,THAI,TG,0,1,1,0
25/5/2026,BKK-SIN,2026-05-30,587.0,5,5,Saturday,True,BKK,2,BKK,api,1-14 days,Singapore Airlines,SQ,0,1,1,0
25/5/2026,BKK-SIN,2026-05-30,728.0,5,5,Saturday,True,BKK,2,BKK,api,1-14 days,Singapore Airlines,SQ,0,1,1,0
25/5/2026,SIN-NRT,2026-05-30,363.0,5,5,Saturday,True,SIN,1,NRT,api,1-14 days,Scoot,TR,1,1,0,0
25/5/2026,SIN-NRT,2026-05-30,536.0,5,5,Saturday,True,SIN,1,NRT,api,1-14 days,ZIPAIR Tokyo,ZG,1,1,0,0
25/5/2026,SIN-NRT,2026-05-30,1090.0,5,5,Saturday,True,SIN,1,NRT,api,1-14 days,JAL,JL,0,1,0,0
25/5/2026,SIN-NRT,2026-05-30,1189.0,5,5,Saturday,True,SIN,1,NRT,api,1-14 days,ANA,NH,0,1,0,0
25/5/2026,SIN-NRT,2026-05-30,1376.0,5,5,Saturday,True,SIN,1,NRT,api,1-14 days,Singapore Airlines,SQ,0,1,0,0
25/5/2026,SIN-NRT,2026-05-30,1561.0,5,5,Saturday,True,SIN,1,NRT,api,1-14 days,Singapore Airlines,SQ,0,1,0,0
25/5/2026,NRT-SIN,2026-05-30,570.0,5,5,Saturday,True,NRT,2,NRT,api,1-14 days,Scoot,TR,1,1,0,0
25/5/2026,NRT-SIN,2026-05-30,2017.0,5,5,Saturday,True,NRT,2,NRT,api,1-14 days,Singapore Airlines,SQ,0,1,0,0
25/5/2026,NRT-SIN,2026-05-30,2017.0,5,5,Saturday,True,NRT,2,NRT,api,1-14 days,ANA,NH,0,1,0,0
25/5/2026,NRT-SIN,2026-05-30,2077.0,5,5,Saturday,True,NRT,2,NRT,api,1-14 days,JAL,JL,0,1,0,0
25/5/2026,SIN-LHR,2026-05-30,2226.0,5,5,Saturday,True,SIN,1,LHR,api,1-14 days,Singapore Airlines,SQ,0,1,0,0
25/5/2026,SIN-LHR,2026-05-30,3039.0,5,5,Saturday,True,SIN,1,LHR,api,1-14 days,Qantas,QF,0,1,0,0
25/5/2026,SIN-LHR,2026-05-30,3066.0,5,5,Saturday,True,SIN,1,LHR,api,1-14 days,Singapore Airlines,SQ,0,1,0,0
25/5/2026,SIN-LHR,2026-05-30,3388.0,5,5,Saturday,True,SIN,1,LHR,api,1-14 days,British Airways,BA,0,1,0,0
25/5/2026,LHR-SIN,2026-05-30,1211.0,5,5,Saturday,True,LHR,2,LHR,api,1-14 days,British Airways,BA,0,1,0,0
25/5/2026,LHR-SIN,2026-05-30,1316.0,5,5,Saturday,True,LHR,2,LHR,api,1-14 days,British Airways,BA,0,1,0,0
25/5/2026,LHR-SIN,2026-05-30,1437.0,5,5,Saturday,True,LHR,2,LHR,api,1-14 days,Qantas,QF,0,1,0,0
25/5/2026,LHR-SIN,2026-05-30,1782.0,5,5,Saturday,True,LHR,2,LHR,api,1-14 days,Singapore Airlines,SQ,0,1,0,0
25/5/2026,SIN-MEL,2026-05-30,523.0,5,5,Saturday,True,SIN,1,MEL,api,1-14 days,Turkish Airlines,TK,0,1,0,0
25/5/2026,SIN-MEL,2026-05-30,589.0,5,5,Saturday,True,SIN,1,MEL,api,1-14 days,Jetstar,JQ,1,1,0,0
25/5/2026,SIN-MEL,2026-05-30,1019.0,5,5,Saturday,True,SIN,1,MEL,api,1-14 days,Qantas,QF,0,1,0,0
25/5/2026,SIN-MEL,2026-05-30,1043.0,5,5,Saturday,True,SIN,1,MEL,api,1-14 days,Qantas,QF,0,1,0,0
25/5/2026,SIN-MEL,2026-05-30,1300.0,5,5,Saturday,True,SIN,1,MEL,api,1-14 days,Scoot,TR,1,1,0,0
25/5/2026,SIN-MEL,2026-05-30,1317.0,5,5,Saturday,True,SIN,1,MEL,api,1-14 days,Singapore Airlines,SQ,0,1,0,0
25/5/2026,SIN-MEL,2026-05-30,1927.0,5,5,Saturday,True,SIN,1,MEL,api,1-14 days,Singapore Airlines,SQ,0,1,0,0
25/5/2026,SIN-MEL,2026-05-30,2467.0,5,5,Saturday,True,SIN,1,MEL,api,1-14 days,Singapore Airlines,SQ,0,1,0,0
25/5/2026,MEL-SIN,2026-05-30,401.0,5,5,Saturday,True,MEL,2,MEL,api,1-14 days,Jetstar,JQ,1,1,0,0
25/5/2026,MEL-SIN,2026-05-30,454.0,5,5,Saturday,True,MEL,2,MEL,api,1-14 days,Scoot,TR,1,1,0,0
25/5/2026,MEL-SIN,2026-05-30,513.0,5,5,Saturday,True,MEL,2,MEL,api,1-14 days,Scoot,TR,1,1,0,0
25/5/2026,MEL-SIN,2026-05-30,531.0,5,5,Saturday,True,MEL,2,MEL,api,1-14 days,Turkish Airlines,TK,0,1,0,0
25/5/2026,MEL-SIN,2026-05-30,831.0,5,5,Saturday,True,MEL,2,MEL,api,1-14 days,Singapore Airlines,SQ,0,1,0,0
25/5/2026,MEL-SIN,2026-05-30,850.0,5,5,Saturday,True,MEL,2,MEL,api,1-14 days,Qantas,QF,0,1,0,0
25/5/2026,MEL-SIN,2026-05-30,1138.0,5,5,Saturday,True,MEL,2,MEL,api,1-14 days,Singapore Airlines,SQ,0,1,0,0
25/5/2026,SIN-BKK,2026-06-11,243.0,17,3,Thursday,False,SIN,1,BKK,api,15-28 days,Scoot,TR,1,0,0,1
25/5/2026,SIN-BKK,2026-06-11,276.0,17,3,Thursday,False,SIN,1,BKK,api,15-28 days,Scoot,TR,1,0,0,1
25/5/2026,SIN-BKK,2026-06-11,278.0,17,3,Thursday,False,SIN,1,BKK,api,15-28 days,THAI,TG,0,0,0,1
25/5/2026,SIN-BKK,2026-06-11,468.0,17,3,Thursday,False,SIN,1,BKK,api,15-28 days,Singapore Airlines,SQ,0,0,0,1
25/5/2026,SIN-BKK,2026-06-11,478.0,17,3,Thursday,False,SIN,1,BKK,api,15-28 days,THAI,TG,0,0,0,1
25/5/2026,SIN-BKK,2026-06-11,534.0,17,3,Thursday,False,SIN,1,BKK,api,15-28 days,Singapore Airlines,SQ,0,0,0,1
25/5/2026,SIN-BKK,2026-06-11,611.0,17,3,Thursday,False,SIN,1,BKK,api,15-28 days,Singapore Airlines,SQ,0,0,0,1
25/5/2026,SIN-BKK,2026-06-11,699.0,17,3,Thursday,False,SIN,1,BKK,api,15-28 days,Singapore Airlines,SQ,0,0,0,1
25/5/2026,BKK-SIN,2026-06-11,151.0,17,3,Thursday,False,BKK,2,BKK,api,15-28 days,Scoot,TR,1,0,0,1
25/5/2026,BKK-SIN,2026-06-11,173.0,17,3,Thursday,False,BKK,2,BKK,api,15-28 days,Scoot,TR,1,0,0,1
25/5/2026,BKK-SIN,2026-06-11,246.0,17,3,Thursday,False,BKK,2,BKK,api,15-28 days,THAI,TG,0,0,0,1
25/5/2026,BKK-SIN,2026-06-11,269.0,17,3,Thursday,False,BKK,2,BKK,api,15-28 days,Singapore Airlines,SQ,0,0,0,1
25/5/2026,BKK-SIN,2026-06-11,281.0,17,3,Thursday,False,BKK,2,BKK,api,15-28 days,Singapore Airlines,SQ,0,0,0,1
25/5/2026,BKK-SIN,2026-06-11,312.0,17,3,Thursday,False,BKK,2,BKK,api,15-28 days,THAI,TG,0,0,0,1
25/5/2026,BKK-SIN,2026-06-11,448.0,17,3,Thursday,False,BKK,2,BKK,api,15-28 days,Singapore Airlines,SQ,0,0,0,1
25/5/2026,BKK-SIN,2026-06-11,620.0,17,3,Thursday,False,BKK,2,BKK,api,15-28 days,Singapore Airlines,SQ,0,0,0,1
25/5/2026,SIN-NRT,2026-06-11,313.0,17,3,Thursday,False,SIN,1,NRT,api,15-28 days,Scoot,TR,1,0,0,1
25/5/2026,SIN-NRT,2026-06-11,316.0,17,3,Thursday,False,SIN,1,NRT,api,15-28 days,ZIPAIR Tokyo,ZG,1,0,0,1
25/5/2026,SIN-NRT,2026-06-11,786.0,17,3,Thursday,False,SIN,1,NRT,api,15-28 days,ANA,NH,0,0,0,1
25/5/2026,SIN-NRT,2026-06-11,1090.0,17,3,Thursday,False,SIN,1,NRT,api,15-28 days,JAL,JL,0,0,0,1
25/5/2026,SIN-NRT,2026-06-11,1206.0,17,3,Thursday,False,SIN,1,NRT,api,15-28 days,Singapore Airlines,SQ,0,0,0,1
25/5/2026,NRT-SIN,2026-06-11,224.0,17,3,Thursday,False,NRT,2,NRT,api,15-28 days,Scoot,TR,1,0,0,1
25/5/2026,NRT-SIN,2026-06-11,404.0,17,3,Thursday,False,NRT,2,NRT,api,15-28 days,ZIPAIR Tokyo,ZG,1,0,0,1
25/5/2026,NRT-SIN,2026-06-11,1592.0,17,3,Thursday,False,NRT,2,NRT,api,15-28 days,Singapore Airlines,SQ,0,0,0,1
25/5/2026,NRT-SIN,2026-06-11,1658.0,17,3,Thursday,False,NRT,2,NRT,api,15-28 days,ANA,NH,0,0,0,1
25/5/2026,NRT-SIN,2026-06-11,1707.0,17,3,Thursday,False,NRT,2,NRT,api,15-28 days,JAL,JL,0,0,0,1
25/5/2026,SIN-LHR,2026-06-11,1280.0,17,3,Thursday,False,SIN,1,LHR,api,15-28 days,British Airways,BA,0,0,0,1
25/5/2026,SIN-LHR,2026-06-11,1420.0,17,3,Thursday,False,SIN,1,LHR,api,15-28 days,British Airways,BA,0,0,0,1
25/5/2026,SIN-LHR,2026-06-11,1830.0,17,3,Thursday,False,SIN,1,LHR,api,15-28 days,Singapore Airlines,SQ,0,0,0,1
25/5/2026,SIN-LHR,2026-06-11,2144.0,17,3,Thursday,False,SIN,1,LHR,api,15-28 days,Qantas,QF,0,0,0,1
25/5/2026,LHR-SIN,2026-06-11,1087.0,17,3,Thursday,False,LHR,2,LHR,api,15-28 days,Qantas,QF,0,0,0,1
25/5/2026,LHR-SIN,2026-06-11,1316.0,17,3,Thursday,False,LHR,2,LHR,api,15-28 days,British Airways,BA,0,0,0,1
25/5/2026,LHR-SIN,2026-06-11,1487.0,17,3,Thursday,False,LHR,2,LHR,api,15-28 days,Singapore Airlines,SQ,0,0,0,1
25/5/2026,LHR-SIN,2026-06-11,1733.0,17,3,Thursday,False,LHR,2,LHR,api,15-28 days,Singapore Airlines,SQ,0,0,0,1
25/5/2026,SIN-MEL,2026-06-11,235.0,17,3,Thursday,False,SIN,1,MEL,api,15-28 days,Jetstar,JQ,1,0,0,1
25/5/2026,SIN-MEL,2026-06-11,324.0,17,3,Thursday,False,SIN,1,MEL,api,15-28 days,Scoot,TR,1,0,0,1
25/5/2026,SIN-MEL,2026-06-11,858.0,17,3,Thursday,False,SIN,1,MEL,api,15-28 days,Singapore Airlines,SQ,0,0,0,1
25/5/2026,SIN-MEL,2026-06-11,1009.0,17,3,Thursday,False,SIN,1,MEL,api,15-28 days,Qantas,QF,0,0,0,1
25/5/2026,SIN-MEL,2026-06-11,1269.0,17,3,Thursday,False,SIN,1,MEL,api,15-28 days,Singapore Airlines,SQ,0,0,0,1
25/5/2026,SIN-MEL,2026-06-11,1513.0,17,3,Thursday,False,SIN,1,MEL,api,15-28 days,Singapore Airlines,SQ,0,0,0,1
25/5/2026,SIN-MEL,2026-06-11,1717.0,17,3,Thursday,False,SIN,1,MEL,api,15-28 days,Singapore Airlines,SQ,0,0,0,1
25/5/2026,SIN-MEL,2026-06-11,1927.0,17,3,Thursday,False,SIN,1,MEL,api,15-28 days,Singapore Airlines,SQ,0,0,0,1
25/5/2026,MEL-SIN,2026-06-11,454.0,17,3,Thursday,False,MEL,2,MEL,api,15-28 days,Scoot,TR,1,0,0,1
25/5/2026,MEL-SIN,2026-06-11,551.0,17,3,Thursday,False,MEL,2,MEL,api,15-28 days,Jetstar,JQ,1,0,0,1
25/5/2026,MEL-SIN,2026-06-11,850.0,17,3,Thursday,False,MEL,2,MEL,api,15-28 days,Qantas,QF,0,0,0,1
25/5/2026,MEL-SIN,2026-06-11,970.0,17,3,Thursday,False,MEL,2,MEL,api,15-28 days,Singapore Airlines,SQ,0,0,0,1
25/5/2026,MEL-SIN,2026-06-11,1116.0,17,3,Thursday,False,MEL,2,MEL,api,15-28 days,Qantas,QF,0,0,0,1
25/5/2026,MEL-SIN,2026-06-11,1138.0,17,3,Thursday,False,MEL,2,MEL,api,15-28 days,Singapore Airlines,SQ,0,0,0,1
25/5/2026,MEL-SIN,2026-06-11,1335.0,17,3,Thursday,False,MEL,2,MEL,api,15-28 days,Singapore Airlines,SQ,0,0,0,1
25/5/2026,SIN-BKK,2026-06-30,166.0,36,1,Tuesday,False,SIN,1,BKK,api,29-42 days,Scoot,TR,1,0,0,1
25/5/2026,SIN-BKK,2026-06-30,186.0,36,1,Tuesday,False,SIN,1,BKK,api,29-42 days,Scoot,TR,1,0,0,1
25/5/2026,SIN-BKK,2026-06-30,278.0,36,1,Tuesday,False,SIN,1,BKK,api,29-42 days,THAI,TG,0,0,0,1
25/5/2026,SIN-BKK,2026-06-30,363.0,36,1,Tuesday,False,SIN,1,BKK,api,29-42 days,Singapore Airlines,SQ,0,0,0,1
25/5/2026,BKK-SIN,2026-06-30,188.0,36,1,Tuesday,False,BKK,2,BKK,api,29-42 days,Scoot,TR,1,0,0,1
25/5/2026,BKK-SIN,2026-06-30,218.0,36,1,Tuesday,False,BKK,2,BKK,api,29-42 days,Scoot,TR,1,0,0,1
25/5/2026,BKK-SIN,2026-06-30,256.0,36,1,Tuesday,False,BKK,2,BKK,api,29-42 days,Singapore Airlines,SQ,0,0,0,1
25/5/2026,BKK-SIN,2026-06-30,262.0,36,1,Tuesday,False,BKK,2,BKK,api,29-42 days,THAI,TG,0,0,0,1
25/5/2026,BKK-SIN,2026-06-30,264.0,36,1,Tuesday,False,BKK,2,BKK,api,29-42 days,Singapore Airlines,SQ,0,0,0,1
25/5/2026,BKK-SIN,2026-06-30,266.0,36,1,Tuesday,False,BKK,2,BKK,api,29-42 days,Singapore Airlines,SQ,0,0,0,1
25/5/2026,SIN-NRT,2026-06-30,263.0,36,1,Tuesday,False,SIN,1,NRT,api,29-42 days,Scoot,TR,1,0,0,1
25/5/2026,SIN-NRT,2026-06-30,786.0,36,1,Tuesday,False,SIN,1,NRT,api,29-42 days,ANA,NH,0,0,0,1
25/5/2026,SIN-NRT,2026-06-30,786.0,36,1,Tuesday,False,SIN,1,NRT,api,29-42 days,Singapore Airlines,SQ,0,0,0,1
25/5/2026,SIN-NRT,2026-06-30,1090.0,36,1,Tuesday,False,SIN,1,NRT,api,29-42 days,JAL,JL,0,0,0,1
25/5/2026,NRT-SIN,2026-06-30,224.0,36,1,Tuesday,False,NRT,2,NRT,api,29-42 days,Scoot,TR,1,0,0,1
25/5/2026,NRT-SIN,2026-06-30,270.0,36,1,Tuesday,False,NRT,2,NRT,api,29-42 days,ZIPAIR Tokyo,ZG,1,0,0,1
25/5/2026,NRT-SIN,2026-06-30,1658.0,36,1,Tuesday,False,NRT,2,NRT,api,29-42 days,Singapore Airlines,SQ,0,0,0,1
25/5/2026,NRT-SIN,2026-06-30,1658.0,36,1,Tuesday,False,NRT,2,NRT,api,29-42 days,ANA,NH,0,0,0,1
25/5/2026,NRT-SIN,2026-06-30,1707.0,36,1,Tuesday,False,NRT,2,NRT,api,29-42 days,JAL,JL,0,0,0,1
25/5/2026,SIN-LHR,2026-06-30,1172.0,36,1,Tuesday,False,SIN,1,LHR,api,29-42 days,Qantas,QF,0,0,0,1
25/5/2026,SIN-LHR,2026-06-30,1280.0,36,1,Tuesday,False,SIN,1,LHR,api,29-42 days,British Airways,BA,0,0,0,1
25/5/2026,SIN-LHR,2026-06-30,1317.0,36,1,Tuesday,False,SIN,1,LHR,api,29-42 days,Singapore Airlines,SQ,0,0,0,1
25/5/2026,SIN-LHR,2026-06-30,1665.0,36,1,Tuesday,False,SIN,1,LHR,api,29-42 days,British Airways,BA,0,0,0,1
25/5/2026,SIN-LHR,2026-06-30,1830.0,36,1,Tuesday,False,SIN,1,LHR,api,29-42 days,Singapore Airlines,SQ,0,0,0,1
25/5/2026,SIN-LHR,2026-06-30,2226.0,36,1,Tuesday,False,SIN,1,LHR,api,29-42 days,Singapore Airlines,SQ,0,0,0,1
25/5/2026,LHR-SIN,2026-06-30,1673.0,36,1,Tuesday,False,LHR,2,LHR,api,29-42 days,British Airways,BA,0,0,0,1
25/5/2026,LHR-SIN,2026-06-30,1766.0,36,1,Tuesday,False,LHR,2,LHR,api,29-42 days,British Airways,BA,0,0,0,1
25/5/2026,LHR-SIN,2026-06-30,2151.0,36,1,Tuesday,False,LHR,2,LHR,api,29-42 days,Singapore Airlines,SQ,0,0,0,1
25/5/2026,LHR-SIN,2026-06-30,2220.0,36,1,Tuesday,False,LHR,2,LHR,api,29-42 days,Qantas,QF,0,0,0,1
25/5/2026,LHR-SIN,2026-06-30,3194.0,36,1,Tuesday,False,LHR,2,LHR,api,29-42 days,Singapore Airlines,SQ,0,0,0,1
25/5/2026,SIN-MEL,2026-06-30,244.0,36,1,Tuesday,False,SIN,1,MEL,api,29-42 days,Scoot,TR,1,0,0,1
25/5/2026,SIN-MEL,2026-06-30,284.0,36,1,Tuesday,False,SIN,1,MEL,api,29-42 days,Scoot,TR,1,0,0,1
25/5/2026,SIN-MEL,2026-06-30,289.0,36,1,Tuesday,False,SIN,1,MEL,api,29-42 days,Jetstar,JQ,1,0,0,1
25/5/2026,SIN-MEL,2026-06-30,490.0,36,1,Tuesday,False,SIN,1,MEL,api,29-42 days,Singapore Airlines,SQ,0,0,0,1
25/5/2026,SIN-MEL,2026-06-30,682.0,36,1,Tuesday,False,SIN,1,MEL,api,29-42 days,Singapore Airlines,SQ,0,0,0,1
25/5/2026,SIN-MEL,2026-06-30,1009.0,36,1,Tuesday,False,SIN,1,MEL,api,29-42 days,Qantas,QF,0,0,0,1
25/5/2026,SIN-MEL,2026-06-30,1513.0,36,1,Tuesday,False,SIN,1,MEL,api,29-42 days,Singapore Airlines,SQ,0,0,0,1
25/5/2026,SIN-MEL,2026-06-30,1717.0,36,1,Tuesday,False,SIN,1,MEL,api,29-42 days,Singapore Airlines,SQ,0,0,0,1
25/5/2026,MEL-SIN,2026-06-30,691.0,36,1,Tuesday,False,MEL,2,MEL,api,29-42 days,Jetstar,JQ,1,0,0,1
25/5/2026,MEL-SIN,2026-06-30,841.0,36,1,Tuesday,False,MEL,2,MEL,api,29-42 days,Scoot,TR,1,0,0,1
25/5/2026,MEL-SIN,2026-06-30,1129.0,36,1,Tuesday,False,MEL,2,MEL,api,29-42 days,Qantas,QF,0,0,0,1
25/5/2026,MEL-SIN,2026-06-30,1138.0,36,1,Tuesday,False,MEL,2,MEL,api,29-42 days,Singapore Airlines,SQ,0,0,0,1
25/5/2026,MEL-SIN,2026-06-30,1335.0,36,1,Tuesday,False,MEL,2,MEL,api,29-42 days,Singapore Airlines,SQ,0,0,0,1
25/5/2026,MEL-SIN,2026-06-30,1757.0,36,1,Tuesday,False,MEL,2,MEL,api,29-42 days,Singapore Airlines,SQ,0,0,0,1
25/5/2026,MEL-SIN,2026-06-30,1787.0,36,1,Tuesday,False,MEL,2,MEL,api,29-42 days,Qantas,QF,0,0,0,1
25/5/2026,SIN-BKK,2026-07-15,186.0,51,2,Wednesday,False,SIN,1,BKK,api,43-56 days,Scoot,TR,1,0,0,0
25/5/2026,SIN-BKK,2026-07-15,210.0,51,2,Wednesday,False,SIN,1,BKK,api,43-56 days,Scoot,TR,1,0,0,0
25/5/2026,SIN-BKK,2026-07-15,243.0,51,2,Wednesday,False,SIN,1,BKK,api,43-56 days,Scoot,TR,1,0,0,0
25/5/2026,SIN-BKK,2026-07-15,332.0,51,2,Wednesday,False,SIN,1,BKK,api,43-56 days,THAI,TG,0,0,0,0
25/5/2026,SIN-BKK,2026-07-15,363.0,51,2,Wednesday,False,SIN,1,BKK,api,43-56 days,Singapore Airlines,SQ,0,0,0,0
25/5/2026,BKK-SIN,2026-07-15,188.0,51,2,Wednesday,False,BKK,2,BKK,api,43-56 days,Scoot,TR,1,0,0,0
25/5/2026,BKK-SIN,2026-07-15,218.0,51,2,Wednesday,False,BKK,2,BKK,api,43-56 days,Scoot,TR,1,0,0,0
25/5/2026,BKK-SIN,2026-07-15,256.0,51,2,Wednesday,False,BKK,2,BKK,api,43-56 days,Singapore Airlines,SQ,0,0,0,0
25/5/2026,BKK-SIN,2026-07-15,262.0,51,2,Wednesday,False,BKK,2,BKK,api,43-56 days,THAI,TG,0,0,0,0
25/5/2026,BKK-SIN,2026-07-15,263.0,51,2,Wednesday,False,BKK,2,BKK,api,43-56 days,Singapore Airlines,SQ,0,0,0,0
25/5/2026,BKK-SIN,2026-07-15,265.0,51,2,Wednesday,False,BKK,2,BKK,api,43-56 days,Singapore Airlines,SQ,0,0,0,0
25/5/2026,SIN-NRT,2026-07-15,183.0,51,2,Wednesday,False,SIN,1,NRT,api,43-56 days,ZIPAIR Tokyo,ZG,1,0,0,0
25/5/2026,SIN-NRT,2026-07-15,263.0,51,2,Wednesday,False,SIN,1,NRT,api,43-56 days,Scoot,TR,1,0,0,0
25/5/2026,SIN-NRT,2026-07-15,786.0,51,2,Wednesday,False,SIN,1,NRT,api,43-56 days,ANA,NH,0,0,0,0
25/5/2026,SIN-NRT,2026-07-15,786.0,51,2,Wednesday,False,SIN,1,NRT,api,43-56 days,Singapore Airlines,SQ,0,0,0,0
25/5/2026,SIN-NRT,2026-07-15,1090.0,51,2,Wednesday,False,SIN,1,NRT,api,43-56 days,JAL,JL,0,0,0,0
25/5/2026,NRT-SIN,2026-07-15,191.0,51,2,Wednesday,False,NRT,2,NRT,api,43-56 days,Scoot,TR,1,0,0,0
25/5/2026,NRT-SIN,2026-07-15,231.0,51,2,Wednesday,False,NRT,2,NRT,api,43-56 days,ZIPAIR Tokyo,ZG,1,0,0,0
25/5/2026,NRT-SIN,2026-07-15,1658.0,51,2,Wednesday,False,NRT,2,NRT,api,43-56 days,Singapore Airlines,SQ,0,0,0,0
25/5/2026,NRT-SIN,2026-07-15,1658.0,51,2,Wednesday,False,NRT,2,NRT,api,43-56 days,ANA,NH,0,0,0,0
25/5/2026,NRT-SIN,2026-07-15,1707.0,51,2,Wednesday,False,NRT,2,NRT,api,43-56 days,JAL,JL,0,0,0,0
25/5/2026,SIN-LHR,2026-07-15,1100.0,51,2,Wednesday,False,SIN,1,LHR,api,43-56 days,Qantas,QF,0,0,0,0
25/5/2026,SIN-LHR,2026-07-15,1280.0,51,2,Wednesday,False,SIN,1,LHR,api,43-56 days,British Airways,BA,0,0,0,0
25/5/2026,SIN-LHR,2026-07-15,1317.0,51,2,Wednesday,False,SIN,1,LHR,api,43-56 days,Singapore Airlines,SQ,0,0,0,0
25/5/2026,SIN-LHR,2026-07-15,1545.0,51,2,Wednesday,False,SIN,1,LHR,api,43-56 days,Singapore Airlines,SQ,0,0,0,0
25/5/2026,SIN-LHR,2026-07-15,2226.0,51,2,Wednesday,False,SIN,1,LHR,api,43-56 days,Singapore Airlines,SQ,0,0,0,0
25/5/2026,LHR-SIN,2026-07-15,1949.0,51,2,Wednesday,False,LHR,2,LHR,api,43-56 days,British Airways,BA,0,0,0,0
25/5/2026,LHR-SIN,2026-07-15,2504.0,51,2,Wednesday,False,LHR,2,LHR,api,43-56 days,Singapore Airlines,SQ,0,0,0,0
25/5/2026,LHR-SIN,2026-07-15,2597.0,51,2,Wednesday,False,LHR,2,LHR,api,43-56 days,Qantas,QF,0,0,0,0
25/5/2026,SIN-MEL,2026-07-15,540.0,51,2,Wednesday,False,SIN,1,MEL,api,43-56 days,Scoot,TR,1,0,0,0
25/5/2026,SIN-MEL,2026-07-15,691.0,51,2,Wednesday,False,SIN,1,MEL,api,43-56 days,Scoot,TR,1,0,0,0
25/5/2026,SIN-MEL,2026-07-15,806.0,51,2,Wednesday,False,SIN,1,MEL,api,43-56 days,Turkish Airlines,TK,0,0,0,0
25/5/2026,SIN-MEL,2026-07-15,1132.0,51,2,Wednesday,False,SIN,1,MEL,api,43-56 days,Qantas,QF,0,0,0,0
25/5/2026,SIN-MEL,2026-07-15,1717.0,51,2,Wednesday,False,SIN,1,MEL,api,43-56 days,Singapore Airlines,SQ,0,0,0,0
25/5/2026,SIN-MEL,2026-07-15,1866.0,51,2,Wednesday,False,SIN,1,MEL,api,43-56 days,Singapore Airlines,SQ,0,0,0,0
25/5/2026,SIN-MEL,2026-07-15,2467.0,51,2,Wednesday,False,SIN,1,MEL,api,43-56 days,Singapore Airlines,SQ,0,0,0,0
25/5/2026,MEL-SIN,2026-07-15,224.0,51,2,Wednesday,False,MEL,2,MEL,api,43-56 days,Scoot,TR,1,0,0,0
25/5/2026,MEL-SIN,2026-07-15,242.0,51,2,Wednesday,False,MEL,2,MEL,api,43-56 days,Scoot,TR,1,0,0,0
25/5/2026,MEL-SIN,2026-07-15,429.0,51,2,Wednesday,False,MEL,2,MEL,api,43-56 days,Turkish Airlines,TK,0,0,0,0
25/5/2026,MEL-SIN,2026-07-15,483.0,51,2,Wednesday,False,MEL,2,MEL,api,43-56 days,Singapore Airlines,SQ,0,0,0,0
25/5/2026,MEL-SIN,2026-07-15,692.0,51,2,Wednesday,False,MEL,2,MEL,api,43-56 days,Qantas,QF,0,0,0,0
25/5/2026,MEL-SIN,2026-07-15,753.0,51,2,Wednesday,False,MEL,2,MEL,api,43-56 days,Singapore Airlines,SQ,0,0,0,0
25/5/2026,MEL-SIN,2026-07-15,1138.0,51,2,Wednesday,False,MEL,2,MEL,api,43-56 days,Singapore Airlines,SQ,0,0,0,0
25/5/2026,SIN-BKK,2026-07-18,186.0,54,5,Saturday,True,SIN,1,BKK,api,43-56 days,Scoot,TR,1,0,0,0
25/5/2026,SIN-BKK,2026-07-18,210.0,54,5,Saturday,True,SIN,1,BKK,api,43-56 days,Scoot,TR,1,0,0,0
25/5/2026,SIN-BKK,2026-07-18,243.0,54,5,Saturday,True,SIN,1,BKK,api,43-56 days,Scoot,TR,1,0,0,0
25/5/2026,SIN-BKK,2026-07-18,332.0,54,5,Saturday,True,SIN,1,BKK,api,43-56 days,THAI,TG,0,0,0,0
25/5/2026,SIN-BKK,2026-07-18,334.0,54,5,Saturday,True,SIN,1,BKK,api,43-56 days,Singapore Airlines,SQ,0,0,0,0
25/5/2026,SIN-BKK,2026-07-18,343.0,54,5,Saturday,True,SIN,1,BKK,api,43-56 days,Singapore Airlines,SQ,0,0,0,0
25/5/2026,SIN-BKK,2026-07-18,363.0,54,5,Saturday,True,SIN,1,BKK,api,43-56 days,Singapore Airlines,SQ,0,0,0,0
25/5/2026,BKK-SIN,2026-07-18,188.0,54,5,Saturday,True,BKK,2,BKK,api,43-56 days,Scoot,TR,1,0,0,0
25/5/2026,BKK-SIN,2026-07-18,256.0,54,5,Saturday,True,BKK,2,BKK,api,43-56 days,Singapore Airlines,SQ,0,0,0,0
25/5/2026,BKK-SIN,2026-07-18,262.0,54,5,Saturday,True,BKK,2,BKK,api,43-56 days,THAI,TG,0,0,0,0
25/5/2026,BKK-SIN,2026-07-18,263.0,54,5,Saturday,True,BKK,2,BKK,api,43-56 days,Singapore Airlines,SQ,0,0,0,0
25/5/2026,BKK-SIN,2026-07-18,283.0,54,5,Saturday,True,BKK,2,BKK,api,43-56 days,Singapore Airlines,SQ,0,0,0,0
25/5/2026,SIN-NRT,2026-07-18,204.0,54,5,Saturday,True,SIN,1,NRT,api,43-56 days,ZIPAIR Tokyo,ZG,1,0,1,0
25/5/2026,SIN-NRT,2026-07-18,313.0,54,5,Saturday,True,SIN,1,NRT,api,43-56 days,Scoot,TR,1,0,1,0
25/5/2026,SIN-NRT,2026-07-18,724.0,54,5,Saturday,True,SIN,1,NRT,api,43-56 days,Singapore Airlines,SQ,0,0,1,0
25/5/2026,SIN-NRT,2026-07-18,816.0,54,5,Saturday,True,SIN,1,NRT,api,43-56 days,Singapore Airlines,SQ,0,0,1,0
25/5/2026,SIN-NRT,2026-07-18,923.0,54,5,Saturday,True,SIN,1,NRT,api,43-56 days,ANA,NH,0,0,1,0
25/5/2026,SIN-NRT,2026-07-18,1090.0,54,5,Saturday,True,SIN,1,NRT,api,43-56 days,JAL,JL,0,0,1,0
25/5/2026,NRT-SIN,2026-07-18,342.0,54,5,Saturday,True,NRT,2,NRT,api,43-56 days,Scoot,TR,1,0,1,0
25/5/2026,NRT-SIN,2026-07-18,1592.0,54,5,Saturday,True,NRT,2,NRT,api,43-56 days,Singapore Airlines,SQ,0,0,1,0
25/5/2026,NRT-SIN,2026-07-18,1658.0,54,5,Saturday,True,NRT,2,NRT,api,43-56 days,ANA,NH,0,0,1,0
25/5/2026,NRT-SIN,2026-07-18,1658.0,54,5,Saturday,True,NRT,2,NRT,api,43-56 days,Singapore Airlines,SQ,0,0,1,0
25/5/2026,NRT-SIN,2026-07-18,1707.0,54,5,Saturday,True,NRT,2,NRT,api,43-56 days,JAL,JL,0,0,1,0
25/5/2026,SIN-LHR,2026-07-18,821.0,54,5,Saturday,True,SIN,1,LHR,api,43-56 days,Singapore Airlines,SQ,0,0,0,0
25/5/2026,SIN-LHR,2026-07-18,1100.0,54,5,Saturday,True,SIN,1,LHR,api,43-56 days,Qantas,QF,0,0,0,0
25/5/2026,SIN-LHR,2026-07-18,1123.0,54,5,Saturday,True,SIN,1,LHR,api,43-56 days,British Airways,BA,0,0,0,0
25/5/2026,SIN-LHR,2026-07-18,1545.0,54,5,Saturday,True,SIN,1,LHR,api,43-56 days,Singapore Airlines,SQ,0,0,0,0
25/5/2026,SIN-LHR,2026-07-18,2226.0,54,5,Saturday,True,SIN,1,LHR,api,43-56 days,Singapore Airlines,SQ,0,0,0,0
25/5/2026,LHR-SIN,2026-07-18,2254.0,54,5,Saturday,True,LHR,2,LHR,api,43-56 days,Qantas,QF,0,0,0,0
25/5/2026,LHR-SIN,2026-07-18,2835.0,54,5,Saturday,True,LHR,2,LHR,api,43-56 days,British Airways,BA,0,0,0,0
25/5/2026,LHR-SIN,2026-07-18,3013.0,54,5,Saturday,True,LHR,2,LHR,api,43-56 days,Singapore Airlines,SQ,0,0,0,0
25/5/2026,LHR-SIN,2026-07-18,3642.0,54,5,Saturday,True,LHR,2,LHR,api,43-56 days,Singapore Airlines,SQ,0,0,0,0
25/5/2026,LHR-SIN,2026-07-18,4037.0,54,5,Saturday,True,LHR,2,LHR,api,43-56 days,British Airways,BA,0,0,0,0
25/5/2026,SIN-MEL,2026-07-18,649.0,54,5,Saturday,True,SIN,1,MEL,api,43-56 days,Jetstar,JQ,1,0,0,0
25/5/2026,SIN-MEL,2026-07-18,691.0,54,5,Saturday,True,SIN,1,MEL,api,43-56 days,Scoot,TR,1,0,0,0
25/5/2026,SIN-MEL,2026-07-18,1142.0,54,5,Saturday,True,SIN,1,MEL,api,43-56 days,Qantas,QF,0,0,0,0
25/5/2026,SIN-MEL,2026-07-18,1634.0,54,5,Saturday,True,SIN,1,MEL,api,43-56 days,Qantas,QF,0,0,0,0
25/5/2026,SIN-MEL,2026-07-18,1717.0,54,5,Saturday,True,SIN,1,MEL,api,43-56 days,Singapore Airlines,SQ,0,0,0,0
25/5/2026,SIN-MEL,2026-07-18,2367.0,54,5,Saturday,True,SIN,1,MEL,api,43-56 days,Turkish Airlines,TK,0,0,0,0
25/5/2026,MEL-SIN,2026-07-18,205.0,54,5,Saturday,True,MEL,2,MEL,api,43-56 days,Jetstar,JQ,1,0,0,0
25/5/2026,MEL-SIN,2026-07-18,224.0,54,5,Saturday,True,MEL,2,MEL,api,43-56 days,Scoot,TR,1,0,0,0
25/5/2026,MEL-SIN,2026-07-18,242.0,54,5,Saturday,True,MEL,2,MEL,api,43-56 days,Scoot,TR,1,0,0,0
25/5/2026,MEL-SIN,2026-07-18,429.0,54,5,Saturday,True,MEL,2,MEL,api,43-56 days,Turkish Airlines,TK,0,0,0,0
25/5/2026,MEL-SIN,2026-07-18,457.0,54,5,Saturday,True,MEL,2,MEL,api,43-56 days,Singapore Airlines,SQ,0,0,0,0
25/5/2026,MEL-SIN,2026-07-18,483.0,54,5,Saturday,True,MEL,2,MEL,api,43-56 days,Singapore Airlines,SQ,0,0,0,0
25/5/2026,MEL-SIN,2026-07-18,692.0,54,5,Saturday,True,MEL,2,MEL,api,43-56 days,Qantas,QF,0,0,0,0
25/5/2026,MEL-SIN,2026-07-18,1138.0,54,5,Saturday,True,MEL,2,MEL,api,43-56 days,Singapore Airlines,SQ,0,0,0,0
25/5/2026,SIN-BKK,2026-08-03,186.0,70,0,Monday,False,SIN,1,BKK,api,57-70 days,Scoot,TR,1,0,0,0
25/5/2026,SIN-BKK,2026-08-03,332.0,70,0,Monday,False,SIN,1,BKK,api,57-70 days,THAI,TG,0,0,0,0
25/5/2026,SIN-BKK,2026-08-03,334.0,70,0,Monday,False,SIN,1,BKK,api,57-70 days,Singapore Airlines,SQ,0,0,0,0
25/5/2026,SIN-BKK,2026-08-03,363.0,70,0,Monday,False,SIN,1,BKK,api,57-70 days,Singapore Airlines,SQ,0,0,0,0
25/5/2026,BKK-SIN,2026-08-03,188.0,70,0,Monday,False,BKK,2,BKK,api,57-70 days,Scoot,TR,1,0,0,0
25/5/2026,BKK-SIN,2026-08-03,218.0,70,0,Monday,False,BKK,2,BKK,api,57-70 days,Scoot,TR,1,0,0,0
25/5/2026,BKK-SIN,2026-08-03,256.0,70,0,Monday,False,BKK,2,BKK,api,57-70 days,Singapore Airlines,SQ,0,0,0,0
25/5/2026,BKK-SIN,2026-08-03,262.0,70,0,Monday,False,BKK,2,BKK,api,57-70 days,THAI,TG,0,0,0,0
25/5/2026,BKK-SIN,2026-08-03,263.0,70,0,Monday,False,BKK,2,BKK,api,57-70 days,Singapore Airlines,SQ,0,0,0,0
25/5/2026,BKK-SIN,2026-08-03,273.0,70,0,Monday,False,BKK,2,BKK,api,57-70 days,Singapore Airlines,SQ,0,0,0,0
25/5/2026,BKK-SIN,2026-08-03,314.0,70,0,Monday,False,BKK,2,BKK,api,57-70 days,Scoot,TR,1,0,0,0
25/5/2026,BKK-SIN,2026-08-03,350.0,70,0,Monday,False,BKK,2,BKK,api,57-70 days,THAI,TG,0,0,0,0
25/5/2026,SIN-NRT,2026-08-03,313.0,70,0,Monday,False,SIN,1,NRT,api,57-70 days,Scoot,TR,1,0,0,0
25/5/2026,SIN-NRT,2026-08-03,786.0,70,0,Monday,False,SIN,1,NRT,api,57-70 days,ANA,NH,0,0,0,0
25/5/2026,SIN-NRT,2026-08-03,786.0,70,0,Monday,False,SIN,1,NRT,api,57-70 days,Singapore Airlines,SQ,0,0,0,0
25/5/2026,SIN-NRT,2026-08-03,1090.0,70,0,Monday,False,SIN,1,NRT,api,57-70 days,JAL,JL,0,0,0,0
25/5/2026,NRT-SIN,2026-08-03,342.0,70,0,Monday,False,NRT,2,NRT,api,57-70 days,Scoot,TR,1,0,0,0
25/5/2026,NRT-SIN,2026-08-03,1658.0,70,0,Monday,False,NRT,2,NRT,api,57-70 days,Singapore Airlines,SQ,0,0,0,0
25/5/2026,NRT-SIN,2026-08-03,1658.0,70,0,Monday,False,NRT,2,NRT,api,57-70 days,ANA,NH,0,0,0,0
25/5/2026,NRT-SIN,2026-08-03,1707.0,70,0,Monday,False,NRT,2,NRT,api,57-70 days,JAL,JL,0,0,0,0
25/5/2026,SIN-LHR,2026-08-03,1123.0,70,0,Monday,False,SIN,1,LHR,api,57-70 days,British Airways,BA,0,0,0,0
25/5/2026,SIN-LHR,2026-08-03,1280.0,70,0,Monday,False,SIN,1,LHR,api,57-70 days,British Airways,BA,0,0,0,0
25/5/2026,SIN-LHR,2026-08-03,1293.0,70,0,Monday,False,SIN,1,LHR,api,57-70 days,Qantas,QF,0,0,0,0
25/5/2026,SIN-LHR,2026-08-03,2226.0,70,0,Monday,False,SIN,1,LHR,api,57-70 days,Singapore Airlines,SQ,0,0,0,0
25/5/2026,LHR-SIN,2026-08-03,1521.0,70,0,Monday,False,LHR,2,LHR,api,57-70 days,British Airways,BA,0,0,0,0
25/5/2026,LHR-SIN,2026-08-03,1676.0,70,0,Monday,False,LHR,2,LHR,api,57-70 days,British Airways,BA,0,0,0,0
25/5/2026,LHR-SIN,2026-08-03,2220.0,70,0,Monday,False,LHR,2,LHR,api,57-70 days,Qantas,QF,0,0,0,0
25/5/2026,LHR-SIN,2026-08-03,2504.0,70,0,Monday,False,LHR,2,LHR,api,57-70 days,Singapore Airlines,SQ,0,0,0,0
25/5/2026,SIN-MEL,2026-08-03,264.0,70,0,Monday,False,SIN,1,MEL,api,57-70 days,Scoot,TR,1,0,0,0
25/5/2026,SIN-MEL,2026-08-03,284.0,70,0,Monday,False,SIN,1,MEL,api,57-70 days,Scoot,TR,1,0,0,0
25/5/2026,SIN-MEL,2026-08-03,376.0,70,0,Monday,False,SIN,1,MEL,api,57-70 days,Turkish Airlines,TK,0,0,0,0
25/5/2026,SIN-MEL,2026-08-03,829.0,70,0,Monday,False,SIN,1,MEL,api,57-70 days,Jetstar,JQ,1,0,0,0
25/5/2026,SIN-MEL,2026-08-03,858.0,70,0,Monday,False,SIN,1,MEL,api,57-70 days,Singapore Airlines,SQ,0,0,0,0
25/5/2026,SIN-MEL,2026-08-03,939.0,70,0,Monday,False,SIN,1,MEL,api,57-70 days,Singapore Airlines,SQ,0,0,0,0
25/5/2026,SIN-MEL,2026-08-03,1009.0,70,0,Monday,False,SIN,1,MEL,api,57-70 days,Qantas,QF,0,0,0,0
25/5/2026,MEL-SIN,2026-08-03,224.0,70,0,Monday,False,MEL,2,MEL,api,57-70 days,Jetstar,JQ,1,0,0,0
25/5/2026,MEL-SIN,2026-08-03,224.0,70,0,Monday,False,MEL,2,MEL,api,57-70 days,Scoot,TR,1,0,0,0
25/5/2026,MEL-SIN,2026-08-03,394.0,70,0,Monday,False,MEL,2,MEL,api,57-70 days,Turkish Airlines,TK,0,0,0,0
25/5/2026,MEL-SIN,2026-08-03,650.0,70,0,Monday,False,MEL,2,MEL,api,57-70 days,Singapore Airlines,SQ,0,0,0,0
25/5/2026,MEL-SIN,2026-08-03,706.0,70,0,Monday,False,MEL,2,MEL,api,57-70 days,Singapore Airlines,SQ,0,0,0,0
25/5/2026,MEL-SIN,2026-08-03,729.0,70,0,Monday,False,MEL,2,MEL,api,57-70 days,Qantas,QF,0,0,0,0
2026-05-27,SIN-BKK,2026-05-30,243.0,3,5,Saturday,True,SIN,1,BKK,api,1-14 days,Scoot,TR,1,1,1,0
2026-05-27,SIN-BKK,2026-05-30,276.0,3,5,Saturday,True,SIN,1,BKK,api,1-14 days,Scoot,TR,1,1,1,0
2026-05-27,SIN-BKK,2026-05-30,278.0,3,5,Saturday,True,SIN,1,BKK,api,1-14 days,THAI,TG,0,1,1,0
2026-05-27,SIN-BKK,2026-05-30,337.0,3,5,Saturday,True,SIN,1,BKK,api,1-14 days,Scoot,TR,1,1,1,0
2026-05-27,SIN-BKK,2026-05-30,390.0,3,5,Saturday,True,SIN,1,BKK,api,1-14 days,Scoot,TR,1,1,1,0
2026-05-27,SIN-BKK,2026-05-30,415.0,3,5,Saturday,True,SIN,1,BKK,api,1-14 days,THAI,TG,0,1,1,0
2026-05-27,SIN-BKK,2026-05-30,611.0,3,5,Saturday,True,SIN,1,BKK,api,1-14 days,Singapore Airlines,SQ,0,1,1,0
2026-05-27,SIN-BKK,2026-05-30,870.0,3,5,Saturday,True,SIN,1,BKK,api,1-14 days,Singapore Airlines,SQ,0,1,1,0
2026-05-27,BKK-SIN,2026-05-30,347.0,3,5,Saturday,True,BKK,2,BKK,api,1-14 days,Scoot,TR,1,1,1,0
2026-05-27,BKK-SIN,2026-05-30,431.0,3,5,Saturday,True,BKK,2,BKK,api,1-14 days,THAI,TG,0,1,1,0
2026-05-27,BKK-SIN,2026-05-30,465.0,3,5,Saturday,True,BKK,2,BKK,api,1-14 days,Scoot,TR,1,1,1,0
2026-05-27,BKK-SIN,2026-05-30,471.0,3,5,Saturday,True,BKK,2,BKK,api,1-14 days,THAI,TG,0,1,1,0
2026-05-27,BKK-SIN,2026-05-30,512.0,3,5,Saturday,True,BKK,2,BKK,api,1-14 days,Singapore Airlines,SQ,0,1,1,0
2026-05-27,BKK-SIN,2026-05-30,522.0,3,5,Saturday,True,BKK,2,BKK,api,1-14 days,THAI,TG,0,1,1,0
2026-05-27,BKK-SIN,2026-05-30,581.0,3,5,Saturday,True,BKK,2,BKK,api,1-14 days,THAI,TG,0,1,1,0
2026-05-27,BKK-SIN,2026-05-30,585.0,3,5,Saturday,True,BKK,2,BKK,api,1-14 days,Singapore Airlines,SQ,0,1,1,0
2026-05-27,BKK-SIN,2026-05-30,725.0,3,5,Saturday,True,BKK,2,BKK,api,1-14 days,Singapore Airlines,SQ,0,1,1,0
2026-05-27,SIN-NRT,2026-05-30,313.0,3,5,Saturday,True,SIN,1,NRT,api,1-14 days,Scoot,TR,1,1,0,0
2026-05-27,SIN-NRT,2026-05-30,536.0,3,5,Saturday,True,SIN,1,NRT,api,1-14 days,ZIPAIR Tokyo,ZG,1,1,0,0
2026-05-27,SIN-NRT,2026-05-30,923.0,3,5,Saturday,True,SIN,1,NRT,api,1-14 days,ANA,NH,0,1,0,0
2026-05-27,SIN-NRT,2026-05-30,1089.0,3,5,Saturday,True,SIN,1,NRT,api,1-14 days,JAL,JL,0,1,0,0
2026-05-27,SIN-NRT,2026-05-30,1376.0,3,5,Saturday,True,SIN,1,NRT,api,1-14 days,Singapore Airlines,SQ,0,1,0,0
2026-05-27,SIN-NRT,2026-05-30,1561.0,3,5,Saturday,True,SIN,1,NRT,api,1-14 days,Singapore Airlines,SQ,0,1,0,0
2026-05-27,NRT-SIN,2026-05-30,664.0,3,5,Saturday,True,NRT,2,NRT,api,1-14 days,Scoot,TR,1,1,0,0
2026-05-27,NRT-SIN,2026-05-30,2012.0,3,5,Saturday,True,NRT,2,NRT,api,1-14 days,Singapore Airlines,SQ,0,1,0,0
2026-05-27,NRT-SIN,2026-05-30,2195.0,3,5,Saturday,True,NRT,2,NRT,api,1-14 days,Singapore Airlines,SQ,0,1,0,0
2026-05-27,NRT-SIN,2026-05-30,2344.0,3,5,Saturday,True,NRT,2,NRT,api,1-14 days,JAL,JL,0,1,0,0
2026-05-27,NRT-SIN,2026-05-30,3494.0,3,5,Saturday,True,NRT,2,NRT,api,1-14 days,ANA,NH,0,1,0,0
2026-05-27,SIN-LHR,2026-05-30,2640.0,3,5,Saturday,True,SIN,1,LHR,api,1-14 days,British Airways,BA,0,1,0,0
2026-05-27,SIN-LHR,2026-05-30,3039.0,3,5,Saturday,True,SIN,1,LHR,api,1-14 days,Qantas,QF,0,1,0,0
2026-05-27,SIN-LHR,2026-05-30,3066.0,3,5,Saturday,True,SIN,1,LHR,api,1-14 days,Singapore Airlines,SQ,0,1,0,0
2026-05-27,SIN-LHR,2026-05-30,3387.0,3,5,Saturday,True,SIN,1,LHR,api,1-14 days,British Airways,BA,0,1,0,0
2026-05-27,LHR-SIN,2026-05-30,1206.0,3,5,Saturday,True,LHR,2,LHR,api,1-14 days,British Airways,BA,0,1,0,0
2026-05-27,LHR-SIN,2026-05-30,1311.0,3,5,Saturday,True,LHR,2,LHR,api,1-14 days,British Airways,BA,0,1,0,0
2026-05-27,LHR-SIN,2026-05-30,1431.0,3,5,Saturday,True,LHR,2,LHR,api,1-14 days,Qantas,QF,0,1,0,0
2026-05-27,LHR-SIN,2026-05-30,1775.0,3,5,Saturday,True,LHR,2,LHR,api,1-14 days,Singapore Airlines,SQ,0,1,0,0
2026-05-27,SIN-MEL,2026-05-30,589.0,3,5,Saturday,True,SIN,1,MEL,api,1-14 days,Jetstar,JQ,1,1,0,0
2026-05-27,SIN-MEL,2026-05-30,599.0,3,5,Saturday,True,SIN,1,MEL,api,1-14 days,Turkish Airlines,TK,0,1,0,0
2026-05-27,SIN-MEL,2026-05-30,1044.0,3,5,Saturday,True,SIN,1,MEL,api,1-14 days,Qantas,QF,0,1,0,0
2026-05-27,SIN-MEL,2026-05-30,1300.0,3,5,Saturday,True,SIN,1,MEL,api,1-14 days,Scoot,TR,1,1,0,0
2026-05-27,SIN-MEL,2026-05-30,1318.0,3,5,Saturday,True,SIN,1,MEL,api,1-14 days,Singapore Airlines,SQ,0,1,0,0
2026-05-27,SIN-MEL,2026-05-30,1928.0,3,5,Saturday,True,SIN,1,MEL,api,1-14 days,Singapore Airlines,SQ,0,1,0,0
2026-05-27,SIN-MEL,2026-05-30,2468.0,3,5,Saturday,True,SIN,1,MEL,api,1-14 days,Singapore Airlines,SQ,0,1,0,0
2026-05-27,MEL-SIN,2026-05-30,400.0,3,5,Saturday,True,MEL,2,MEL,api,1-14 days,Jetstar,JQ,1,1,0,0
2026-05-27,MEL-SIN,2026-05-30,452.0,3,5,Saturday,True,MEL,2,MEL,api,1-14 days,Scoot,TR,1,1,0,0
2026-05-27,MEL-SIN,2026-05-30,511.0,3,5,Saturday,True,MEL,2,MEL,api,1-14 days,Scoot,TR,1,1,0,0
2026-05-27,MEL-SIN,2026-05-30,529.0,3,5,Saturday,True,MEL,2,MEL,api,1-14 days,Turkish Airlines,TK,0,1,0,0
2026-05-27,MEL-SIN,2026-05-30,831.0,3,5,Saturday,True,MEL,2,MEL,api,1-14 days,Singapore Airlines,SQ,0,1,0,0
2026-05-27,MEL-SIN,2026-05-30,847.0,3,5,Saturday,True,MEL,2,MEL,api,1-14 days,Qantas,QF,0,1,0,0
2026-05-27,MEL-SIN,2026-05-30,864.0,3,5,Saturday,True,MEL,2,MEL,api,1-14 days,Singapore Airlines,SQ,0,1,0,0
2026-05-27,MEL-SIN,2026-05-30,1134.0,3,5,Saturday,True,MEL,2,MEL,api,1-14 days,Singapore Airlines,SQ,0,1,0,0
2026-05-27,SIN-BKK,2026-06-11,243.0,15,3,Thursday,False,SIN,1,BKK,api,15-28 days,Scoot,TR,1,0,0,1
2026-05-27,SIN-BKK,2026-06-11,276.0,15,3,Thursday,False,SIN,1,BKK,api,15-28 days,Scoot,TR,1,0,0,1
2026-05-27,SIN-BKK,2026-06-11,278.0,15,3,Thursday,False,SIN,1,BKK,api,15-28 days,THAI,TG,0,0,0,1
2026-05-27,SIN-BKK,2026-06-11,478.0,15,3,Thursday,False,SIN,1,BKK,api,15-28 days,THAI,TG,0,0,0,1
2026-05-27,SIN-BKK,2026-06-11,534.0,15,3,Thursday,False,SIN,1,BKK,api,15-28 days,Singapore Airlines,SQ,0,0,0,1
2026-05-27,SIN-BKK,2026-06-11,611.0,15,3,Thursday,False,SIN,1,BKK,api,15-28 days,Singapore Airlines,SQ,0,0,0,1
2026-05-27,SIN-BKK,2026-06-11,659.0,15,3,Thursday,False,SIN,1,BKK,api,15-28 days,Singapore Airlines,SQ,0,0,0,1
2026-05-27,SIN-BKK,2026-06-11,699.0,15,3,Thursday,False,SIN,1,BKK,api,15-28 days,Singapore Airlines,SQ,0,0,0,1
2026-05-27,BKK-SIN,2026-06-11,150.0,15,3,Thursday,False,BKK,2,BKK,api,15-28 days,Scoot,TR,1,0,0,1
2026-05-27,BKK-SIN,2026-06-11,173.0,15,3,Thursday,False,BKK,2,BKK,api,15-28 days,Scoot,TR,1,0,0,1
2026-05-27,BKK-SIN,2026-06-11,246.0,15,3,Thursday,False,BKK,2,BKK,api,15-28 days,THAI,TG,0,0,0,1
2026-05-27,BKK-SIN,2026-06-11,268.0,15,3,Thursday,False,BKK,2,BKK,api,15-28 days,Singapore Airlines,SQ,0,0,0,1
2026-05-27,BKK-SIN,2026-06-11,280.0,15,3,Thursday,False,BKK,2,BKK,api,15-28 days,Singapore Airlines,SQ,0,0,0,1
2026-05-27,BKK-SIN,2026-06-11,362.0,15,3,Thursday,False,BKK,2,BKK,api,15-28 days,THAI,TG,0,0,0,1
2026-05-27,BKK-SIN,2026-06-11,447.0,15,3,Thursday,False,BKK,2,BKK,api,15-28 days,Singapore Airlines,SQ,0,0,0,1
2026-05-27,BKK-SIN,2026-06-11,498.0,15,3,Thursday,False,BKK,2,BKK,api,15-28 days,Singapore Airlines,SQ,0,0,0,1
2026-05-27,BKK-SIN,2026-06-11,512.0,15,3,Thursday,False,BKK,2,BKK,api,15-28 days,Singapore Airlines,SQ,0,0,0,1
2026-05-27,BKK-SIN,2026-06-11,616.0,15,3,Thursday,False,BKK,2,BKK,api,15-28 days,Singapore Airlines,SQ,0,0,0,1
2026-05-27,SIN-NRT,2026-06-11,266.0,15,3,Thursday,False,SIN,1,NRT,api,15-28 days,ZIPAIR Tokyo,ZG,1,0,0,1
2026-05-27,SIN-NRT,2026-06-11,313.0,15,3,Thursday,False,SIN,1,NRT,api,15-28 days,Scoot,TR,1,0,0,1
2026-05-27,SIN-NRT,2026-06-11,923.0,15,3,Thursday,False,SIN,1,NRT,api,15-28 days,ANA,NH,0,0,0,1
2026-05-27,SIN-NRT,2026-06-11,1089.0,15,3,Thursday,False,SIN,1,NRT,api,15-28 days,JAL,JL,0,0,0,1
2026-05-27,SIN-NRT,2026-06-11,1376.0,15,3,Thursday,False,SIN,1,NRT,api,15-28 days,Singapore Airlines,SQ,0,0,0,1
2026-05-27,NRT-SIN,2026-06-11,223.0,15,3,Thursday,False,NRT,2,NRT,api,15-28 days,Scoot,TR,1,0,0,1
2026-05-27,NRT-SIN,2026-06-11,403.0,15,3,Thursday,False,NRT,2,NRT,api,15-28 days,ZIPAIR Tokyo,ZG,1,0,0,1
2026-05-27,NRT-SIN,2026-06-11,1587.0,15,3,Thursday,False,NRT,2,NRT,api,15-28 days,Singapore Airlines,SQ,0,0,0,1
2026-05-27,NRT-SIN,2026-06-11,1653.0,15,3,Thursday,False,NRT,2,NRT,api,15-28 days,ANA,NH,0,0,0,1
2026-05-27,NRT-SIN,2026-06-11,1702.0,15,3,Thursday,False,NRT,2,NRT,api,15-28 days,JAL,JL,0,0,0,1
2026-05-27,SIN-LHR,2026-06-11,1122.0,15,3,Thursday,False,SIN,1,LHR,api,15-28 days,British Airways,BA,0,0,0,1
2026-05-27,SIN-LHR,2026-06-11,1575.0,15,3,Thursday,False,SIN,1,LHR,api,15-28 days,British Airways,BA,0,0,0,1
2026-05-27,SIN-LHR,2026-06-11,1772.0,15,3,Thursday,False,SIN,1,LHR,api,15-28 days,Singapore Airlines,SQ,0,0,0,1
2026-05-27,SIN-LHR,2026-06-11,2144.0,15,3,Thursday,False,SIN,1,LHR,api,15-28 days,Qantas,QF,0,0,0,1
2026-05-27,LHR-SIN,2026-06-11,849.0,15,3,Thursday,False,LHR,2,LHR,api,15-28 days,Qantas,QF,0,0,0,1
2026-05-27,LHR-SIN,2026-06-11,1311.0,15,3,Thursday,False,LHR,2,LHR,api,15-28 days,British Airways,BA,0,0,0,1
2026-05-27,LHR-SIN,2026-06-11,1481.0,15,3,Thursday,False,LHR,2,LHR,api,15-28 days,Singapore Airlines,SQ,0,0,0,1
2026-05-27,LHR-SIN,2026-06-11,1727.0,15,3,Thursday,False,LHR,2,LHR,api,15-28 days,Singapore Airlines,SQ,0,0,0,1
2026-05-27,SIN-MEL,2026-06-11,289.0,15,3,Thursday,False,SIN,1,MEL,api,15-28 days,Jetstar,JQ,1,0,0,1
2026-05-27,SIN-MEL,2026-06-11,471.0,15,3,Thursday,False,SIN,1,MEL,api,15-28 days,Scoot,TR,1,0,0,1
2026-05-27,SIN-MEL,2026-06-11,859.0,15,3,Thursday,False,SIN,1,MEL,api,15-28 days,Singapore Airlines,SQ,0,0,0,1
2026-05-27,SIN-MEL,2026-06-11,1010.0,15,3,Thursday,False,SIN,1,MEL,api,15-28 days,Qantas,QF,0,0,0,1
2026-05-27,SIN-MEL,2026-06-11,1240.0,15,3,Thursday,False,SIN,1,MEL,api,15-28 days,Singapore Airlines,SQ,0,0,0,1
2026-05-27,SIN-MEL,2026-06-11,1514.0,15,3,Thursday,False,SIN,1,MEL,api,15-28 days,Singapore Airlines,SQ,0,0,0,1
2026-05-27,SIN-MEL,2026-06-11,1718.0,15,3,Thursday,False,SIN,1,MEL,api,15-28 days,Singapore Airlines,SQ,0,0,0,1
2026-05-27,SIN-MEL,2026-06-11,1928.0,15,3,Thursday,False,SIN,1,MEL,api,15-28 days,Singapore Airlines,SQ,0,0,0,1
2026-05-27,MEL-SIN,2026-06-11,452.0,15,3,Thursday,False,MEL,2,MEL,api,15-28 days,Scoot,TR,1,0,0,1
2026-05-27,MEL-SIN,2026-06-11,614.0,15,3,Thursday,False,MEL,2,MEL,api,15-28 days,Jetstar,JQ,1,0,0,1
2026-05-27,MEL-SIN,2026-06-11,935.0,15,3,Thursday,False,MEL,2,MEL,api,15-28 days,Qantas,QF,0,0,0,1
2026-05-27,MEL-SIN,2026-06-11,966.0,15,3,Thursday,False,MEL,2,MEL,api,15-28 days,Singapore Airlines,SQ,0,0,0,1
2026-05-27,MEL-SIN,2026-06-11,1113.0,15,3,Thursday,False,MEL,2,MEL,api,15-28 days,Qantas,QF,0,0,0,1
2026-05-27,MEL-SIN,2026-06-11,1134.0,15,3,Thursday,False,MEL,2,MEL,api,15-28 days,Singapore Airlines,SQ,0,0,0,1
2026-05-27,MEL-SIN,2026-06-11,1331.0,15,3,Thursday,False,MEL,2,MEL,api,15-28 days,Singapore Airlines,SQ,0,0,0,1
2026-05-27,SIN-BKK,2026-06-30,166.0,34,1,Tuesday,False,SIN,1,BKK,api,29-42 days,Scoot,TR,1,0,0,1
2026-05-27,SIN-BKK,2026-06-30,186.0,34,1,Tuesday,False,SIN,1,BKK,api,29-42 days,Scoot,TR,1,0,0,1
2026-05-27,SIN-BKK,2026-06-30,243.0,34,1,Tuesday,False,SIN,1,BKK,api,29-42 days,Scoot,TR,1,0,0,1
2026-05-27,SIN-BKK,2026-06-30,278.0,34,1,Tuesday,False,SIN,1,BKK,api,29-42 days,THAI,TG,0,0,0,1
2026-05-27,SIN-BKK,2026-06-30,363.0,34,1,Tuesday,False,SIN,1,BKK,api,29-42 days,Singapore Airlines,SQ,0,0,0,1
2026-05-27,BKK-SIN,2026-06-30,217.0,34,1,Tuesday,False,BKK,2,BKK,api,29-42 days,Scoot,TR,1,0,0,1
2026-05-27,BKK-SIN,2026-06-30,252.0,34,1,Tuesday,False,BKK,2,BKK,api,29-42 days,Scoot,TR,1,0,0,1
2026-05-27,BKK-SIN,2026-06-30,255.0,34,1,Tuesday,False,BKK,2,BKK,api,29-42 days,Singapore Airlines,SQ,0,0,0,1
2026-05-27,BKK-SIN,2026-06-30,257.0,34,1,Tuesday,False,BKK,2,BKK,api,29-42 days,Singapore Airlines,SQ,0,0,0,1
2026-05-27,BKK-SIN,2026-06-30,261.0,34,1,Tuesday,False,BKK,2,BKK,api,29-42 days,THAI,TG,0,0,0,1
2026-05-27,BKK-SIN,2026-06-30,265.0,34,1,Tuesday,False,BKK,2,BKK,api,29-42 days,Singapore Airlines,SQ,0,0,0,1
2026-05-27,BKK-SIN,2026-06-30,268.0,34,1,Tuesday,False,BKK,2,BKK,api,29-42 days,Singapore Airlines,SQ,0,0,0,1
2026-05-27,SIN-NRT,2026-06-30,263.0,34,1,Tuesday,False,SIN,1,NRT,api,29-42 days,Scoot,TR,1,0,0,1
2026-05-27,SIN-NRT,2026-06-30,786.0,34,1,Tuesday,False,SIN,1,NRT,api,29-42 days,ANA,NH,0,0,0,1
2026-05-27,SIN-NRT,2026-06-30,786.0,34,1,Tuesday,False,SIN,1,NRT,api,29-42 days,Singapore Airlines,SQ,0,0,0,1
2026-05-27,SIN-NRT,2026-06-30,1089.0,34,1,Tuesday,False,SIN,1,NRT,api,29-42 days,JAL,JL,0,0,0,1
2026-05-27,NRT-SIN,2026-06-30,223.0,34,1,Tuesday,False,NRT,2,NRT,api,29-42 days,Scoot,TR,1,0,0,1
2026-05-27,NRT-SIN,2026-06-30,269.0,34,1,Tuesday,False,NRT,2,NRT,api,29-42 days,ZIPAIR Tokyo,ZG,1,0,0,1
2026-05-27,NRT-SIN,2026-06-30,1653.0,34,1,Tuesday,False,NRT,2,NRT,api,29-42 days,Singapore Airlines,SQ,0,0,0,1
2026-05-27,NRT-SIN,2026-06-30,1653.0,34,1,Tuesday,False,NRT,2,NRT,api,29-42 days,ANA,NH,0,0,0,1
2026-05-27,NRT-SIN,2026-06-30,1702.0,34,1,Tuesday,False,NRT,2,NRT,api,29-42 days,JAL,JL,0,0,0,1
2026-05-27,SIN-LHR,2026-06-30,1172.0,34,1,Tuesday,False,SIN,1,LHR,api,29-42 days,Qantas,QF,0,0,0,1
2026-05-27,SIN-LHR,2026-06-30,1276.0,34,1,Tuesday,False,SIN,1,LHR,api,29-42 days,Singapore Airlines,SQ,0,0,0,1
2026-05-27,SIN-LHR,2026-06-30,1279.0,34,1,Tuesday,False,SIN,1,LHR,api,29-42 days,British Airways,BA,0,0,0,1
2026-05-27,SIN-LHR,2026-06-30,1661.0,34,1,Tuesday,False,SIN,1,LHR,api,29-42 days,British Airways,BA,0,0,0,1
2026-05-27,SIN-LHR,2026-06-30,1772.0,34,1,Tuesday,False,SIN,1,LHR,api,29-42 days,Singapore Airlines,SQ,0,0,0,1
2026-05-27,SIN-LHR,2026-06-30,2226.0,34,1,Tuesday,False,SIN,1,LHR,api,29-42 days,Singapore Airlines,SQ,0,0,0,1
2026-05-27,LHR-SIN,2026-06-30,1584.0,34,1,Tuesday,False,LHR,2,LHR,api,29-42 days,Qantas,QF,0,0,0,1
2026-05-27,LHR-SIN,2026-06-30,1666.0,34,1,Tuesday,False,LHR,2,LHR,api,29-42 days,British Airways,BA,0,0,0,1
2026-05-27,LHR-SIN,2026-06-30,1776.0,34,1,Tuesday,False,LHR,2,LHR,api,29-42 days,British Airways,BA,0,0,0,1
2026-05-27,LHR-SIN,2026-06-30,2142.0,34,1,Tuesday,False,LHR,2,LHR,api,29-42 days,Singapore Airlines,SQ,0,0,0,1
2026-05-27,LHR-SIN,2026-06-30,3182.0,34,1,Tuesday,False,LHR,2,LHR,api,29-42 days,Singapore Airlines,SQ,0,0,0,1
2026-05-27,SIN-MEL,2026-06-30,284.0,34,1,Tuesday,False,SIN,1,MEL,api,29-42 days,Scoot,TR,1,0,0,1
2026-05-27,SIN-MEL,2026-06-30,289.0,34,1,Tuesday,False,SIN,1,MEL,api,29-42 days,Jetstar,JQ,1,0,0,1
2026-05-27,SIN-MEL,2026-06-30,324.0,34,1,Tuesday,False,SIN,1,MEL,api,29-42 days,Scoot,TR,1,0,0,1
2026-05-27,SIN-MEL,2026-06-30,570.0,34,1,Tuesday,False,SIN,1,MEL,api,29-42 days,Singapore Airlines,SQ,0,0,0,1
2026-05-27,SIN-MEL,2026-06-30,793.0,34,1,Tuesday,False,SIN,1,MEL,api,29-42 days,Singapore Airlines,SQ,0,0,0,1
2026-05-27,SIN-MEL,2026-06-30,1010.0,34,1,Tuesday,False,SIN,1,MEL,api,29-42 days,Qantas,QF,0,0,0,1
2026-05-27,SIN-MEL,2026-06-30,1514.0,34,1,Tuesday,False,SIN,1,MEL,api,29-42 days,Singapore Airlines,SQ,0,0,0,1
2026-05-27,SIN-MEL,2026-06-30,1718.0,34,1,Tuesday,False,SIN,1,MEL,api,29-42 days,Singapore Airlines,SQ,0,0,0,1
2026-05-27,MEL-SIN,2026-06-30,688.0,34,1,Tuesday,False,MEL,2,MEL,api,29-42 days,Jetstar,JQ,1,0,0,1
2026-05-27,MEL-SIN,2026-06-30,838.0,34,1,Tuesday,False,MEL,2,MEL,api,29-42 days,Scoot,TR,1,0,0,1
2026-05-27,MEL-SIN,2026-06-30,1125.0,34,1,Tuesday,False,MEL,2,MEL,api,29-42 days,Qantas,QF,0,0,0,1
2026-05-27,MEL-SIN,2026-06-30,1134.0,34,1,Tuesday,False,MEL,2,MEL,api,29-42 days,Singapore Airlines,SQ,0,0,0,1
2026-05-27,MEL-SIN,2026-06-30,1331.0,34,1,Tuesday,False,MEL,2,MEL,api,29-42 days,Singapore Airlines,SQ,0,0,0,1
2026-05-27,MEL-SIN,2026-06-30,1750.0,34,1,Tuesday,False,MEL,2,MEL,api,29-42 days,Singapore Airlines,SQ,0,0,0,1
2026-05-27,MEL-SIN,2026-06-30,1781.0,34,1,Tuesday,False,MEL,2,MEL,api,29-42 days,Qantas,QF,0,0,0,1
2026-05-27,SIN-BKK,2026-07-15,186.0,49,2,Wednesday,False,SIN,1,BKK,api,43-56 days,Scoot,TR,1,0,0,0
2026-05-27,SIN-BKK,2026-07-15,210.0,49,2,Wednesday,False,SIN,1,BKK,api,43-56 days,Scoot,TR,1,0,0,0
2026-05-27,SIN-BKK,2026-07-15,243.0,49,2,Wednesday,False,SIN,1,BKK,api,43-56 days,Scoot,TR,1,0,0,0
2026-05-27,SIN-BKK,2026-07-15,276.0,49,2,Wednesday,False,SIN,1,BKK,api,43-56 days,Scoot,TR,1,0,0,0
2026-05-27,SIN-BKK,2026-07-15,332.0,49,2,Wednesday,False,SIN,1,BKK,api,43-56 days,THAI,TG,0,0,0,0
2026-05-27,SIN-BKK,2026-07-15,334.0,49,2,Wednesday,False,SIN,1,BKK,api,43-56 days,Singapore Airlines,SQ,0,0,0,0
2026-05-27,SIN-BKK,2026-07-15,363.0,49,2,Wednesday,False,SIN,1,BKK,api,43-56 days,Singapore Airlines,SQ,0,0,0,0
2026-05-27,BKK-SIN,2026-07-15,188.0,49,2,Wednesday,False,BKK,2,BKK,api,43-56 days,Scoot,TR,1,0,0,0
2026-05-27,BKK-SIN,2026-07-15,217.0,49,2,Wednesday,False,BKK,2,BKK,api,43-56 days,Scoot,TR,1,0,0,0
2026-05-27,BKK-SIN,2026-07-15,255.0,49,2,Wednesday,False,BKK,2,BKK,api,43-56 days,Singapore Airlines,SQ,0,0,0,0
2026-05-27,BKK-SIN,2026-07-15,261.0,49,2,Wednesday,False,BKK,2,BKK,api,43-56 days,THAI,TG,0,0,0,0
2026-05-27,BKK-SIN,2026-07-15,263.0,49,2,Wednesday,False,BKK,2,BKK,api,43-56 days,Singapore Airlines,SQ,0,0,0,0
2026-05-27,BKK-SIN,2026-07-15,265.0,49,2,Wednesday,False,BKK,2,BKK,api,43-56 days,Singapore Airlines,SQ,0,0,0,0
2026-05-27,SIN-NRT,2026-07-15,183.0,49,2,Wednesday,False,SIN,1,NRT,api,43-56 days,ZIPAIR Tokyo,ZG,1,0,0,0
2026-05-27,SIN-NRT,2026-07-15,263.0,49,2,Wednesday,False,SIN,1,NRT,api,43-56 days,Scoot,TR,1,0,0,0
2026-05-27,SIN-NRT,2026-07-15,786.0,49,2,Wednesday,False,SIN,1,NRT,api,43-56 days,ANA,NH,0,0,0,0
2026-05-27,SIN-NRT,2026-07-15,786.0,49,2,Wednesday,False,SIN,1,NRT,api,43-56 days,Singapore Airlines,SQ,0,0,0,0
2026-05-27,SIN-NRT,2026-07-15,1089.0,49,2,Wednesday,False,SIN,1,NRT,api,43-56 days,JAL,JL,0,0,0,0
2026-05-27,NRT-SIN,2026-07-15,190.0,49,2,Wednesday,False,NRT,2,NRT,api,43-56 days,Scoot,TR,1,0,0,0
2026-05-27,NRT-SIN,2026-07-15,230.0,49,2,Wednesday,False,NRT,2,NRT,api,43-56 days,ZIPAIR Tokyo,ZG,1,0,0,0
2026-05-27,NRT-SIN,2026-07-15,1653.0,49,2,Wednesday,False,NRT,2,NRT,api,43-56 days,Singapore Airlines,SQ,0,0,0,0
2026-05-27,NRT-SIN,2026-07-15,1653.0,49,2,Wednesday,False,NRT,2,NRT,api,43-56 days,ANA,NH,0,0,0,0
2026-05-27,NRT-SIN,2026-07-15,1702.0,49,2,Wednesday,False,NRT,2,NRT,api,43-56 days,JAL,JL,0,0,0,0
2026-05-27,SIN-LHR,2026-07-15,1100.0,49,2,Wednesday,False,SIN,1,LHR,api,43-56 days,Qantas,QF,0,0,0,0
2026-05-27,SIN-LHR,2026-07-15,1276.0,49,2,Wednesday,False,SIN,1,LHR,api,43-56 days,Singapore Airlines,SQ,0,0,0,0
2026-05-27,SIN-LHR,2026-07-15,1279.0,49,2,Wednesday,False,SIN,1,LHR,api,43-56 days,British Airways,BA,0,0,0,0
2026-05-27,SIN-LHR,2026-07-15,1496.0,49,2,Wednesday,False,SIN,1,LHR,api,43-56 days,Singapore Airlines,SQ,0,0,0,0
2026-05-27,SIN-LHR,2026-07-15,2226.0,49,2,Wednesday,False,SIN,1,LHR,api,43-56 days,Singapore Airlines,SQ,0,0,0,0
2026-05-27,LHR-SIN,2026-07-15,1770.0,49,2,Wednesday,False,LHR,2,LHR,api,43-56 days,British Airways,BA,0,0,0,0
2026-05-27,LHR-SIN,2026-07-15,1838.0,49,2,Wednesday,False,LHR,2,LHR,api,43-56 days,British Airways,BA,0,0,0,0
2026-05-27,LHR-SIN,2026-07-15,2494.0,49,2,Wednesday,False,LHR,2,LHR,api,43-56 days,Singapore Airlines,SQ,0,0,0,0
2026-05-27,LHR-SIN,2026-07-15,2587.0,49,2,Wednesday,False,LHR,2,LHR,api,43-56 days,Qantas,QF,0,0,0,0
2026-05-27,SIN-MEL,2026-07-15,540.0,49,2,Wednesday,False,SIN,1,MEL,api,43-56 days,Scoot,TR,1,0,0,0
2026-05-27,SIN-MEL,2026-07-15,691.0,49,2,Wednesday,False,SIN,1,MEL,api,43-56 days,Scoot,TR,1,0,0,0
2026-05-27,SIN-MEL,2026-07-15,806.0,49,2,Wednesday,False,SIN,1,MEL,api,43-56 days,Turkish Airlines,TK,0,0,0,0
2026-05-27,SIN-MEL,2026-07-15,1133.0,49,2,Wednesday,False,SIN,1,MEL,api,43-56 days,Qantas,QF,0,0,0,0
2026-05-27,SIN-MEL,2026-07-15,1718.0,49,2,Wednesday,False,SIN,1,MEL,api,43-56 days,Singapore Airlines,SQ,0,0,0,0
2026-05-27,SIN-MEL,2026-07-15,1867.0,49,2,Wednesday,False,SIN,1,MEL,api,43-56 days,Singapore Airlines,SQ,0,0,0,0
2026-05-27,SIN-MEL,2026-07-15,2468.0,49,2,Wednesday,False,SIN,1,MEL,api,43-56 days,Singapore Airlines,SQ,0,0,0,0
2026-05-27,MEL-SIN,2026-07-15,223.0,49,2,Wednesday,False,MEL,2,MEL,api,43-56 days,Scoot,TR,1,0,0,0
2026-05-27,MEL-SIN,2026-07-15,241.0,49,2,Wednesday,False,MEL,2,MEL,api,43-56 days,Scoot,TR,1,0,0,0
2026-05-27,MEL-SIN,2026-07-15,426.0,49,2,Wednesday,False,MEL,2,MEL,api,43-56 days,Turkish Airlines,TK,0,0,0,0
2026-05-27,MEL-SIN,2026-07-15,482.0,49,2,Wednesday,False,MEL,2,MEL,api,43-56 days,Singapore Airlines,SQ,0,0,0,0
2026-05-27,MEL-SIN,2026-07-15,690.0,49,2,Wednesday,False,MEL,2,MEL,api,43-56 days,Qantas,QF,0,0,0,0
2026-05-27,MEL-SIN,2026-07-15,1134.0,49,2,Wednesday,False,MEL,2,MEL,api,43-56 days,Singapore Airlines,SQ,0,0,0,0
2026-05-27,SIN-BKK,2026-07-18,210.0,52,5,Saturday,True,SIN,1,BKK,api,43-56 days,Scoot,TR,1,0,0,0
2026-05-27,SIN-BKK,2026-07-18,243.0,52,5,Saturday,True,SIN,1,BKK,api,43-56 days,Scoot,TR,1,0,0,0
2026-05-27,SIN-BKK,2026-07-18,332.0,52,5,Saturday,True,SIN,1,BKK,api,43-56 days,THAI,TG,0,0,0,0
2026-05-27,SIN-BKK,2026-07-18,363.0,52,5,Saturday,True,SIN,1,BKK,api,43-56 days,Singapore Airlines,SQ,0,0,0,0
2026-05-27,SIN-BKK,2026-07-18,367.0,52,5,Saturday,True,SIN,1,BKK,api,43-56 days,Singapore Airlines,SQ,0,0,0,0
2026-05-27,SIN-BKK,2026-07-18,534.0,52,5,Saturday,True,SIN,1,BKK,api,43-56 days,Singapore Airlines,SQ,0,0,0,0
2026-05-27,BKK-SIN,2026-07-18,188.0,52,5,Saturday,True,BKK,2,BKK,api,43-56 days,Scoot,TR,1,0,0,0
2026-05-27,BKK-SIN,2026-07-18,217.0,52,5,Saturday,True,BKK,2,BKK,api,43-56 days,Scoot,TR,1,0,0,0
2026-05-27,BKK-SIN,2026-07-18,255.0,52,5,Saturday,True,BKK,2,BKK,api,43-56 days,Singapore Airlines,SQ,0,0,0,0
2026-05-27,BKK-SIN,2026-07-18,261.0,52,5,Saturday,True,BKK,2,BKK,api,43-56 days,THAI,TG,0,0,0,0
2026-05-27,BKK-SIN,2026-07-18,264.0,52,5,Saturday,True,BKK,2,BKK,api,43-56 days,Singapore Airlines,SQ,0,0,0,0
2026-05-27,BKK-SIN,2026-07-18,269.0,52,5,Saturday,True,BKK,2,BKK,api,43-56 days,Singapore Airlines,SQ,0,0,0,0
2026-05-27,BKK-SIN,2026-07-18,282.0,52,5,Saturday,True,BKK,2,BKK,api,43-56 days,Singapore Airlines,SQ,0,0,0,0
2026-05-27,SIN-NRT,2026-07-18,216.0,52,5,Saturday,True,SIN,1,NRT,api,43-56 days,ZIPAIR Tokyo,ZG,1,0,1,0
2026-05-27,SIN-NRT,2026-07-18,313.0,52,5,Saturday,True,SIN,1,NRT,api,43-56 days,Scoot,TR,1,0,1,0
2026-05-27,SIN-NRT,2026-07-18,724.0,52,5,Saturday,True,SIN,1,NRT,api,43-56 days,Singapore Airlines,SQ,0,0,1,0
2026-05-27,SIN-NRT,2026-07-18,816.0,52,5,Saturday,True,SIN,1,NRT,api,43-56 days,Singapore Airlines,SQ,0,0,1,0
2026-05-27,SIN-NRT,2026-07-18,923.0,52,5,Saturday,True,SIN,1,NRT,api,43-56 days,ANA,NH,0,0,1,0
2026-05-27,SIN-NRT,2026-07-18,1089.0,52,5,Saturday,True,SIN,1,NRT,api,43-56 days,JAL,JL,0,0,1,0
2026-05-27,NRT-SIN,2026-07-18,341.0,52,5,Saturday,True,NRT,2,NRT,api,43-56 days,Scoot,TR,1,0,1,0
2026-05-27,NRT-SIN,2026-07-18,1587.0,52,5,Saturday,True,NRT,2,NRT,api,43-56 days,Singapore Airlines,SQ,0,0,1,0
2026-05-27,NRT-SIN,2026-07-18,1653.0,52,5,Saturday,True,NRT,2,NRT,api,43-56 days,ANA,NH,0,0,1,0
2026-05-27,NRT-SIN,2026-07-18,1702.0,52,5,Saturday,True,NRT,2,NRT,api,43-56 days,JAL,JL,0,0,1,0
2026-05-27,SIN-LHR,2026-07-18,795.0,52,5,Saturday,True,SIN,1,LHR,api,43-56 days,Singapore Airlines,SQ,0,0,0,0
2026-05-27,SIN-LHR,2026-07-18,1100.0,52,5,Saturday,True,SIN,1,LHR,api,43-56 days,Qantas,QF,0,0,0,0
2026-05-27,SIN-LHR,2026-07-18,1122.0,52,5,Saturday,True,SIN,1,LHR,api,43-56 days,British Airways,BA,0,0,0,0
2026-05-27,SIN-LHR,2026-07-18,1496.0,52,5,Saturday,True,SIN,1,LHR,api,43-56 days,Singapore Airlines,SQ,0,0,0,0
2026-05-27,SIN-LHR,2026-07-18,2226.0,52,5,Saturday,True,SIN,1,LHR,api,43-56 days,Singapore Airlines,SQ,0,0,0,0
2026-05-27,LHR-SIN,2026-07-18,2543.0,52,5,Saturday,True,LHR,2,LHR,api,43-56 days,British Airways,BA,0,0,0,0
2026-05-27,LHR-SIN,2026-07-18,2622.0,52,5,Saturday,True,LHR,2,LHR,api,43-56 days,Qantas,QF,0,0,0,0
2026-05-27,LHR-SIN,2026-07-18,3001.0,52,5,Saturday,True,LHR,2,LHR,api,43-56 days,Singapore Airlines,SQ,0,0,0,0
2026-05-27,LHR-SIN,2026-07-18,3628.0,52,5,Saturday,True,LHR,2,LHR,api,43-56 days,Singapore Airlines,SQ,0,0,0,0
2026-05-27,LHR-SIN,2026-07-18,4051.0,52,5,Saturday,True,LHR,2,LHR,api,43-56 days,British Airways,BA,0,0,0,0
2026-05-27,SIN-MEL,2026-07-18,691.0,52,5,Saturday,True,SIN,1,MEL,api,43-56 days,Scoot,TR,1,0,0,0
2026-05-27,SIN-MEL,2026-07-18,739.0,52,5,Saturday,True,SIN,1,MEL,api,43-56 days,Jetstar,JQ,1,0,0,0
2026-05-27,SIN-MEL,2026-07-18,1143.0,52,5,Saturday,True,SIN,1,MEL,api,43-56 days,Qantas,QF,0,0,0,0
2026-05-27,SIN-MEL,2026-07-18,1635.0,52,5,Saturday,True,SIN,1,MEL,api,43-56 days,Qantas,QF,0,0,0,0
2026-05-27,SIN-MEL,2026-07-18,1718.0,52,5,Saturday,True,SIN,1,MEL,api,43-56 days,Singapore Airlines,SQ,0,0,0,0
2026-05-27,SIN-MEL,2026-07-18,2367.0,52,5,Saturday,True,SIN,1,MEL,api,43-56 days,Turkish Airlines,TK,0,0,0,0
2026-05-27,MEL-SIN,2026-07-18,204.0,52,5,Saturday,True,MEL,2,MEL,api,43-56 days,Jetstar,JQ,1,0,0,0
2026-05-27,MEL-SIN,2026-07-18,223.0,52,5,Saturday,True,MEL,2,MEL,api,43-56 days,Scoot,TR,1,0,0,0
2026-05-27,MEL-SIN,2026-07-18,241.0,52,5,Saturday,True,MEL,2,MEL,api,43-56 days,Scoot,TR,1,0,0,0
2026-05-27,MEL-SIN,2026-07-18,426.0,52,5,Saturday,True,MEL,2,MEL,api,43-56 days,Turkish Airlines,TK,0,0,0,0
2026-05-27,MEL-SIN,2026-07-18,454.0,52,5,Saturday,True,MEL,2,MEL,api,43-56 days,Singapore Airlines,SQ,0,0,0,0
2026-05-27,MEL-SIN,2026-07-18,482.0,52,5,Saturday,True,MEL,2,MEL,api,43-56 days,Singapore Airlines,SQ,0,0,0,0
2026-05-27,MEL-SIN,2026-07-18,690.0,52,5,Saturday,True,MEL,2,MEL,api,43-56 days,Qantas,QF,0,0,0,0
2026-05-27,MEL-SIN,2026-07-18,1134.0,52,5,Saturday,True,MEL,2,MEL,api,43-56 days,Singapore Airlines,SQ,0,0,0,0
2026-05-27,SIN-BKK,2026-08-03,186.0,68,0,Monday,False,SIN,1,BKK,api,57-70 days,Scoot,TR,1,0,0,0
2026-05-27,SIN-BKK,2026-08-03,210.0,68,0,Monday,False,SIN,1,BKK,api,57-70 days,Scoot,TR,1,0,0,0
2026-05-27,SIN-BKK,2026-08-03,332.0,68,0,Monday,False,SIN,1,BKK,api,57-70 days,THAI,TG,0,0,0,0
2026-05-27,SIN-BKK,2026-08-03,334.0,68,0,Monday,False,SIN,1,BKK,api,57-70 days,Singapore Airlines,SQ,0,0,0,0
2026-05-27,SIN-BKK,2026-08-03,363.0,68,0,Monday,False,SIN,1,BKK,api,57-70 days,Singapore Airlines,SQ,0,0,0,0
2026-05-27,BKK-SIN,2026-08-03,188.0,68,0,Monday,False,BKK,2,BKK,api,57-70 days,Scoot,TR,1,0,0,0
2026-05-27,BKK-SIN,2026-08-03,252.0,68,0,Monday,False,BKK,2,BKK,api,57-70 days,Scoot,TR,1,0,0,0
2026-05-27,BKK-SIN,2026-08-03,255.0,68,0,Monday,False,BKK,2,BKK,api,57-70 days,Singapore Airlines,SQ,0,0,0,0
2026-05-27,BKK-SIN,2026-08-03,261.0,68,0,Monday,False,BKK,2,BKK,api,57-70 days,THAI,TG,0,0,0,0
2026-05-27,BKK-SIN,2026-08-03,264.0,68,0,Monday,False,BKK,2,BKK,api,57-70 days,Singapore Airlines,SQ,0,0,0,0
2026-05-27,BKK-SIN,2026-08-03,273.0,68,0,Monday,False,BKK,2,BKK,api,57-70 days,Singapore Airlines,SQ,0,0,0,0
2026-05-27,BKK-SIN,2026-08-03,313.0,68,0,Monday,False,BKK,2,BKK,api,57-70 days,Scoot,TR,1,0,0,0
2026-05-27,BKK-SIN,2026-08-03,350.0,68,0,Monday,False,BKK,2,BKK,api,57-70 days,THAI,TG,0,0,0,0
2026-05-27,SIN-NRT,2026-08-03,313.0,68,0,Monday,False,SIN,1,NRT,api,57-70 days,Scoot,TR,1,0,0,0
2026-05-27,SIN-NRT,2026-08-03,786.0,68,0,Monday,False,SIN,1,NRT,api,57-70 days,ANA,NH,0,0,0,0
2026-05-27,SIN-NRT,2026-08-03,786.0,68,0,Monday,False,SIN,1,NRT,api,57-70 days,Singapore Airlines,SQ,0,0,0,0
2026-05-27,SIN-NRT,2026-08-03,1089.0,68,0,Monday,False,SIN,1,NRT,api,57-70 days,JAL,JL,0,0,0,0
2026-05-27,NRT-SIN,2026-08-03,341.0,68,0,Monday,False,NRT,2,NRT,api,57-70 days,Scoot,TR,1,0,0,0
2026-05-27,NRT-SIN,2026-08-03,1653.0,68,0,Monday,False,NRT,2,NRT,api,57-70 days,Singapore Airlines,SQ,0,0,0,0
2026-05-27,NRT-SIN,2026-08-03,1653.0,68,0,Monday,False,NRT,2,NRT,api,57-70 days,ANA,NH,0,0,0,0
2026-05-27,NRT-SIN,2026-08-03,1702.0,68,0,Monday,False,NRT,2,NRT,api,57-70 days,JAL,JL,0,0,0,0
2026-05-27,SIN-LHR,2026-08-03,1122.0,68,0,Monday,False,SIN,1,LHR,api,57-70 days,British Airways,BA,0,0,0,0
2026-05-27,SIN-LHR,2026-08-03,1279.0,68,0,Monday,False,SIN,1,LHR,api,57-70 days,British Airways,BA,0,0,0,0
2026-05-27,SIN-LHR,2026-08-03,1515.0,68,0,Monday,False,SIN,1,LHR,api,57-70 days,Qantas,QF,0,0,0,0
2026-05-27,SIN-LHR,2026-08-03,2226.0,68,0,Monday,False,SIN,1,LHR,api,57-70 days,Singapore Airlines,SQ,0,0,0,0
2026-05-27,LHR-SIN,2026-08-03,1515.0,68,0,Monday,False,LHR,2,LHR,api,57-70 days,British Airways,BA,0,0,0,0
2026-05-27,LHR-SIN,2026-08-03,1544.0,68,0,Monday,False,LHR,2,LHR,api,57-70 days,British Airways,BA,0,0,0,0
2026-05-27,LHR-SIN,2026-08-03,2211.0,68,0,Monday,False,LHR,2,LHR,api,57-70 days,Qantas,QF,0,0,0,0
2026-05-27,LHR-SIN,2026-08-03,2494.0,68,0,Monday,False,LHR,2,LHR,api,57-70 days,Singapore Airlines,SQ,0,0,0,0
2026-05-27,SIN-MEL,2026-08-03,324.0,68,0,Monday,False,SIN,1,MEL,api,57-70 days,Scoot,TR,1,0,0,0
2026-05-27,SIN-MEL,2026-08-03,376.0,68,0,Monday,False,SIN,1,MEL,api,57-70 days,Turkish Airlines,TK,0,0,0,0
2026-05-27,SIN-MEL,2026-08-03,471.0,68,0,Monday,False,SIN,1,MEL,api,57-70 days,Scoot,TR,1,0,0,0
2026-05-27,SIN-MEL,2026-08-03,791.0,68,0,Monday,False,SIN,1,MEL,api,57-70 days,Singapore Airlines,SQ,0,0,0,0
2026-05-27,SIN-MEL,2026-08-03,829.0,68,0,Monday,False,SIN,1,MEL,api,57-70 days,Jetstar,JQ,1,0,0,0
2026-05-27,SIN-MEL,2026-08-03,859.0,68,0,Monday,False,SIN,1,MEL,api,57-70 days,Singapore Airlines,SQ,0,0,0,0
2026-05-27,SIN-MEL,2026-08-03,940.0,68,0,Monday,False,SIN,1,MEL,api,57-70 days,Singapore Airlines,SQ,0,0,0,0
2026-05-27,SIN-MEL,2026-08-03,1010.0,68,0,Monday,False,SIN,1,MEL,api,57-70 days,Qantas,QF,0,0,0,0
2026-05-27,MEL-SIN,2026-08-03,204.0,68,0,Monday,False,MEL,2,MEL,api,57-70 days,Jetstar,JQ,1,0,0,0
2026-05-27,MEL-SIN,2026-08-03,223.0,68,0,Monday,False,MEL,2,MEL,api,57-70 days,Scoot,TR,1,0,0,0
2026-05-27,MEL-SIN,2026-08-03,392.0,68,0,Monday,False,MEL,2,MEL,api,57-70 days,Turkish Airlines,TK,0,0,0,0
2026-05-27,MEL-SIN,2026-08-03,648.0,68,0,Monday,False,MEL,2,MEL,api,57-70 days,Singapore Airlines,SQ,0,0,0,0
2026-05-27,MEL-SIN,2026-08-03,704.0,68,0,Monday,False,MEL,2,MEL,api,57-70 days,Singapore Airlines,SQ,0,0,0,0
2026-05-27,MEL-SIN,2026-08-03,727.0,68,0,Monday,False,MEL,2,MEL,api,57-70 days,Qantas,QF,0,0,0,0
2026-05-29,SIN-BKK,2026-05-30,243.0,1,5,Saturday,True,SIN,1,BKK,api,1-14 days,Scoot,TR,1,1,1,0
2026-05-29,SIN-BKK,2026-05-30,276.0,1,5,Saturday,True,SIN,1,BKK,api,1-14 days,Scoot,TR,1,1,1,0
2026-05-29,SIN-BKK,2026-05-30,337.0,1,5,Saturday,True,SIN,1,BKK,api,1-14 days,Scoot,TR,1,1,1,0
2026-05-29,SIN-BKK,2026-05-30,415.0,1,5,Saturday,True,SIN,1,BKK,api,1-14 days,THAI,TG,0,1,1,0
2026-05-29,SIN-BKK,2026-05-30,446.0,1,5,Saturday,True,SIN,1,BKK,api,1-14 days,Scoot,TR,1,1,1,0
2026-05-29,SIN-BKK,2026-05-30,512.0,1,5,Saturday,True,SIN,1,BKK,api,1-14 days,Scoot,TR,1,1,1,0
2026-05-29,SIN-BKK,2026-05-30,533.0,1,5,Saturday,True,SIN,1,BKK,api,1-14 days,THAI,TG,0,1,1,0
2026-05-29,SIN-BKK,2026-05-30,611.0,1,5,Saturday,True,SIN,1,BKK,api,1-14 days,Singapore Airlines,SQ,0,1,1,0
2026-05-29,SIN-BKK,2026-05-30,647.0,1,5,Saturday,True,SIN,1,BKK,api,1-14 days,THAI,TG,0,1,1,0
2026-05-29,SIN-BKK,2026-05-30,699.0,1,5,Saturday,True,SIN,1,BKK,api,1-14 days,Singapore Airlines,SQ,0,1,1,0
2026-05-29,SIN-BKK,2026-05-30,840.0,1,5,Saturday,True,SIN,1,BKK,api,1-14 days,THAI,TG,0,1,1,0
2026-05-29,SIN-BKK,2026-05-30,870.0,1,5,Saturday,True,SIN,1,BKK,api,1-14 days,Singapore Airlines,SQ,0,1,1,0
2026-05-29,BKK-SIN,2026-05-30,311.0,1,5,Saturday,True,BKK,2,BKK,api,1-14 days,THAI,TG,0,1,1,0
2026-05-29,BKK-SIN,2026-05-30,348.0,1,5,Saturday,True,BKK,2,BKK,api,1-14 days,Scoot,TR,1,1,1,0
2026-05-29,BKK-SIN,2026-05-30,402.0,1,5,Saturday,True,BKK,2,BKK,api,1-14 days,Scoot,TR,1,1,1,0
2026-05-29,BKK-SIN,2026-05-30,432.0,1,5,Saturday,True,BKK,2,BKK,api,1-14 days,THAI,TG,0,1,1,0
2026-05-29,BKK-SIN,2026-05-30,466.0,1,5,Saturday,True,BKK,2,BKK,api,1-14 days,Scoot,TR,1,1,1,0
2026-05-29,BKK-SIN,2026-05-30,523.0,1,5,Saturday,True,BKK,2,BKK,api,1-14 days,THAI,TG,0,1,1,0
2026-05-29,BKK-SIN,2026-05-30,617.0,1,5,Saturday,True,BKK,2,BKK,api,1-14 days,Singapore Airlines,SQ,0,1,1,0
2026-05-29,BKK-SIN,2026-05-30,653.0,1,5,Saturday,True,BKK,2,BKK,api,1-14 days,THAI,TG,0,1,1,0
2026-05-29,BKK-SIN,2026-05-30,727.0,1,5,Saturday,True,BKK,2,BKK,api,1-14 days,Singapore Airlines,SQ,0,1,1,0
2026-05-29,SIN-NRT,2026-05-30,313.0,1,5,Saturday,True,SIN,1,NRT,api,1-14 days,Scoot,TR,1,1,0,0
2026-05-29,SIN-NRT,2026-05-30,866.0,1,5,Saturday,True,SIN,1,NRT,api,1-14 days,ZIPAIR Tokyo,ZG,1,1,0,0
2026-05-29,SIN-NRT,2026-05-30,1047.0,1,5,Saturday,True,SIN,1,NRT,api,1-14 days,ANA,NH,0,1,0,0
2026-05-29,SIN-NRT,2026-05-30,1089.0,1,5,Saturday,True,SIN,1,NRT,api,1-14 days,JAL,JL,0,1,0,0
2026-05-29,SIN-NRT,2026-05-30,1376.0,1,5,Saturday,True,SIN,1,NRT,api,1-14 days,Singapore Airlines,SQ,0,1,0,0
2026-05-29,SIN-NRT,2026-05-30,2106.0,1,5,Saturday,True,SIN,1,NRT,api,1-14 days,Singapore Airlines,SQ,0,1,0,0
2026-05-29,NRT-SIN,2026-05-30,664.0,1,5,Saturday,True,NRT,2,NRT,api,1-14 days,Scoot,TR,1,1,0,0
2026-05-29,NRT-SIN,2026-05-30,1949.0,1,5,Saturday,True,NRT,2,NRT,api,1-14 days,Singapore Airlines,SQ,0,1,0,0
2026-05-29,NRT-SIN,2026-05-30,2013.0,1,5,Saturday,True,NRT,2,NRT,api,1-14 days,ANA,NH,0,1,0,0
2026-05-29,NRT-SIN,2026-05-30,2196.0,1,5,Saturday,True,NRT,2,NRT,api,1-14 days,Singapore Airlines,SQ,0,1,0,0
2026-05-29,NRT-SIN,2026-05-30,5071.0,1,5,Saturday,True,NRT,2,NRT,api,1-14 days,JAL,JL,0,1,0,0
2026-05-29,SIN-LHR,2026-05-30,2435.0,1,5,Saturday,True,SIN,1,LHR,api,1-14 days,British Airways,BA,0,1,0,0
2026-05-29,SIN-LHR,2026-05-30,3039.0,1,5,Saturday,True,SIN,1,LHR,api,1-14 days,Qantas,QF,0,1,0,0
2026-05-29,SIN-LHR,2026-05-30,3066.0,1,5,Saturday,True,SIN,1,LHR,api,1-14 days,Singapore Airlines,SQ,0,1,0,0
2026-05-29,SIN-LHR,2026-05-30,3280.0,1,5,Saturday,True,SIN,1,LHR,api,1-14 days,Singapore Airlines,SQ,0,1,0,0
2026-05-29,SIN-LHR,2026-05-30,3387.0,1,5,Saturday,True,SIN,1,LHR,api,1-14 days,British Airways,BA,0,1,0,0
2026-05-29,LHR-SIN,2026-05-30,1204.0,1,5,Saturday,True,LHR,2,LHR,api,1-14 days,British Airways,BA,0,1,0,0
2026-05-29,LHR-SIN,2026-05-30,1308.0,1,5,Saturday,True,LHR,2,LHR,api,1-14 days,British Airways,BA,0,1,0,0
2026-05-29,LHR-SIN,2026-05-30,1428.0,1,5,Saturday,True,LHR,2,LHR,api,1-14 days,Qantas,QF,0,1,0,0
2026-05-29,LHR-SIN,2026-05-30,1771.0,1,5,Saturday,True,LHR,2,LHR,api,1-14 days,Singapore Airlines,SQ,0,1,0,0
2026-05-29,SIN-MEL,2026-05-30,639.0,1,5,Saturday,True,SIN,1,MEL,api,1-14 days,Jetstar,JQ,1,1,0,0
2026-05-29,SIN-MEL,2026-05-30,703.0,1,5,Saturday,True,SIN,1,MEL,api,1-14 days,Turkish Airlines,TK,0,1,0,0
2026-05-29,SIN-MEL,2026-05-30,1019.0,1,5,Saturday,True,SIN,1,MEL,api,1-14 days,Qantas,QF,0,1,0,0
2026-05-29,SIN-MEL,2026-05-30,1043.0,1,5,Saturday,True,SIN,1,MEL,api,1-14 days,Qantas,QF,0,1,0,0
2026-05-29,SIN-MEL,2026-05-30,1300.0,1,5,Saturday,True,SIN,1,MEL,api,1-14 days,Scoot,TR,1,1,0,0
2026-05-29,SIN-MEL,2026-05-30,1531.0,1,5,Saturday,True,SIN,1,MEL,api,1-14 days,Singapore Airlines,SQ,0,1,0,0
2026-05-29,SIN-MEL,2026-05-30,1927.0,1,5,Saturday,True,SIN,1,MEL,api,1-14 days,Singapore Airlines,SQ,0,1,0,0
2026-05-29,SIN-MEL,2026-05-30,2467.0,1,5,Saturday,True,SIN,1,MEL,api,1-14 days,Singapore Airlines,SQ,0,1,0,0
2026-05-29,MEL-SIN,2026-05-30,401.0,1,5,Saturday,True,MEL,2,MEL,api,1-14 days,Jetstar,JQ,1,1,0,0
2026-05-29,MEL-SIN,2026-05-30,513.0,1,5,Saturday,True,MEL,2,MEL,api,1-14 days,Scoot,TR,1,1,0,0
2026-05-29,MEL-SIN,2026-05-30,531.0,1,5,Saturday,True,MEL,2,MEL,api,1-14 days,Turkish Airlines,TK,0,1,0,0
2026-05-29,MEL-SIN,2026-05-30,582.0,1,5,Saturday,True,MEL,2,MEL,api,1-14 days,Scoot,TR,1,1,0,0
2026-05-29,MEL-SIN,2026-05-30,850.0,1,5,Saturday,True,MEL,2,MEL,api,1-14 days,Qantas,QF,0,1,0,0
2026-05-29,MEL-SIN,2026-05-30,852.0,1,5,Saturday,True,MEL,2,MEL,api,1-14 days,Singapore Airlines,SQ,0,1,0,0
2026-05-29,MEL-SIN,2026-05-30,875.0,1,5,Saturday,True,MEL,2,MEL,api,1-14 days,Singapore Airlines,SQ,0,1,0,0
2026-05-29,MEL-SIN,2026-05-30,938.0,1,5,Saturday,True,MEL,2,MEL,api,1-14 days,Qantas,QF,0,1,0,0
2026-05-29,MEL-SIN,2026-05-30,1139.0,1,5,Saturday,True,MEL,2,MEL,api,1-14 days,Singapore Airlines,SQ,0,1,0,0
2026-05-29,MEL-SIN,2026-05-30,1336.0,1,5,Saturday,True,MEL,2,MEL,api,1-14 days,Singapore Airlines,SQ,0,1,0,0
2026-05-29,SIN-BKK,2026-06-11,243.0,13,3,Thursday,False,SIN,1,BKK,api,1-14 days,Scoot,TR,1,0,0,1
2026-05-29,SIN-BKK,2026-06-11,276.0,13,3,Thursday,False,SIN,1,BKK,api,1-14 days,Scoot,TR,1,0,0,1
2026-05-29,SIN-BKK,2026-06-11,278.0,13,3,Thursday,False,SIN,1,BKK,api,1-14 days,THAI,TG,0,0,0,1
2026-05-29,SIN-BKK,2026-06-11,533.0,13,3,Thursday,False,SIN,1,BKK,api,1-14 days,THAI,TG,0,0,0,1
2026-05-29,SIN-BKK,2026-06-11,534.0,13,3,Thursday,False,SIN,1,BKK,api,1-14 days,Singapore Airlines,SQ,0,0,0,1
2026-05-29,SIN-BKK,2026-06-11,611.0,13,3,Thursday,False,SIN,1,BKK,api,1-14 days,Singapore Airlines,SQ,0,0,0,1
2026-05-29,SIN-BKK,2026-06-11,699.0,13,3,Thursday,False,SIN,1,BKK,api,1-14 days,Singapore Airlines,SQ,0,0,0,1
2026-05-29,SIN-BKK,2026-06-11,870.0,13,3,Thursday,False,SIN,1,BKK,api,1-14 days,Singapore Airlines,SQ,0,0,0,1
2026-05-29,BKK-SIN,2026-06-11,173.0,13,3,Thursday,False,BKK,2,BKK,api,1-14 days,Scoot,TR,1,0,0,1
2026-05-29,BKK-SIN,2026-06-11,202.0,13,3,Thursday,False,BKK,2,BKK,api,1-14 days,Scoot,TR,1,0,0,1
2026-05-29,BKK-SIN,2026-06-11,246.0,13,3,Thursday,False,BKK,2,BKK,api,1-14 days,THAI,TG,0,0,0,1
2026-05-29,BKK-SIN,2026-06-11,472.0,13,3,Thursday,False,BKK,2,BKK,api,1-14 days,THAI,TG,0,0,0,1
2026-05-29,BKK-SIN,2026-06-11,513.0,13,3,Thursday,False,BKK,2,BKK,api,1-14 days,Singapore Airlines,SQ,0,0,0,1
2026-05-29,BKK-SIN,2026-06-11,587.0,13,3,Thursday,False,BKK,2,BKK,api,1-14 days,Singapore Airlines,SQ,0,0,0,1
2026-05-29,BKK-SIN,2026-06-11,620.0,13,3,Thursday,False,BKK,2,BKK,api,1-14 days,Singapore Airlines,SQ,0,0,0,1
2026-05-29,BKK-SIN,2026-06-11,727.0,13,3,Thursday,False,BKK,2,BKK,api,1-14 days,Singapore Airlines,SQ,0,0,0,1
2026-05-29,SIN-NRT,2026-06-11,266.0,13,3,Thursday,False,SIN,1,NRT,api,1-14 days,ZIPAIR Tokyo,ZG,1,0,0,1
2026-05-29,SIN-NRT,2026-06-11,313.0,13,3,Thursday,False,SIN,1,NRT,api,1-14 days,Scoot,TR,1,0,0,1
2026-05-29,SIN-NRT,2026-06-11,1047.0,13,3,Thursday,False,SIN,1,NRT,api,1-14 days,ANA,NH,0,0,0,1
2026-05-29,SIN-NRT,2026-06-11,1089.0,13,3,Thursday,False,SIN,1,NRT,api,1-14 days,JAL,JL,0,0,0,1
2026-05-29,SIN-NRT,2026-06-11,1376.0,13,3,Thursday,False,SIN,1,NRT,api,1-14 days,Singapore Airlines,SQ,0,0,0,1
2026-05-29,NRT-SIN,2026-06-11,223.0,13,3,Thursday,False,NRT,2,NRT,api,1-14 days,Scoot,TR,1,0,0,1
2026-05-29,NRT-SIN,2026-06-11,403.0,13,3,Thursday,False,NRT,2,NRT,api,1-14 days,ZIPAIR Tokyo,ZG,1,0,0,1
2026-05-29,NRT-SIN,2026-06-11,1703.0,13,3,Thursday,False,NRT,2,NRT,api,1-14 days,JAL,JL,0,0,0,1
2026-05-29,NRT-SIN,2026-06-11,1708.0,13,3,Thursday,False,NRT,2,NRT,api,1-14 days,Singapore Airlines,SQ,0,0,0,1
2026-05-29,NRT-SIN,2026-06-11,1708.0,13,3,Thursday,False,NRT,2,NRT,api,1-14 days,ANA,NH,0,0,0,1
2026-05-29,SIN-LHR,2026-06-11,1122.0,13,3,Thursday,False,SIN,1,LHR,api,1-14 days,British Airways,BA,0,0,0,1
2026-05-29,SIN-LHR,2026-06-11,1515.0,13,3,Thursday,False,SIN,1,LHR,api,1-14 days,Qantas,QF,0,0,0,1
2026-05-29,SIN-LHR,2026-06-11,1707.0,13,3,Thursday,False,SIN,1,LHR,api,1-14 days,British Airways,BA,0,0,0,1
2026-05-29,SIN-LHR,2026-06-11,1772.0,13,3,Thursday,False,SIN,1,LHR,api,1-14 days,Singapore Airlines,SQ,0,0,0,1
2026-05-29,LHR-SIN,2026-06-11,847.0,13,3,Thursday,False,LHR,2,LHR,api,1-14 days,Qantas,QF,0,0,0,1
2026-05-29,LHR-SIN,2026-06-11,1308.0,13,3,Thursday,False,LHR,2,LHR,api,1-14 days,British Airways,BA,0,0,0,1
2026-05-29,LHR-SIN,2026-06-11,1478.0,13,3,Thursday,False,LHR,2,LHR,api,1-14 days,Singapore Airlines,SQ,0,0,0,1
2026-05-29,LHR-SIN,2026-06-11,1723.0,13,3,Thursday,False,LHR,2,LHR,api,1-14 days,Singapore Airlines,SQ,0,0,0,1
2026-05-29,SIN-MEL,2026-06-11,329.0,13,3,Thursday,False,SIN,1,MEL,api,1-14 days,Jetstar,JQ,1,0,0,1
2026-05-29,SIN-MEL,2026-06-11,471.0,13,3,Thursday,False,SIN,1,MEL,api,1-14 days,Scoot,TR,1,0,0,1
2026-05-29,SIN-MEL,2026-06-11,858.0,13,3,Thursday,False,SIN,1,MEL,api,1-14 days,Singapore Airlines,SQ,0,0,0,1
2026-05-29,SIN-MEL,2026-06-11,1009.0,13,3,Thursday,False,SIN,1,MEL,api,1-14 days,Qantas,QF,0,0,0,1
2026-05-29,SIN-MEL,2026-06-11,1513.0,13,3,Thursday,False,SIN,1,MEL,api,1-14 days,Singapore Airlines,SQ,0,0,0,1
2026-05-29,SIN-MEL,2026-06-11,1717.0,13,3,Thursday,False,SIN,1,MEL,api,1-14 days,Singapore Airlines,SQ,0,0,0,1
2026-05-29,SIN-MEL,2026-06-11,1927.0,13,3,Thursday,False,SIN,1,MEL,api,1-14 days,Singapore Airlines,SQ,0,0,0,1
2026-05-29,MEL-SIN,2026-06-11,551.0,13,3,Thursday,False,MEL,2,MEL,api,1-14 days,Jetstar,JQ,1,0,0,1
2026-05-29,MEL-SIN,2026-06-11,582.0,13,3,Thursday,False,MEL,2,MEL,api,1-14 days,Scoot,TR,1,0,0,1
2026-05-29,MEL-SIN,2026-06-11,850.0,13,3,Thursday,False,MEL,2,MEL,api,1-14 days,Qantas,QF,0,0,0,1
2026-05-29,MEL-SIN,2026-06-11,938.0,13,3,Thursday,False,MEL,2,MEL,api,1-14 days,Qantas,QF,0,0,0,1
2026-05-29,MEL-SIN,2026-06-11,1139.0,13,3,Thursday,False,MEL,2,MEL,api,1-14 days,Singapore Airlines,SQ,0,0,0,1
2026-05-29,MEL-SIN,2026-06-11,1336.0,13,3,Thursday,False,MEL,2,MEL,api,1-14 days,Singapore Airlines,SQ,0,0,0,1
2026-05-29,SIN-BKK,2026-07-15,186.0,47,2,Wednesday,False,SIN,1,BKK,api,43-56 days,Scoot,TR,1,0,0,0
2026-05-29,SIN-BKK,2026-07-15,210.0,47,2,Wednesday,False,SIN,1,BKK,api,43-56 days,Scoot,TR,1,0,0,0
2026-05-29,SIN-BKK,2026-07-15,243.0,47,2,Wednesday,False,SIN,1,BKK,api,43-56 days,Scoot,TR,1,0,0,0
2026-05-29,SIN-BKK,2026-07-15,276.0,47,2,Wednesday,False,SIN,1,BKK,api,43-56 days,Scoot,TR,1,0,0,0
2026-05-29,SIN-BKK,2026-07-15,278.0,47,2,Wednesday,False,SIN,1,BKK,api,43-56 days,THAI,TG,0,0,0,0
2026-05-29,SIN-BKK,2026-07-15,337.0,47,2,Wednesday,False,SIN,1,BKK,api,43-56 days,Singapore Airlines,SQ,0,0,0,0
2026-05-29,SIN-BKK,2026-07-15,363.0,47,2,Wednesday,False,SIN,1,BKK,api,43-56 days,Singapore Airlines,SQ,0,0,0,0
2026-05-29,SIN-BKK,2026-07-15,367.0,47,2,Wednesday,False,SIN,1,BKK,api,43-56 days,Singapore Airlines,SQ,0,0,0,0
2026-05-29,BKK-SIN,2026-07-15,188.0,47,2,Wednesday,False,BKK,2,BKK,api,43-56 days,Scoot,TR,1,0,0,0
2026-05-29,BKK-SIN,2026-07-15,218.0,47,2,Wednesday,False,BKK,2,BKK,api,43-56 days,Scoot,TR,1,0,0,0
2026-05-29,BKK-SIN,2026-07-15,256.0,47,2,Wednesday,False,BKK,2,BKK,api,43-56 days,Singapore Airlines,SQ,0,0,0,0
2026-05-29,BKK-SIN,2026-07-15,262.0,47,2,Wednesday,False,BKK,2,BKK,api,43-56 days,THAI,TG,0,0,0,0
2026-05-29,BKK-SIN,2026-07-15,264.0,47,2,Wednesday,False,BKK,2,BKK,api,43-56 days,Singapore Airlines,SQ,0,0,0,0
2026-05-29,BKK-SIN,2026-07-15,266.0,47,2,Wednesday,False,BKK,2,BKK,api,43-56 days,Singapore Airlines,SQ,0,0,0,0
2026-05-29,SIN-NRT,2026-07-15,204.0,47,2,Wednesday,False,SIN,1,NRT,api,43-56 days,ZIPAIR Tokyo,ZG,1,0,0,0
2026-05-29,SIN-NRT,2026-07-15,263.0,47,2,Wednesday,False,SIN,1,NRT,api,43-56 days,Scoot,TR,1,0,0,0
2026-05-29,SIN-NRT,2026-07-15,786.0,47,2,Wednesday,False,SIN,1,NRT,api,43-56 days,ANA,NH,0,0,0,0
2026-05-29,SIN-NRT,2026-07-15,786.0,47,2,Wednesday,False,SIN,1,NRT,api,43-56 days,Singapore Airlines,SQ,0,0,0,0
2026-05-29,SIN-NRT,2026-07-15,1089.0,47,2,Wednesday,False,SIN,1,NRT,api,43-56 days,JAL,JL,0,0,0,0
2026-05-29,NRT-SIN,2026-07-15,190.0,47,2,Wednesday,False,NRT,2,NRT,api,43-56 days,Scoot,TR,1,0,0,0
2026-05-29,NRT-SIN,2026-07-15,230.0,47,2,Wednesday,False,NRT,2,NRT,api,43-56 days,ZIPAIR Tokyo,ZG,1,0,0,0
2026-05-29,NRT-SIN,2026-07-15,1654.0,47,2,Wednesday,False,NRT,2,NRT,api,43-56 days,Singapore Airlines,SQ,0,0,0,0
2026-05-29,NRT-SIN,2026-07-15,1654.0,47,2,Wednesday,False,NRT,2,NRT,api,43-56 days,ANA,NH,0,0,0,0
2026-05-29,NRT-SIN,2026-07-15,1703.0,47,2,Wednesday,False,NRT,2,NRT,api,43-56 days,JAL,JL,0,0,0,0
2026-05-29,SIN-LHR,2026-07-15,1100.0,47,2,Wednesday,False,SIN,1,LHR,api,43-56 days,Qantas,QF,0,0,0,0
2026-05-29,SIN-LHR,2026-07-15,1276.0,47,2,Wednesday,False,SIN,1,LHR,api,43-56 days,Singapore Airlines,SQ,0,0,0,0
2026-05-29,SIN-LHR,2026-07-15,1279.0,47,2,Wednesday,False,SIN,1,LHR,api,43-56 days,British Airways,BA,0,0,0,0
2026-05-29,SIN-LHR,2026-07-15,1496.0,47,2,Wednesday,False,SIN,1,LHR,api,43-56 days,Singapore Airlines,SQ,0,0,0,0
2026-05-29,SIN-LHR,2026-07-15,2226.0,47,2,Wednesday,False,SIN,1,LHR,api,43-56 days,Singapore Airlines,SQ,0,0,0,0
2026-05-29,LHR-SIN,2026-07-15,1735.0,47,2,Wednesday,False,LHR,2,LHR,api,43-56 days,British Airways,BA,0,0,0,0
2026-05-29,LHR-SIN,2026-07-15,2133.0,47,2,Wednesday,False,LHR,2,LHR,api,43-56 days,British Airways,BA,0,0,0,0
2026-05-29,LHR-SIN,2026-07-15,2489.0,47,2,Wednesday,False,LHR,2,LHR,api,43-56 days,Singapore Airlines,SQ,0,0,0,0
2026-05-29,LHR-SIN,2026-07-15,2582.0,47,2,Wednesday,False,LHR,2,LHR,api,43-56 days,Qantas,QF,0,0,0,0
2026-05-29,SIN-MEL,2026-07-15,540.0,47,2,Wednesday,False,SIN,1,MEL,api,43-56 days,Scoot,TR,1,0,0,0
2026-05-29,SIN-MEL,2026-07-15,691.0,47,2,Wednesday,False,SIN,1,MEL,api,43-56 days,Scoot,TR,1,0,0,0
2026-05-29,SIN-MEL,2026-07-15,806.0,47,2,Wednesday,False,SIN,1,MEL,api,43-56 days,Turkish Airlines,TK,0,0,0,0
2026-05-29,SIN-MEL,2026-07-15,1132.0,47,2,Wednesday,False,SIN,1,MEL,api,43-56 days,Qantas,QF,0,0,0,0
2026-05-29,SIN-MEL,2026-07-15,1717.0,47,2,Wednesday,False,SIN,1,MEL,api,43-56 days,Singapore Airlines,SQ,0,0,0,0
2026-05-29,SIN-MEL,2026-07-15,1866.0,47,2,Wednesday,False,SIN,1,MEL,api,43-56 days,Singapore Airlines,SQ,0,0,0,0
2026-05-29,SIN-MEL,2026-07-15,1927.0,47,2,Wednesday,False,SIN,1,MEL,api,43-56 days,Singapore Airlines,SQ,0,0,0,0
2026-05-29,MEL-SIN,2026-07-15,224.0,47,2,Wednesday,False,MEL,2,MEL,api,43-56 days,Scoot,TR,1,0,0,0
2026-05-29,MEL-SIN,2026-07-15,242.0,47,2,Wednesday,False,MEL,2,MEL,api,43-56 days,Scoot,TR,1,0,0,0
2026-05-29,MEL-SIN,2026-07-15,429.0,47,2,Wednesday,False,MEL,2,MEL,api,43-56 days,Turkish Airlines,TK,0,0,0,0
2026-05-29,MEL-SIN,2026-07-15,484.0,47,2,Wednesday,False,MEL,2,MEL,api,43-56 days,Singapore Airlines,SQ,0,0,0,0
2026-05-29,MEL-SIN,2026-07-15,693.0,47,2,Wednesday,False,MEL,2,MEL,api,43-56 days,Qantas,QF,0,0,0,0
2026-05-29,MEL-SIN,2026-07-15,1139.0,47,2,Wednesday,False,MEL,2,MEL,api,43-56 days,Singapore Airlines,SQ,0,0,0,0
2026-05-29,SIN-BKK,2026-08-03,186.0,66,0,Monday,False,SIN,1,BKK,api,57-70 days,Scoot,TR,1,0,0,0
2026-05-29,SIN-BKK,2026-08-03,210.0,66,0,Monday,False,SIN,1,BKK,api,57-70 days,Scoot,TR,1,0,0,0
2026-05-29,SIN-BKK,2026-08-03,332.0,66,0,Monday,False,SIN,1,BKK,api,57-70 days,THAI,TG,0,0,0,0
2026-05-29,SIN-BKK,2026-08-03,334.0,66,0,Monday,False,SIN,1,BKK,api,57-70 days,Singapore Airlines,SQ,0,0,0,0
2026-05-29,SIN-BKK,2026-08-03,363.0,66,0,Monday,False,SIN,1,BKK,api,57-70 days,Singapore Airlines,SQ,0,0,0,0
2026-05-29,BKK-SIN,2026-08-03,188.0,66,0,Monday,False,BKK,2,BKK,api,57-70 days,Scoot,TR,1,0,0,0
2026-05-29,BKK-SIN,2026-08-03,218.0,66,0,Monday,False,BKK,2,BKK,api,57-70 days,Scoot,TR,1,0,0,0
2026-05-29,BKK-SIN,2026-08-03,252.0,66,0,Monday,False,BKK,2,BKK,api,57-70 days,Scoot,TR,1,0,0,0
2026-05-29,BKK-SIN,2026-08-03,256.0,66,0,Monday,False,BKK,2,BKK,api,57-70 days,Singapore Airlines,SQ,0,0,0,0
2026-05-29,BKK-SIN,2026-08-03,262.0,66,0,Monday,False,BKK,2,BKK,api,57-70 days,THAI,TG,0,0,0,0
2026-05-29,BKK-SIN,2026-08-03,265.0,66,0,Monday,False,BKK,2,BKK,api,57-70 days,Singapore Airlines,SQ,0,0,0,0
2026-05-29,BKK-SIN,2026-08-03,275.0,66,0,Monday,False,BKK,2,BKK,api,57-70 days,Singapore Airlines,SQ,0,0,0,0
2026-05-29,BKK-SIN,2026-08-03,313.0,66,0,Monday,False,BKK,2,BKK,api,57-70 days,Scoot,TR,1,0,0,0
2026-05-29,BKK-SIN,2026-08-03,327.0,66,0,Monday,False,BKK,2,BKK,api,57-70 days,THAI,TG,0,0,0,0
2026-05-29,SIN-NRT,2026-08-03,313.0,66,0,Monday,False,SIN,1,NRT,api,57-70 days,Scoot,TR,1,0,0,0
2026-05-29,SIN-NRT,2026-08-03,786.0,66,0,Monday,False,SIN,1,NRT,api,57-70 days,ANA,NH,0,0,0,0
2026-05-29,SIN-NRT,2026-08-03,786.0,66,0,Monday,False,SIN,1,NRT,api,57-70 days,Singapore Airlines,SQ,0,0,0,0
2026-05-29,SIN-NRT,2026-08-03,1089.0,66,0,Monday,False,SIN,1,NRT,api,57-70 days,JAL,JL,0,0,0,0
2026-05-29,NRT-SIN,2026-08-03,342.0,66,0,Monday,False,NRT,2,NRT,api,57-70 days,Scoot,TR,1,0,0,0
2026-05-29,NRT-SIN,2026-08-03,1654.0,66,0,Monday,False,NRT,2,NRT,api,57-70 days,Singapore Airlines,SQ,0,0,0,0
2026-05-29,NRT-SIN,2026-08-03,1654.0,66,0,Monday,False,NRT,2,NRT,api,57-70 days,ANA,NH,0,0,0,0
2026-05-29,NRT-SIN,2026-08-03,1703.0,66,0,Monday,False,NRT,2,NRT,api,57-70 days,JAL,JL,0,0,0,0
2026-05-29,SIN-LHR,2026-08-03,1122.0,66,0,Monday,False,SIN,1,LHR,api,57-70 days,British Airways,BA,0,0,0,0
2026-05-29,SIN-LHR,2026-08-03,1279.0,66,0,Monday,False,SIN,1,LHR,api,57-70 days,British Airways,BA,0,0,0,0
2026-05-29,SIN-LHR,2026-08-03,1515.0,66,0,Monday,False,SIN,1,LHR,api,57-70 days,Qantas,QF,0,0,0,0
2026-05-29,SIN-LHR,2026-08-03,2226.0,66,0,Monday,False,SIN,1,LHR,api,57-70 days,Singapore Airlines,SQ,0,0,0,0
2026-05-29,LHR-SIN,2026-08-03,1512.0,66,0,Monday,False,LHR,2,LHR,api,57-70 days,British Airways,BA,0,0,0,0
2026-05-29,LHR-SIN,2026-08-03,1536.0,66,0,Monday,False,LHR,2,LHR,api,57-70 days,British Airways,BA,0,0,0,0
2026-05-29,LHR-SIN,2026-08-03,2489.0,66,0,Monday,False,LHR,2,LHR,api,57-70 days,Singapore Airlines,SQ,0,0,0,0
2026-05-29,LHR-SIN,2026-08-03,2582.0,66,0,Monday,False,LHR,2,LHR,api,57-70 days,Qantas,QF,0,0,0,0
2026-05-29,SIN-MEL,2026-08-03,324.0,66,0,Monday,False,SIN,1,MEL,api,57-70 days,Scoot,TR,1,0,0,0
2026-05-29,SIN-MEL,2026-08-03,376.0,66,0,Monday,False,SIN,1,MEL,api,57-70 days,Turkish Airlines,TK,0,0,0,0
2026-05-29,SIN-MEL,2026-08-03,471.0,66,0,Monday,False,SIN,1,MEL,api,57-70 days,Scoot,TR,1,0,0,0
2026-05-29,SIN-MEL,2026-08-03,790.0,66,0,Monday,False,SIN,1,MEL,api,57-70 days,Singapore Airlines,SQ,0,0,0,0
2026-05-29,SIN-MEL,2026-08-03,829.0,66,0,Monday,False,SIN,1,MEL,api,57-70 days,Jetstar,JQ,1,0,0,0
2026-05-29,SIN-MEL,2026-08-03,858.0,66,0,Monday,False,SIN,1,MEL,api,57-70 days,Singapore Airlines,SQ,0,0,0,0
2026-05-29,SIN-MEL,2026-08-03,939.0,66,0,Monday,False,SIN,1,MEL,api,57-70 days,Singapore Airlines,SQ,0,0,0,0
2026-05-29,SIN-MEL,2026-08-03,1009.0,66,0,Monday,False,SIN,1,MEL,api,57-70 days,Qantas,QF,0,0,0,0
2026-05-29,MEL-SIN,2026-08-03,205.0,66,0,Monday,False,MEL,2,MEL,api,57-70 days,Jetstar,JQ,1,0,0,0
2026-05-29,MEL-SIN,2026-08-03,224.0,66,0,Monday,False,MEL,2,MEL,api,57-70 days,Scoot,TR,1,0,0,0
2026-05-29,MEL-SIN,2026-08-03,394.0,66,0,Monday,False,MEL,2,MEL,api,57-70 days,Turkish Airlines,TK,0,0,0,0
2026-05-29,MEL-SIN,2026-08-03,650.0,66,0,Monday,False,MEL,2,MEL,api,57-70 days,Singapore Airlines,SQ,0,0,0,0
2026-05-29,MEL-SIN,2026-08-03,706.0,66,0,Monday,False,MEL,2,MEL,api,57-70 days,Singapore Airlines,SQ,0,0,0,0
2026-05-29,MEL-SIN,2026-08-03,729.0,66,0,Monday,False,MEL,2,MEL,api,57-70 days,Qantas,QF,0,0,0,0
2026-06-11,SIN-NRT,2026-08-03,371.0,53,0,Monday,False,SIN,1,NRT,api,43-56 days,Scoot,TR,1,0,0,0
2026-06-11,SIN-NRT,2026-08-03,724.0,53,0,Monday,False,SIN,1,NRT,api,43-56 days,Singapore Airlines,SQ,0,0,0,0
2026-06-11,SIN-NRT,2026-08-03,786.0,53,0,Monday,False,SIN,1,NRT,api,43-56 days,ANA,NH,0,0,0,0
2026-06-11,SIN-NRT,2026-08-03,1091.0,53,0,Monday,False,SIN,1,NRT,api,43-56 days,JAL,JL,0,0,0,0
2026-06-20,SIN-BKK,2026-06-30,231.0,10,1,Tuesday,False,SIN,1,BKK,api,1-14 days,Scoot,TR,1,0,0,1
2026-06-20,SIN-BKK,2026-06-30,262.0,10,1,Tuesday,False,SIN,1,BKK,api,1-14 days,Scoot,TR,1,0,0,1
2026-06-20,SIN-BKK,2026-06-30,278.0,10,1,Tuesday,False,SIN,1,BKK,api,1-14 days,THAI,TG,0,0,0,1
2026-06-20,SIN-BKK,2026-06-30,292.0,10,1,Tuesday,False,SIN,1,BKK,api,1-14 days,Scoot,TR,1,0,0,1
2026-06-20,SIN-BKK,2026-06-30,388.0,10,1,Tuesday,False,SIN,1,BKK,api,1-14 days,Singapore Airlines,SQ,0,0,0,1
2026-06-20,BKK-SIN,2026-06-30,218.0,10,1,Tuesday,False,BKK,2,BKK,api,1-14 days,THAI,TG,0,0,0,1
2026-06-20,BKK-SIN,2026-06-30,263.0,10,1,Tuesday,False,BKK,2,BKK,api,1-14 days,Scoot,TR,1,0,0,1
2026-06-20,BKK-SIN,2026-06-30,303.0,10,1,Tuesday,False,BKK,2,BKK,api,1-14 days,Scoot,TR,1,0,0,1
2026-06-20,BKK-SIN,2026-06-30,306.0,10,1,Tuesday,False,BKK,2,BKK,api,1-14 days,THAI,TG,0,0,0,1
2026-06-20,BKK-SIN,2026-06-30,515.0,10,1,Tuesday,False,BKK,2,BKK,api,1-14 days,Singapore Airlines,SQ,0,0,0,1
2026-06-20,BKK-SIN,2026-06-30,601.0,10,1,Tuesday,False,BKK,2,BKK,api,1-14 days,Singapore Airlines,SQ,0,0,0,1
2026-06-20,BKK-SIN,2026-06-30,633.0,10,1,Tuesday,False,BKK,2,BKK,api,1-14 days,Singapore Airlines,SQ,0,0,0,1
2026-06-20,BKK-SIN,2026-06-30,742.0,10,1,Tuesday,False,BKK,2,BKK,api,1-14 days,Singapore Airlines,SQ,0,0,0,1
2026-06-20,SIN-NRT,2026-06-30,547.0,10,1,Tuesday,False,SIN,1,NRT,api,1-14 days,Scoot,TR,1,0,0,1
2026-06-20,SIN-NRT,2026-06-30,786.0,10,1,Tuesday,False,SIN,1,NRT,api,1-14 days,ANA,NH,0,0,0,1
2026-06-20,SIN-NRT,2026-06-30,834.0,10,1,Tuesday,False,SIN,1,NRT,api,1-14 days,Singapore Airlines,SQ,0,0,0,1
2026-06-20,SIN-NRT,2026-06-30,1092.0,10,1,Tuesday,False,SIN,1,NRT,api,1-14 days,JAL,JL,0,0,0,1
2026-06-20,NRT-SIN,2026-06-30,195.0,10,1,Tuesday,False,NRT,2,NRT,api,1-14 days,Scoot,TR,1,0,0,1
2026-06-20,NRT-SIN,2026-06-30,662.0,10,1,Tuesday,False,NRT,2,NRT,api,1-14 days,ZIPAIR Tokyo,ZG,1,0,0,1
2026-06-20,NRT-SIN,2026-06-30,1652.0,10,1,Tuesday,False,NRT,2,NRT,api,1-14 days,Singapore Airlines,SQ,0,0,0,1
2026-06-20,NRT-SIN,2026-06-30,1652.0,10,1,Tuesday,False,NRT,2,NRT,api,1-14 days,ANA,NH,0,0,0,1
2026-06-20,NRT-SIN,2026-06-30,1702.0,10,1,Tuesday,False,NRT,2,NRT,api,1-14 days,JAL,JL,0,0,0,1
2026-06-20,SIN-LHR,2026-06-30,1364.0,10,1,Tuesday,False,SIN,1,LHR,api,1-14 days,Qantas,QF,0,0,0,1
2026-06-20,SIN-LHR,2026-06-30,1392.0,10,1,Tuesday,False,SIN,1,LHR,api,1-14 days,British Airways,BA,0,0,0,1
2026-06-20,SIN-LHR,2026-06-30,1496.0,10,1,Tuesday,False,SIN,1,LHR,api,1-14 days,Singapore Airlines,SQ,0,0,0,1
2026-06-20,SIN-LHR,2026-06-30,1772.0,10,1,Tuesday,False,SIN,1,LHR,api,1-14 days,Singapore Airlines,SQ,0,0,0,1
2026-06-20,SIN-LHR,2026-06-30,2226.0,10,1,Tuesday,False,SIN,1,LHR,api,1-14 days,Singapore Airlines,SQ,0,0,0,1
2026-06-20,SIN-LHR,2026-06-30,2274.0,10,1,Tuesday,False,SIN,1,LHR,api,1-14 days,British Airways,BA,0,0,0,1
2026-06-20,SIN-LHR,2026-06-30,2980.0,10,1,Tuesday,False,SIN,1,LHR,api,1-14 days,Qantas,QF,0,0,0,1
2026-06-20,LHR-SIN,2026-06-30,2538.0,10,1,Tuesday,False,LHR,2,LHR,api,1-14 days,British Airways,BA,0,0,0,1
2026-06-20,LHR-SIN,2026-06-30,2653.0,10,1,Tuesday,False,LHR,2,LHR,api,1-14 days,Singapore Airlines,SQ,0,0,0,1
2026-06-20,LHR-SIN,2026-06-30,2699.0,10,1,Tuesday,False,LHR,2,LHR,api,1-14 days,Qantas,QF,0,0,0,1
2026-06-20,LHR-SIN,2026-06-30,3168.0,10,1,Tuesday,False,LHR,2,LHR,api,1-14 days,Singapore Airlines,SQ,0,0,0,1
2026-06-20,SIN-MEL,2026-06-30,272.0,10,1,Tuesday,False,SIN,1,MEL,api,1-14 days,Scoot,TR,1,0,0,1
2026-06-20,SIN-MEL,2026-06-30,329.0,10,1,Tuesday,False,SIN,1,MEL,api,1-14 days,Jetstar,JQ,1,0,0,1
2026-06-20,SIN-MEL,2026-06-30,792.0,10,1,Tuesday,False,SIN,1,MEL,api,1-14 days,Singapore Airlines,SQ,0,0,0,1
2026-06-20,SIN-MEL,2026-06-30,990.0,10,1,Tuesday,False,SIN,1,MEL,api,1-14 days,Qantas,QF,0,0,0,1
2026-06-20,SIN-MEL,2026-06-30,1513.0,10,1,Tuesday,False,SIN,1,MEL,api,1-14 days,Singapore Airlines,SQ,0,0,0,1
2026-06-20,SIN-MEL,2026-06-30,1717.0,10,1,Tuesday,False,SIN,1,MEL,api,1-14 days,Singapore Airlines,SQ,0,0,0,1
2026-06-20,MEL-SIN,2026-06-30,665.0,10,1,Tuesday,False,MEL,2,MEL,api,1-14 days,Scoot,TR,1,0,0,1
2026-06-20,MEL-SIN,2026-06-30,683.0,10,1,Tuesday,False,MEL,2,MEL,api,1-14 days,Jetstar,JQ,1,0,0,1
2026-06-20,MEL-SIN,2026-06-30,841.0,10,1,Tuesday,False,MEL,2,MEL,api,1-14 days,Scoot,TR,1,0,0,1
2026-06-20,MEL-SIN,2026-06-30,1117.0,10,1,Tuesday,False,MEL,2,MEL,api,1-14 days,Qantas,QF,0,0,0,1
2026-06-20,MEL-SIN,2026-06-30,1307.0,10,1,Tuesday,False,MEL,2,MEL,api,1-14 days,Qantas,QF,0,0,0,1
2026-06-20,MEL-SIN,2026-06-30,1737.0,10,1,Tuesday,False,MEL,2,MEL,api,1-14 days,Singapore Airlines,SQ,0,0,0,1
2026-06-20,SIN-BKK,2026-08-03,231.0,44,0,Monday,False,SIN,1,BKK,api,43-56 days,Scoot,TR,1,0,0,0
2026-06-20,SIN-BKK,2026-08-03,262.0,44,0,Monday,False,SIN,1,BKK,api,43-56 days,Scoot,TR,1,0,0,0
2026-06-20,SIN-BKK,2026-08-03,292.0,44,0,Monday,False,SIN,1,BKK,api,43-56 days,Scoot,TR,1,0,0,0
2026-06-20,SIN-BKK,2026-08-03,332.0,44,0,Monday,False,SIN,1,BKK,api,43-56 days,THAI,TG,0,0,0,0
2026-06-20,SIN-BKK,2026-08-03,357.0,44,0,Monday,False,SIN,1,BKK,api,43-56 days,Singapore Airlines,SQ,0,0,0,0
2026-06-20,SIN-BKK,2026-08-03,385.0,44,0,Monday,False,SIN,1,BKK,api,43-56 days,Singapore Airlines,SQ,0,0,0,0
2026-06-20,SIN-BKK,2026-08-03,388.0,44,0,Monday,False,SIN,1,BKK,api,43-56 days,Singapore Airlines,SQ,0,0,0,0
2026-06-20,BKK-SIN,2026-08-03,226.0,44,0,Monday,False,BKK,2,BKK,api,43-56 days,Scoot,TR,1,0,0,0
2026-06-20,BKK-SIN,2026-08-03,256.0,44,0,Monday,False,BKK,2,BKK,api,43-56 days,Singapore Airlines,SQ,0,0,0,0
2026-06-20,BKK-SIN,2026-08-03,261.0,44,0,Monday,False,BKK,2,BKK,api,43-56 days,Singapore Airlines,SQ,0,0,0,0
2026-06-20,BKK-SIN,2026-08-03,262.0,44,0,Monday,False,BKK,2,BKK,api,43-56 days,THAI,TG,0,0,0,0
2026-06-20,BKK-SIN,2026-08-03,270.0,44,0,Monday,False,BKK,2,BKK,api,43-56 days,Singapore Airlines,SQ,0,0,0,0
2026-06-20,BKK-SIN,2026-08-03,281.0,44,0,Monday,False,BKK,2,BKK,api,43-56 days,Singapore Airlines,SQ,0,0,0,0
2026-06-20,BKK-SIN,2026-08-03,303.0,44,0,Monday,False,BKK,2,BKK,api,43-56 days,Scoot,TR,1,0,0,0
2026-06-20,BKK-SIN,2026-08-03,327.0,44,0,Monday,False,BKK,2,BKK,api,43-56 days,THAI,TG,0,0,0,0
2026-06-20,BKK-SIN,2026-08-03,351.0,44,0,Monday,False,BKK,2,BKK,api,43-56 days,THAI,TG,0,0,0,0
2026-06-20,BKK-SIN,2026-08-03,379.0,44,0,Monday,False,BKK,2,BKK,api,43-56 days,THAI,TG,0,0,0,0
2026-06-20,BKK-SIN,2026-08-03,453.0,44,0,Monday,False,BKK,2,BKK,api,43-56 days,Scoot,TR,1,0,0,0
2026-06-20,BKK-SIN,2026-08-03,523.0,44,0,Monday,False,BKK,2,BKK,api,43-56 days,Scoot,TR,1,0,0,0
2026-06-20,BKK-SIN,2026-08-03,604.0,44,0,Monday,False,BKK,2,BKK,api,43-56 days,Scoot,TR,1,0,0,0
2026-06-20,SIN-NRT,2026-08-03,371.0,44,0,Monday,False,SIN,1,NRT,api,43-56 days,Scoot,TR,1,0,0,0
2026-06-20,SIN-NRT,2026-08-03,724.0,44,0,Monday,False,SIN,1,NRT,api,43-56 days,Singapore Airlines,SQ,0,0,0,0
2026-06-20,SIN-NRT,2026-08-03,786.0,44,0,Monday,False,SIN,1,NRT,api,43-56 days,ANA,NH,0,0,0,0
2026-06-20,SIN-NRT,2026-08-03,834.0,44,0,Monday,False,SIN,1,NRT,api,43-56 days,Singapore Airlines,SQ,0,0,0,0
2026-06-20,SIN-NRT,2026-08-03,1092.0,44,0,Monday,False,SIN,1,NRT,api,43-56 days,JAL,JL,0,0,0,0
2026-06-20,NRT-SIN,2026-08-03,280.0,44,0,Monday,False,NRT,2,NRT,api,43-56 days,Scoot,TR,1,0,0,0
2026-06-20,NRT-SIN,2026-08-03,1587.0,44,0,Monday,False,NRT,2,NRT,api,43-56 days,Singapore Airlines,SQ,0,0,0,0
2026-06-20,NRT-SIN,2026-08-03,1652.0,44,0,Monday,False,NRT,2,NRT,api,43-56 days,ANA,NH,0,0,0,0
2026-06-20,NRT-SIN,2026-08-03,1652.0,44,0,Monday,False,NRT,2,NRT,api,43-56 days,Singapore Airlines,SQ,0,0,0,0
2026-06-20,NRT-SIN,2026-08-03,1702.0,44,0,Monday,False,NRT,2,NRT,api,43-56 days,JAL,JL,0,0,0,0
2026-06-20,SIN-LHR,2026-08-03,1282.0,44,0,Monday,False,SIN,1,LHR,api,43-56 days,British Airways,BA,0,0,0,0
2026-06-20,SIN-LHR,2026-08-03,2144.0,44,0,Monday,False,SIN,1,LHR,api,43-56 days,Qantas,QF,0,0,0,0
2026-06-20,SIN-LHR,2026-08-03,2226.0,44,0,Monday,False,SIN,1,LHR,api,43-56 days,Singapore Airlines,SQ,0,0,0,0
2026-06-20,SIN-LHR,2026-08-03,8474.0,44,0,Monday,False,SIN,1,LHR,api,43-56 days,Qantas,QF,0,0,0,0
2026-06-20,LHR-SIN,2026-08-03,1545.0,44,0,Monday,False,LHR,2,LHR,api,43-56 days,British Airways,BA,0,0,0,0
2026-06-20,LHR-SIN,2026-08-03,1774.0,44,0,Monday,False,LHR,2,LHR,api,43-56 days,British Airways,BA,0,0,0,0
2026-06-20,LHR-SIN,2026-08-03,2484.0,44,0,Monday,False,LHR,2,LHR,api,43-56 days,Singapore Airlines,SQ,0,0,0,0
2026-06-20,LHR-SIN,2026-08-03,3074.0,44,0,Monday,False,LHR,2,LHR,api,43-56 days,Qantas,QF,0,0,0,0
2026-06-20,SIN-MEL,2026-08-03,334.0,44,0,Monday,False,SIN,1,MEL,api,43-56 days,Scoot,TR,1,0,0,0
2026-06-20,SIN-MEL,2026-08-03,409.0,44,0,Monday,False,SIN,1,MEL,api,43-56 days,Jetstar,JQ,1,0,0,0
2026-06-20,SIN-MEL,2026-08-03,474.0,44,0,Monday,False,SIN,1,MEL,api,43-56 days,Turkish Airlines,TK,0,0,0,0
2026-06-20,SIN-MEL,2026-08-03,939.0,44,0,Monday,False,SIN,1,MEL,api,43-56 days,Singapore Airlines,SQ,0,0,0,0
2026-06-20,SIN-MEL,2026-08-03,990.0,44,0,Monday,False,SIN,1,MEL,api,43-56 days,Qantas,QF,0,0,0,0
2026-06-20,SIN-MEL,2026-08-03,1717.0,44,0,Monday,False,SIN,1,MEL,api,43-56 days,Singapore Airlines,SQ,0,0,0,0
2026-06-20,MEL-SIN,2026-08-03,203.0,44,0,Monday,False,MEL,2,MEL,api,43-56 days,Jetstar,JQ,1,0,0,0
2026-06-20,MEL-SIN,2026-08-03,244.0,44,0,Monday,False,MEL,2,MEL,api,43-56 days,Scoot,TR,1,0,0,0
2026-06-20,MEL-SIN,2026-08-03,392.0,44,0,Monday,False,MEL,2,MEL,api,43-56 days,Turkish Airlines,TK,0,0,0,0
2026-06-20,MEL-SIN,2026-08-03,643.0,44,0,Monday,False,MEL,2,MEL,api,43-56 days,Singapore Airlines,SQ,0,0,0,0
2026-06-20,MEL-SIN,2026-08-03,698.0,44,0,Monday,False,MEL,2,MEL,api,43-56 days,Singapore Airlines,SQ,0,0,0,0
2026-06-20,MEL-SIN,2026-08-03,721.0,44,0,Monday,False,MEL,2,MEL,api,43-56 days,Qantas,QF,0,0,0,0
2026-07-18,SIN-BKK,2026-09-07,149.0,51,0,Monday,False,SIN,1,BKK,api,43-56 days,Scoot,TR,1,0,0,0
2026-07-18,SIN-BKK,2026-09-07,205.0,51,0,Monday,False,SIN,1,BKK,api,43-56 days,Scoot,TR,1,0,0,0
2026-07-18,SIN-BKK,2026-09-07,251.0,51,0,Monday,False,SIN,1,BKK,api,43-56 days,THAI,TG,0,0,0,0
2026-07-18,SIN-BKK,2026-09-07,278.0,51,0,Monday,False,SIN,1,BKK,api,43-56 days,THAI,TG,0,0,0,0
2026-07-18,SIN-BKK,2026-09-07,363.0,51,0,Monday,False,SIN,1,BKK,api,43-56 days,Singapore Airlines,SQ,0,0,0,0
2026-07-18,BKK-SIN,2026-09-07,170.0,51,0,Monday,False,BKK,2,BKK,api,43-56 days,Scoot,TR,1,0,0,0
2026-07-18,BKK-SIN,2026-09-07,194.0,51,0,Monday,False,BKK,2,BKK,api,43-56 days,Scoot,TR,1,0,0,0
2026-07-18,BKK-SIN,2026-09-07,241.0,51,0,Monday,False,BKK,2,BKK,api,43-56 days,Singapore Airlines,SQ,0,0,0,0
2026-07-18,BKK-SIN,2026-09-07,245.0,51,0,Monday,False,BKK,2,BKK,api,43-56 days,Singapore Airlines,SQ,0,0,0,0
2026-07-18,BKK-SIN,2026-09-07,246.0,51,0,Monday,False,BKK,2,BKK,api,43-56 days,Singapore Airlines,SQ,0,0,0,0
2026-07-18,BKK-SIN,2026-09-07,248.0,51,0,Monday,False,BKK,2,BKK,api,43-56 days,Singapore Airlines,SQ,0,0,0,0
2026-07-18,BKK-SIN,2026-09-07,273.0,51,0,Monday,False,BKK,2,BKK,api,43-56 days,THAI,TG,0,0,0,0
2026-07-18,BKK-SIN,2026-09-07,296.0,51,0,Monday,False,BKK,2,BKK,api,43-56 days,THAI,TG,0,0,0,0
2026-07-18,SIN-NRT,2026-09-07,322.0,51,0,Monday,False,SIN,1,NRT,api,43-56 days,Scoot,TR,1,0,0,0
2026-07-18,SIN-NRT,2026-09-07,816.0,51,0,Monday,False,SIN,1,NRT,api,43-56 days,ANA,NH,0,0,0,0
2026-07-18,SIN-NRT,2026-09-07,816.0,51,0,Monday,False,SIN,1,NRT,api,43-56 days,Singapore Airlines,SQ,0,0,0,0
2026-07-18,SIN-NRT,2026-09-07,1000.0,51,0,Monday,False,SIN,1,NRT,api,43-56 days,Singapore Airlines,SQ,0,0,0,0
2026-07-18,SIN-NRT,2026-09-07,1146.0,51,0,Monday,False,SIN,1,NRT,api,43-56 days,JAL,JL,0,0,0,0
2026-07-18,NRT-SIN,2026-09-07,302.0,51,0,Monday,False,NRT,2,NRT,api,43-56 days,Scoot,TR,1,0,0,0
2026-07-18,NRT-SIN,2026-09-07,1730.0,51,0,Monday,False,NRT,2,NRT,api,43-56 days,Singapore Airlines,SQ,0,0,0,0
2026-07-18,NRT-SIN,2026-09-07,1730.0,51,0,Monday,False,NRT,2,NRT,api,43-56 days,ANA,NH,0,0,0,0
2026-07-18,NRT-SIN,2026-09-07,1747.0,51,0,Monday,False,NRT,2,NRT,api,43-56 days,JAL,JL,0,0,0,0
2026-07-18,SIN-LHR,2026-09-07,931.0,51,0,Monday,False,SIN,1,LHR,api,43-56 days,British Airways,BA,0,0,0,0
2026-07-18,SIN-LHR,2026-09-07,1106.0,51,0,Monday,False,SIN,1,LHR,api,43-56 days,British Airways,BA,0,0,0,0
2026-07-18,SIN-LHR,2026-09-07,1515.0,51,0,Monday,False,SIN,1,LHR,api,43-56 days,Qantas,QF,0,0,0,0
2026-07-18,SIN-LHR,2026-09-07,2226.0,51,0,Monday,False,SIN,1,LHR,api,43-56 days,Singapore Airlines,SQ,0,0,0,0
2026-07-18,SIN-LHR,2026-09-07,8474.0,51,0,Monday,False,SIN,1,LHR,api,43-56 days,Qantas,QF,0,0,0,0
2026-07-18,LHR-SIN,2026-09-07,1098.0,51,0,Monday,False,LHR,2,LHR,api,43-56 days,Singapore Airlines,SQ,0,0,0,0
2026-07-18,LHR-SIN,2026-09-07,1122.0,51,0,Monday,False,LHR,2,LHR,api,43-56 days,Singapore Airlines,SQ,0,0,0,0
2026-07-18,LHR-SIN,2026-09-07,1325.0,51,0,Monday,False,LHR,2,LHR,api,43-56 days,British Airways,BA,0,0,0,0
2026-07-18,LHR-SIN,2026-09-07,1348.0,51,0,Monday,False,LHR,2,LHR,api,43-56 days,Qantas,QF,0,0,0,0
2026-07-18,SIN-MEL,2026-09-07,252.0,51,0,Monday,False,SIN,1,MEL,api,43-56 days,Scoot,TR,1,0,0,0
2026-07-18,SIN-MEL,2026-09-07,289.0,51,0,Monday,False,SIN,1,MEL,api,43-56 days,Jetstar,JQ,1,0,0,0
2026-07-18,SIN-MEL,2026-09-07,381.0,51,0,Monday,False,SIN,1,MEL,api,43-56 days,Turkish Airlines,TK,0,0,0,0
2026-07-18,SIN-MEL,2026-09-07,858.0,51,0,Monday,False,SIN,1,MEL,api,43-56 days,Singapore Airlines,SQ,0,0,0,0
2026-07-18,SIN-MEL,2026-09-07,939.0,51,0,Monday,False,SIN,1,MEL,api,43-56 days,Singapore Airlines,SQ,0,0,0,0
2026-07-18,SIN-MEL,2026-09-07,1033.0,51,0,Monday,False,SIN,1,MEL,api,43-56 days,Qantas,QF,0,0,0,0
2026-07-18,MEL-SIN,2026-09-07,224.0,51,0,Monday,False,MEL,2,MEL,api,43-56 days,Scoot,TR,1,0,0,0
2026-07-18,MEL-SIN,2026-09-07,243.0,51,0,Monday,False,MEL,2,MEL,api,43-56 days,Scoot,TR,1,0,0,0
2026-07-18,MEL-SIN,2026-09-07,358.0,51,0,Monday,False,MEL,2,MEL,api,43-56 days,Jetstar,JQ,1,0,0,0
2026-07-18,MEL-SIN,2026-09-07,395.0,51,0,Monday,False,MEL,2,MEL,api,43-56 days,Turkish Airlines,TK,0,0,0,0
2026-07-18,MEL-SIN,2026-09-07,746.0,51,0,Monday,False,MEL,2,MEL,api,43-56 days,Qantas,QF,0,0,0,0
2026-07-18,MEL-SIN,2026-09-07,1037.0,51,0,Monday,False,MEL,2,MEL,api,43-56 days,Singapore Airlines,SQ,0,0,0,0
2026-07-18,MEL-SIN,2026-09-07,1120.0,51,0,Monday,False,MEL,2,MEL,api,43-56 days,Singapore Airlines,SQ,0,0,0,0
2026-07-18,SIN-BKK,2026-10-04,149.0,78,6,Sunday,True,SIN,1,BKK,api,71-84 days,Scoot,TR,1,0,0,0
2026-07-18,SIN-BKK,2026-10-04,170.0,78,6,Sunday,True,SIN,1,BKK,api,71-84 days,Scoot,TR,1,0,0,0
2026-07-18,SIN-BKK,2026-10-04,205.0,78,6,Sunday,True,SIN,1,BKK,api,71-84 days,Scoot,TR,1,0,0,0
2026-07-18,SIN-BKK,2026-10-04,251.0,78,6,Sunday,True,SIN,1,BKK,api,71-84 days,THAI,TG,0,0,0,0
2026-07-18,SIN-BKK,2026-10-04,278.0,78,6,Sunday,True,SIN,1,BKK,api,71-84 days,THAI,TG,0,0,0,0
2026-07-18,SIN-BKK,2026-10-04,352.0,78,6,Sunday,True,SIN,1,BKK,api,71-84 days,Singapore Airlines,SQ,0,0,0,0
2026-07-18,SIN-BKK,2026-10-04,354.0,78,6,Sunday,True,SIN,1,BKK,api,71-84 days,Singapore Airlines,SQ,0,0,0,0
2026-07-18,BKK-SIN,2026-10-04,194.0,78,6,Sunday,True,BKK,2,BKK,api,71-84 days,Scoot,TR,1,0,0,0
2026-07-18,BKK-SIN,2026-10-04,221.0,78,6,Sunday,True,BKK,2,BKK,api,71-84 days,Scoot,TR,1,0,0,0
2026-07-18,BKK-SIN,2026-10-04,257.0,78,6,Sunday,True,BKK,2,BKK,api,71-84 days,Scoot,TR,1,0,0,0
2026-07-18,BKK-SIN,2026-10-04,261.0,78,6,Sunday,True,BKK,2,BKK,api,71-84 days,Singapore Airlines,SQ,0,0,0,0
2026-07-18,BKK-SIN,2026-10-04,262.0,78,6,Sunday,True,BKK,2,BKK,api,71-84 days,Singapore Airlines,SQ,0,0,0,0
2026-07-18,BKK-SIN,2026-10-04,268.0,78,6,Sunday,True,BKK,2,BKK,api,71-84 days,Singapore Airlines,SQ,0,0,0,0
2026-07-18,BKK-SIN,2026-10-04,281.0,78,6,Sunday,True,BKK,2,BKK,api,71-84 days,Singapore Airlines,SQ,0,0,0,0
2026-07-18,BKK-SIN,2026-10-04,294.0,78,6,Sunday,True,BKK,2,BKK,api,71-84 days,Singapore Airlines,SQ,0,0,0,0
2026-07-18,BKK-SIN,2026-10-04,296.0,78,6,Sunday,True,BKK,2,BKK,api,71-84 days,THAI,TG,0,0,0,0
2026-07-18,BKK-SIN,2026-10-04,324.0,78,6,Sunday,True,BKK,2,BKK,api,71-84 days,THAI,TG,0,0,0,0
2026-07-18,BKK-SIN,2026-10-04,359.0,78,6,Sunday,True,BKK,2,BKK,api,71-84 days,THAI,TG,0,0,0,0
2026-07-18,SIN-NRT,2026-10-04,375.0,78,6,Sunday,True,SIN,1,NRT,api,71-84 days,Scoot,TR,1,0,0,0
2026-07-18,SIN-NRT,2026-10-04,426.0,78,6,Sunday,True,SIN,1,NRT,api,71-84 days,ZIPAIR Tokyo,ZG,1,0,0,0
2026-07-18,SIN-NRT,2026-10-04,751.0,78,6,Sunday,True,SIN,1,NRT,api,71-84 days,Singapore Airlines,SQ,0,0,0,0
2026-07-18,SIN-NRT,2026-10-04,816.0,78,6,Sunday,True,SIN,1,NRT,api,71-84 days,ANA,NH,0,0,0,0
2026-07-18,SIN-NRT,2026-10-04,1000.0,78,6,Sunday,True,SIN,1,NRT,api,71-84 days,Singapore Airlines,SQ,0,0,0,0
2026-07-18,SIN-NRT,2026-10-04,1146.0,78,6,Sunday,True,SIN,1,NRT,api,71-84 days,JAL,JL,0,0,0,0
2026-07-18,NRT-SIN,2026-10-04,213.0,78,6,Sunday,True,NRT,2,NRT,api,71-84 days,Scoot,TR,1,0,0,0
2026-07-18,NRT-SIN,2026-10-04,517.0,78,6,Sunday,True,NRT,2,NRT,api,71-84 days,ZIPAIR Tokyo,ZG,1,0,0,0
2026-07-18,NRT-SIN,2026-10-04,1747.0,78,6,Sunday,True,NRT,2,NRT,api,71-84 days,JAL,JL,0,0,0,0
2026-07-18,NRT-SIN,2026-10-04,1792.0,78,6,Sunday,True,NRT,2,NRT,api,71-84 days,Singapore Airlines,SQ,0,0,0,0
2026-07-18,NRT-SIN,2026-10-04,1792.0,78,6,Sunday,True,NRT,2,NRT,api,71-84 days,ANA,NH,0,0,0,0
2026-07-18,SIN-LHR,2026-10-04,591.0,78,6,Sunday,True,SIN,1,LHR,api,71-84 days,Singapore Airlines,SQ,0,0,0,0
2026-07-18,SIN-LHR,2026-10-04,634.0,78,6,Sunday,True,SIN,1,LHR,api,71-84 days,Singapore Airlines,SQ,0,0,0,0
2026-07-18,SIN-LHR,2026-10-04,1100.0,78,6,Sunday,True,SIN,1,LHR,api,71-84 days,Qantas,QF,0,0,0,0
2026-07-18,SIN-LHR,2026-10-04,1106.0,78,6,Sunday,True,SIN,1,LHR,api,71-84 days,British Airways,BA,0,0,0,0
2026-07-18,SIN-LHR,2026-10-04,1772.0,78,6,Sunday,True,SIN,1,LHR,api,71-84 days,Singapore Airlines,SQ,0,0,0,0
2026-07-18,LHR-SIN,2026-10-04,1219.0,78,6,Sunday,True,LHR,2,LHR,api,71-84 days,British Airways,BA,0,0,0,0
2026-07-18,LHR-SIN,2026-10-04,1325.0,78,6,Sunday,True,LHR,2,LHR,api,71-84 days,British Airways,BA,0,0,0,0
2026-07-18,LHR-SIN,2026-10-04,1728.0,78,6,Sunday,True,LHR,2,LHR,api,71-84 days,Qantas,QF,0,0,0,0
2026-07-18,LHR-SIN,2026-10-04,2217.0,78,6,Sunday,True,LHR,2,LHR,api,71-84 days,Singapore Airlines,SQ,0,0,0,0
2026-07-18,SIN-MEL,2026-10-04,625.0,78,6,Sunday,True,SIN,1,MEL,api,71-84 days,Scoot,TR,1,0,0,0
2026-07-18,SIN-MEL,2026-10-04,739.0,78,6,Sunday,True,SIN,1,MEL,api,71-84 days,Jetstar,JQ,1,0,0,0
2026-07-18,SIN-MEL,2026-10-04,1132.0,78,6,Sunday,True,SIN,1,MEL,api,71-84 days,Qantas,QF,0,0,0,0
2026-07-18,SIN-MEL,2026-10-04,1513.0,78,6,Sunday,True,SIN,1,MEL,api,71-84 days,Singapore Airlines,SQ,0,0,0,0
2026-07-18,SIN-MEL,2026-10-04,1927.0,78,6,Sunday,True,SIN,1,MEL,api,71-84 days,Singapore Airlines,SQ,0,0,0,0
2026-07-18,MEL-SIN,2026-10-04,243.0,78,6,Sunday,True,MEL,2,MEL,api,71-84 days,Scoot,TR,1,0,0,0
2026-07-18,MEL-SIN,2026-10-04,248.0,78,6,Sunday,True,MEL,2,MEL,api,71-84 days,Jetstar,JQ,1,0,0,0
2026-07-18,MEL-SIN,2026-10-04,844.0,78,6,Sunday,True,MEL,2,MEL,api,71-84 days,Qantas,QF,0,0,0,0
2026-07-18,MEL-SIN,2026-10-04,1037.0,78,6,Sunday,True,MEL,2,MEL,api,71-84 days,Singapore Airlines,SQ,0,0,0,0
2026-07-18,SIN-BKK,2027-01-11,129.0,177,0,Monday,False,SIN,1,BKK,api,169-182 days,Scoot,TR,1,0,0,0
2026-07-18,SIN-BKK,2027-01-11,149.0,177,0,Monday,False,SIN,1,BKK,api,169-182 days,Scoot,TR,1,0,0,0
2026-07-18,SIN-BKK,2027-01-11,170.0,177,0,Monday,False,SIN,1,BKK,api,169-182 days,Scoot,TR,1,0,0,0
2026-07-18,SIN-BKK,2027-01-11,205.0,177,0,Monday,False,SIN,1,BKK,api,169-182 days,Scoot,TR,1,0,0,0
2026-07-18,SIN-BKK,2027-01-11,284.0,177,0,Monday,False,SIN,1,BKK,api,169-182 days,THAI,TG,0,0,0,0
2026-07-18,SIN-BKK,2027-01-11,363.0,177,0,Monday,False,SIN,1,BKK,api,169-182 days,Singapore Airlines,SQ,0,0,0,0
2026-07-18,BKK-SIN,2027-01-11,170.0,177,0,Monday,False,BKK,2,BKK,api,169-182 days,Scoot,TR,1,0,0,0
2026-07-18,BKK-SIN,2027-01-11,194.0,177,0,Monday,False,BKK,2,BKK,api,169-182 days,Scoot,TR,1,0,0,0
2026-07-18,BKK-SIN,2027-01-11,221.0,177,0,Monday,False,BKK,2,BKK,api,169-182 days,Scoot,TR,1,0,0,0
2026-07-18,BKK-SIN,2027-01-11,249.0,177,0,Monday,False,BKK,2,BKK,api,169-182 days,Singapore Airlines,SQ,0,0,0,0
2026-07-18,BKK-SIN,2027-01-11,254.0,177,0,Monday,False,BKK,2,BKK,api,169-182 days,Singapore Airlines,SQ,0,0,0,0
2026-07-18,BKK-SIN,2027-01-11,258.0,177,0,Monday,False,BKK,2,BKK,api,169-182 days,Singapore Airlines,SQ,0,0,0,0
2026-07-18,BKK-SIN,2027-01-11,266.0,177,0,Monday,False,BKK,2,BKK,api,169-182 days,Singapore Airlines,SQ,0,0,0,0
2026-07-18,BKK-SIN,2027-01-11,273.0,177,0,Monday,False,BKK,2,BKK,api,169-182 days,THAI,TG,0,0,0,0
2026-07-18,BKK-SIN,2027-01-11,274.0,177,0,Monday,False,BKK,2,BKK,api,169-182 days,Singapore Airlines,SQ,0,0,0,0
2026-07-18,BKK-SIN,2027-01-11,278.0,177,0,Monday,False,BKK,2,BKK,api,169-182 days,Singapore Airlines,SQ,0,0,0,0
2026-07-18,BKK-SIN,2027-01-11,359.0,177,0,Monday,False,BKK,2,BKK,api,169-182 days,THAI,TG,0,0,0,0
2026-07-18,SIN-NRT,2027-01-11,266.0,177,0,Monday,False,SIN,1,NRT,api,169-182 days,ZIPAIR Tokyo,ZG,1,0,1,0
2026-07-18,SIN-NRT,2027-01-11,322.0,177,0,Monday,False,SIN,1,NRT,api,169-182 days,Scoot,TR,1,0,1,0
2026-07-18,SIN-NRT,2027-01-11,751.0,177,0,Monday,False,SIN,1,NRT,api,169-182 days,Singapore Airlines,SQ,0,0,1,0
2026-07-18,SIN-NRT,2027-01-11,816.0,177,0,Monday,False,SIN,1,NRT,api,169-182 days,ANA,NH,0,0,1,0
2026-07-18,SIN-NRT,2027-01-11,816.0,177,0,Monday,False,SIN,1,NRT,api,169-182 days,Singapore Airlines,SQ,0,0,1,0
2026-07-18,SIN-NRT,2027-01-11,1276.0,177,0,Monday,False,SIN,1,NRT,api,169-182 days,JAL,JL,0,0,1,0
2026-07-18,NRT-SIN,2027-01-11,341.0,177,0,Monday,False,NRT,2,NRT,api,169-182 days,Scoot,TR,1,0,1,0
2026-07-18,NRT-SIN,2027-01-11,369.0,177,0,Monday,False,NRT,2,NRT,api,169-182 days,ZIPAIR Tokyo,ZG,1,0,1,0
2026-07-18,NRT-SIN,2027-01-11,1659.0,177,0,Monday,False,NRT,2,NRT,api,169-182 days,Singapore Airlines,SQ,0,0,1,0
2026-07-18,NRT-SIN,2027-01-11,1731.0,177,0,Monday,False,NRT,2,NRT,api,169-182 days,ANA,NH,0,0,1,0
2026-07-18,NRT-SIN,2027-01-11,1747.0,177,0,Monday,False,NRT,2,NRT,api,169-182 days,JAL,JL,0,0,1,0
2026-07-18,SIN-LHR,2027-01-11,1100.0,177,0,Monday,False,SIN,1,LHR,api,169-182 days,Qantas,QF,0,0,0,0
2026-07-18,SIN-LHR,2027-01-11,1106.0,177,0,Monday,False,SIN,1,LHR,api,169-182 days,British Airways,BA,0,0,0,0
2026-07-18,SIN-LHR,2027-01-11,1529.0,177,0,Monday,False,SIN,1,LHR,api,169-182 days,Singapore Airlines,SQ,0,0,0,0
2026-07-18,LHR-SIN,2027-01-11,1337.0,177,0,Monday,False,LHR,2,LHR,api,169-182 days,British Airways,BA,0,0,0,0
2026-07-18,LHR-SIN,2027-01-11,1348.0,177,0,Monday,False,LHR,2,LHR,api,169-182 days,Qantas,QF,0,0,0,0
2026-07-18,LHR-SIN,2027-01-11,1926.0,177,0,Monday,False,LHR,2,LHR,api,169-182 days,Singapore Airlines,SQ,0,0,0,0
2026-07-18,LHR-SIN,2027-01-11,2117.0,177,0,Monday,False,LHR,2,LHR,api,169-182 days,Singapore Airlines,SQ,0,0,0,0
2026-07-18,SIN-MEL,2027-01-11,289.0,177,0,Monday,False,SIN,1,MEL,api,169-182 days,Jetstar,JQ,1,0,0,0
2026-07-18,SIN-MEL,2027-01-11,747.0,177,0,Monday,False,SIN,1,MEL,api,169-182 days,Scoot,TR,1,0,0,0
2026-07-18,SIN-MEL,2027-01-11,1231.0,177,0,Monday,False,SIN,1,MEL,api,169-182 days,Qantas,QF,0,0,0,0
2026-07-18,SIN-MEL,2027-01-11,1866.0,177,0,Monday,False,SIN,1,MEL,api,169-182 days,Singapore Airlines,SQ,0,0,0,0
2026-07-18,SIN-MEL,2027-01-11,1926.0,177,0,Monday,False,SIN,1,MEL,api,169-182 days,Turkish Airlines,TK,0,0,0,0
2026-07-18,MEL-SIN,2027-01-11,325.0,177,0,Monday,False,MEL,2,MEL,api,169-182 days,Scoot,TR,1,0,0,0
2026-07-18,MEL-SIN,2027-01-11,413.0,177,0,Monday,False,MEL,2,MEL,api,169-182 days,Jetstar,JQ,1,0,0,0
2026-07-18,MEL-SIN,2027-01-11,741.0,177,0,Monday,False,MEL,2,MEL,api,169-182 days,Singapore Airlines,SQ,0,0,0,0
2026-07-18,MEL-SIN,2027-01-11,844.0,177,0,Monday,False,MEL,2,MEL,api,169-182 days,Singapore Airlines,SQ,0,0,0,0
2026-07-18,MEL-SIN,2027-01-11,943.0,177,0,Monday,False,MEL,2,MEL,api,169-182 days,Qantas,QF,0,0,0,0
2026-07-18,MEL-SIN,2027-01-11,955.0,177,0,Monday,False,MEL,2,MEL,api,169-182 days,Singapore Airlines,SQ,0,0,0,0
2026-07-18,MEL-SIN,2027-01-11,1660.0,177,0,Monday,False,MEL,2,MEL,api,169-182 days,Turkish Airlines,TK,0,0,0,0
2026-08-30,SIN-BKK,2026-10-24,149.0,55,5,Saturday,True,SIN,1,BKK,api,43-56 days,Scoot,TR,1,0,1,0
2026-08-30,SIN-BKK,2026-10-24,170.0,55,5,Saturday,True,SIN,1,BKK,api,43-56 days,Scoot,TR,1,0,1,0
2026-08-30,SIN-BKK,2026-10-24,205.0,55,5,Saturday,True,SIN,1,BKK,api,43-56 days,Scoot,TR,1,0,1,0
2026-08-30,SIN-BKK,2026-10-24,250.0,55,5,Saturday,True,SIN,1,BKK,api,43-56 days,THAI,TG,0,0,1,0
2026-08-30,SIN-BKK,2026-10-24,334.0,55,5,Saturday,True,SIN,1,BKK,api,43-56 days,Singapore Airlines,SQ,0,0,1,0
2026-08-30,SIN-BKK,2026-10-24,363.0,55,5,Saturday,True,SIN,1,BKK,api,43-56 days,Singapore Airlines,SQ,0,0,1,0
2026-08-30,SIN-BKK,2026-10-24,400.0,55,5,Saturday,True,SIN,1,BKK,api,43-56 days,THAI,TG,0,0,1,0
2026-08-30,BKK-SIN,2026-10-24,118.0,55,5,Saturday,True,BKK,2,BKK,api,43-56 days,Scoot,TR,1,0,1,0
2026-08-30,BKK-SIN,2026-10-24,139.0,55,5,Saturday,True,BKK,2,BKK,api,43-56 days,Scoot,TR,1,0,1,0
2026-08-30,BKK-SIN,2026-10-24,205.0,55,5,Saturday,True,BKK,2,BKK,api,43-56 days,THAI,TG,0,0,1,0
2026-08-30,BKK-SIN,2026-10-24,213.0,55,5,Saturday,True,BKK,2,BKK,api,43-56 days,Singapore Airlines,SQ,0,0,1,0
2026-08-30,BKK-SIN,2026-10-24,214.0,55,5,Saturday,True,BKK,2,BKK,api,43-56 days,Singapore Airlines,SQ,0,0,1,0
2026-08-30,BKK-SIN,2026-10-24,242.0,55,5,Saturday,True,BKK,2,BKK,api,43-56 days,Singapore Airlines,SQ,0,0,1,0
2026-08-30,BKK-SIN,2026-10-24,265.0,55,5,Saturday,True,BKK,2,BKK,api,43-56 days,THAI,TG,0,0,1,0
2026-08-30,SIN-NRT,2026-10-24,446.0,55,5,Saturday,True,SIN,1,NRT,api,43-56 days,Scoot,TR,1,0,0,0
2026-08-30,SIN-NRT,2026-10-24,666.0,55,5,Saturday,True,SIN,1,NRT,api,43-56 days,ZIPAIR Tokyo,ZG,1,0,0,0
2026-08-30,SIN-NRT,2026-10-24,816.0,55,5,Saturday,True,SIN,1,NRT,api,43-56 days,ANA,NH,0,0,0,0
2026-08-30,SIN-NRT,2026-10-24,954.0,55,5,Saturday,True,SIN,1,NRT,api,43-56 days,ANA,NH,0,0,0,0
2026-08-30,SIN-NRT,2026-10-24,1156.0,55,5,Saturday,True,SIN,1,NRT,api,43-56 days,Singapore Airlines,SQ,0,0,0,0
2026-08-30,SIN-NRT,2026-10-24,1272.0,55,5,Saturday,True,SIN,1,NRT,api,43-56 days,JAL,JL,0,0,0,0
2026-08-30,SIN-NRT,2026-10-24,1496.0,55,5,Saturday,True,SIN,1,NRT,api,43-56 days,Singapore Airlines,SQ,0,0,0,0
2026-08-30,NRT-SIN,2026-10-24,302.0,55,5,Saturday,True,NRT,2,NRT,api,43-56 days,Scoot,TR,1,0,0,0
2026-08-30,NRT-SIN,2026-10-24,416.0,55,5,Saturday,True,NRT,2,NRT,api,43-56 days,ZIPAIR Tokyo,ZG,1,0,0,0
2026-08-30,NRT-SIN,2026-10-24,1663.0,55,5,Saturday,True,NRT,2,NRT,api,43-56 days,Singapore Airlines,SQ,0,0,0,0
2026-08-30,NRT-SIN,2026-10-24,1732.0,55,5,Saturday,True,NRT,2,NRT,api,43-56 days,ANA,NH,0,0,0,0
2026-08-30,NRT-SIN,2026-10-24,1749.0,55,5,Saturday,True,NRT,2,NRT,api,43-56 days,JAL,JL,0,0,0,0
2026-08-30,SIN-LHR,2026-10-24,634.0,55,5,Saturday,True,SIN,1,LHR,api,43-56 days,Singapore Airlines,SQ,0,0,0,0
2026-08-30,SIN-LHR,2026-10-24,692.0,55,5,Saturday,True,SIN,1,LHR,api,43-56 days,Singapore Airlines,SQ,0,0,0,0
2026-08-30,SIN-LHR,2026-10-24,1100.0,55,5,Saturday,True,SIN,1,LHR,api,43-56 days,Qantas,QF,0,0,0,0
2026-08-30,SIN-LHR,2026-10-24,1102.0,55,5,Saturday,True,SIN,1,LHR,api,43-56 days,British Airways,BA,0,0,0,0
2026-08-30,SIN-LHR,2026-10-24,1276.0,55,5,Saturday,True,SIN,1,LHR,api,43-56 days,Singapore Airlines,SQ,0,0,0,0
2026-08-30,LHR-SIN,2026-10-24,1211.0,55,5,Saturday,True,LHR,2,LHR,api,43-56 days,British Airways,BA,0,0,0,0
2026-08-30,LHR-SIN,2026-10-24,1373.0,55,5,Saturday,True,LHR,2,LHR,api,43-56 days,Qantas,QF,0,0,0,0
2026-08-30,LHR-SIN,2026-10-24,2203.0,55,5,Saturday,True,LHR,2,LHR,api,43-56 days,Singapore Airlines,SQ,0,0,0,0
2026-08-30,SIN-MEL,2026-10-24,276.0,55,5,Saturday,True,SIN,1,MEL,api,43-56 days,Scoot,TR,1,0,0,0
2026-08-30,SIN-MEL,2026-10-24,424.0,55,5,Saturday,True,SIN,1,MEL,api,43-56 days,Scoot,TR,1,0,0,0
2026-08-30,SIN-MEL,2026-10-24,429.0,55,5,Saturday,True,SIN,1,MEL,api,43-56 days,Turkish Airlines,TK,0,0,0,0
2026-08-30,SIN-MEL,2026-10-24,1043.0,55,5,Saturday,True,SIN,1,MEL,api,43-56 days,Qantas,QF,0,0,0,0
2026-08-30,SIN-MEL,2026-10-24,1645.0,55,5,Saturday,True,SIN,1,MEL,api,43-56 days,Singapore Airlines,SQ,0,0,0,0
2026-08-30,MEL-SIN,2026-10-24,277.0,55,5,Saturday,True,MEL,2,MEL,api,43-56 days,Scoot,TR,1,0,0,0
2026-08-30,MEL-SIN,2026-10-24,323.0,55,5,Saturday,True,MEL,2,MEL,api,43-56 days,Scoot,TR,1,0,0,0
2026-08-30,MEL-SIN,2026-10-24,395.0,55,5,Saturday,True,MEL,2,MEL,api,43-56 days,Turkish Airlines,TK,0,0,0,0
2026-08-30,MEL-SIN,2026-10-24,421.0,55,5,Saturday,True,MEL,2,MEL,api,43-56 days,Singapore Airlines,SQ,0,0,0,0
2026-08-30,MEL-SIN,2026-10-24,482.0,55,5,Saturday,True,MEL,2,MEL,api,43-56 days,Singapore Airlines,SQ,0,0,0,0
2026-08-30,MEL-SIN,2026-10-24,738.0,55,5,Saturday,True,MEL,2,MEL,api,43-56 days,Qantas,QF,0,0,0,0
2026-08-30,MEL-SIN,2026-10-24,750.0,55,5,Saturday,True,MEL,2,MEL,api,43-56 days,Singapore Airlines,SQ,0,0,0,0
2026-08-30,MEL-SIN,2026-10-24,1134.0,55,5,Saturday,True,MEL,2,MEL,api,43-56 days,Singapore Airlines,SQ,0,0,0,0
2026-08-30,SIN-BKK,2026-11-10,113.0,72,1,Tuesday,False,SIN,1,BKK,api,71-84 days,Scoot,TR,1,0,0,0
2026-08-30,SIN-BKK,2026-11-10,129.0,72,1,Tuesday,False,SIN,1,BKK,api,71-84 days,Scoot,TR,1,0,0,0
2026-08-30,SIN-BKK,2026-11-10,149.0,72,1,Tuesday,False,SIN,1,BKK,api,71-84 days,Scoot,TR,1,0,0,0
2026-08-30,SIN-BKK,2026-11-10,170.0,72,1,Tuesday,False,SIN,1,BKK,api,71-84 days,Scoot,TR,1,0,0,0
2026-08-30,SIN-BKK,2026-11-10,250.0,72,1,Tuesday,False,SIN,1,BKK,api,71-84 days,THAI,TG,0,0,0,0
2026-08-30,SIN-BKK,2026-11-10,363.0,72,1,Tuesday,False,SIN,1,BKK,api,71-84 days,Singapore Airlines,SQ,0,0,0,0
2026-08-30,SIN-BKK,2026-11-10,371.0,72,1,Tuesday,False,SIN,1,BKK,api,71-84 days,Singapore Airlines,SQ,0,0,0,0
2026-08-30,SIN-BKK,2026-11-10,400.0,72,1,Tuesday,False,SIN,1,BKK,api,71-84 days,THAI,TG,0,0,0,0
2026-08-30,BKK-SIN,2026-11-10,205.0,72,1,Tuesday,False,BKK,2,BKK,api,71-84 days,THAI,TG,0,0,0,0
2026-08-30,BKK-SIN,2026-11-10,265.0,72,1,Tuesday,False,BKK,2,BKK,api,71-84 days,THAI,TG,0,0,0,0
2026-08-30,BKK-SIN,2026-11-10,267.0,72,1,Tuesday,False,BKK,2,BKK,api,71-84 days,Singapore Airlines,SQ,0,0,0,0
2026-08-30,BKK-SIN,2026-11-10,296.0,72,1,Tuesday,False,BKK,2,BKK,api,71-84 days,Scoot,TR,1,0,0,0
2026-08-30,BKK-SIN,2026-11-10,297.0,72,1,Tuesday,False,BKK,2,BKK,api,71-84 days,Singapore Airlines,SQ,0,0,0,0
2026-08-30,BKK-SIN,2026-11-10,335.0,72,1,Tuesday,False,BKK,2,BKK,api,71-84 days,Singapore Airlines,SQ,0,0,0,0
2026-08-30,BKK-SIN,2026-11-10,381.0,72,1,Tuesday,False,BKK,2,BKK,api,71-84 days,Scoot,TR,1,0,0,0
2026-08-30,SIN-NRT,2026-11-10,346.0,72,1,Tuesday,False,SIN,1,NRT,api,71-84 days,ZIPAIR Tokyo,ZG,1,0,0,0
2026-08-30,SIN-NRT,2026-11-10,389.0,72,1,Tuesday,False,SIN,1,NRT,api,71-84 days,Scoot,TR,1,0,0,0
2026-08-30,SIN-NRT,2026-11-10,816.0,72,1,Tuesday,False,SIN,1,NRT,api,71-84 days,ANA,NH,0,0,0,0
2026-08-30,SIN-NRT,2026-11-10,1000.0,72,1,Tuesday,False,SIN,1,NRT,api,71-84 days,Singapore Airlines,SQ,0,0,0,0
2026-08-30,SIN-NRT,2026-11-10,1156.0,72,1,Tuesday,False,SIN,1,NRT,api,71-84 days,Singapore Airlines,SQ,0,0,0,0
2026-08-30,SIN-NRT,2026-11-10,1272.0,72,1,Tuesday,False,SIN,1,NRT,api,71-84 days,JAL,JL,0,0,0,0
2026-08-30,NRT-SIN,2026-11-10,369.0,72,1,Tuesday,False,NRT,2,NRT,api,71-84 days,ZIPAIR Tokyo,ZG,1,0,0,0
2026-08-30,NRT-SIN,2026-11-10,425.0,72,1,Tuesday,False,NRT,2,NRT,api,71-84 days,Scoot,TR,1,0,0,0
2026-08-30,NRT-SIN,2026-11-10,1732.0,72,1,Tuesday,False,NRT,2,NRT,api,71-84 days,Singapore Airlines,SQ,0,0,0,0
2026-08-30,NRT-SIN,2026-11-10,1732.0,72,1,Tuesday,False,NRT,2,NRT,api,71-84 days,ANA,NH,0,0,0,0
2026-08-30,NRT-SIN,2026-11-10,1749.0,72,1,Tuesday,False,NRT,2,NRT,api,71-84 days,JAL,JL,0,0,0,0
2026-08-30,SIN-LHR,2026-11-10,955.0,72,1,Tuesday,False,SIN,1,LHR,api,71-84 days,Singapore Airlines,SQ,0,0,0,0
2026-08-30,SIN-LHR,2026-11-10,1047.0,72,1,Tuesday,False,SIN,1,LHR,api,71-84 days,Singapore Airlines,SQ,0,0,0,0
2026-08-30,SIN-LHR,2026-11-10,1100.0,72,1,Tuesday,False,SIN,1,LHR,api,71-84 days,Qantas,QF,0,0,0,0
2026-08-30,SIN-LHR,2026-11-10,1102.0,72,1,Tuesday,False,SIN,1,LHR,api,71-84 days,British Airways,BA,0,0,0,0
2026-08-30,LHR-SIN,2026-11-10,1065.0,72,1,Tuesday,False,LHR,2,LHR,api,71-84 days,Singapore Airlines,SQ,0,0,0,0
2026-08-30,LHR-SIN,2026-11-10,1087.0,72,1,Tuesday,False,LHR,2,LHR,api,71-84 days,Qantas,QF,0,0,0,0
2026-08-30,LHR-SIN,2026-11-10,1317.0,72,1,Tuesday,False,LHR,2,LHR,api,71-84 days,British Airways,BA,0,0,0,0
2026-08-30,SIN-MEL,2026-11-10,859.0,72,1,Tuesday,False,SIN,1,MEL,api,71-84 days,Singapore Airlines,SQ,0,0,0,0
2026-08-30,SIN-MEL,2026-11-10,940.0,72,1,Tuesday,False,SIN,1,MEL,api,71-84 days,Singapore Airlines,SQ,0,0,0,0
2026-08-30,SIN-MEL,2026-11-10,1033.0,72,1,Tuesday,False,SIN,1,MEL,api,71-84 days,Qantas,QF,0,0,0,0
2026-08-30,MEL-SIN,2026-11-10,648.0,72,1,Tuesday,False,MEL,2,MEL,api,71-84 days,Singapore Airlines,SQ,0,0,0,0
2026-08-30,MEL-SIN,2026-11-10,703.0,72,1,Tuesday,False,MEL,2,MEL,api,71-84 days,Singapore Airlines,SQ,0,0,0,0
2026-08-30,MEL-SIN,2026-11-10,738.0,72,1,Tuesday,False,MEL,2,MEL,api,71-84 days,Qantas,QF,0,0,0,0
2026-08-30,SIN-BKK,2027-01-19,129.0,142,1,Tuesday,False,SIN,1,BKK,api,141-154 days,Scoot,TR,1,0,0,0
2026-08-30,SIN-BKK,2027-01-19,149.0,142,1,Tuesday,False,SIN,1,BKK,api,141-154 days,Scoot,TR,1,0,0,0
2026-08-30,SIN-BKK,2027-01-19,170.0,142,1,Tuesday,False,SIN,1,BKK,api,141-154 days,Scoot,TR,1,0,0,0
2026-08-30,SIN-BKK,2027-01-19,231.0,142,1,Tuesday,False,SIN,1,BKK,api,141-154 days,Scoot,TR,1,0,0,0
2026-08-30,SIN-BKK,2027-01-19,250.0,142,1,Tuesday,False,SIN,1,BKK,api,141-154 days,THAI,TG,0,0,0,0
2026-08-30,SIN-BKK,2027-01-19,363.0,142,1,Tuesday,False,SIN,1,BKK,api,141-154 days,Singapore Airlines,SQ,0,0,0,0
2026-08-30,BKK-SIN,2027-01-19,102.0,142,1,Tuesday,False,BKK,2,BKK,api,141-154 days,Scoot,TR,1,0,0,0
2026-08-30,BKK-SIN,2027-01-19,118.0,142,1,Tuesday,False,BKK,2,BKK,api,141-154 days,Scoot,TR,1,0,0,0
2026-08-30,BKK-SIN,2027-01-19,139.0,142,1,Tuesday,False,BKK,2,BKK,api,141-154 days,Scoot,TR,1,0,0,0
2026-08-30,BKK-SIN,2027-01-19,171.0,142,1,Tuesday,False,BKK,2,BKK,api,141-154 days,Scoot,TR,1,0,0,0
2026-08-30,BKK-SIN,2027-01-19,205.0,142,1,Tuesday,False,BKK,2,BKK,api,141-154 days,THAI,TG,0,0,0,0
2026-08-30,BKK-SIN,2027-01-19,213.0,142,1,Tuesday,False,BKK,2,BKK,api,141-154 days,Singapore Airlines,SQ,0,0,0,0
2026-08-30,BKK-SIN,2027-01-19,218.0,142,1,Tuesday,False,BKK,2,BKK,api,141-154 days,Singapore Airlines,SQ,0,0,0,0
2026-08-30,SIN-NRT,2027-01-19,321.0,142,1,Tuesday,False,SIN,1,NRT,api,141-154 days,ZIPAIR Tokyo,ZG,1,0,0,0
2026-08-30,SIN-NRT,2027-01-19,322.0,142,1,Tuesday,False,SIN,1,NRT,api,141-154 days,Scoot,TR,1,0,0,0
2026-08-30,SIN-NRT,2027-01-19,831.0,142,1,Tuesday,False,SIN,1,NRT,api,141-154 days,ANA,NH,0,0,0,0
2026-08-30,SIN-NRT,2027-01-19,851.0,142,1,Tuesday,False,SIN,1,NRT,api,141-154 days,Singapore Airlines,SQ,0,0,0,0
2026-08-30,SIN-NRT,2027-01-19,971.0,142,1,Tuesday,False,SIN,1,NRT,api,141-154 days,Singapore Airlines,SQ,0,0,0,0
2026-08-30,SIN-NRT,2027-01-19,1272.0,142,1,Tuesday,False,SIN,1,NRT,api,141-154 days,JAL,JL,0,0,0,0
2026-08-30,NRT-SIN,2027-01-19,268.0,142,1,Tuesday,False,NRT,2,NRT,api,141-154 days,ZIPAIR Tokyo,ZG,1,0,0,0
2026-08-30,NRT-SIN,2027-01-19,302.0,142,1,Tuesday,False,NRT,2,NRT,api,141-154 days,Scoot,TR,1,0,0,0
2026-08-30,NRT-SIN,2027-01-19,1749.0,142,1,Tuesday,False,NRT,2,NRT,api,141-154 days,JAL,JL,0,0,0,0
2026-08-30,NRT-SIN,2027-01-19,1794.0,142,1,Tuesday,False,NRT,2,NRT,api,141-154 days,Singapore Airlines,SQ,0,0,0,0
2026-08-30,NRT-SIN,2027-01-19,1794.0,142,1,Tuesday,False,NRT,2,NRT,api,141-154 days,ANA,NH,0,0,0,0
2026-08-30,SIN-LHR,2027-01-19,1047.0,142,1,Tuesday,False,SIN,1,LHR,api,141-154 days,Singapore Airlines,SQ,0,0,0,0
2026-08-30,SIN-LHR,2027-01-19,1100.0,142,1,Tuesday,False,SIN,1,LHR,api,141-154 days,Qantas,QF,0,0,0,0
2026-08-30,SIN-LHR,2027-01-19,1102.0,142,1,Tuesday,False,SIN,1,LHR,api,141-154 days,British Airways,BA,0,0,0,0
2026-08-30,LHR-SIN,2027-01-19,1065.0,142,1,Tuesday,False,LHR,2,LHR,api,141-154 days,Singapore Airlines,SQ,0,0,0,0
2026-08-30,LHR-SIN,2027-01-19,1317.0,142,1,Tuesday,False,LHR,2,LHR,api,141-154 days,Qantas,QF,0,0,0,0
2026-08-30,LHR-SIN,2027-01-19,1329.0,142,1,Tuesday,False,LHR,2,LHR,api,141-154 days,British Airways,BA,0,0,0,0
2026-08-30,SIN-MEL,2027-01-19,843.0,142,1,Tuesday,False,SIN,1,MEL,api,141-154 days,Scoot,TR,1,0,0,0
2026-08-30,SIN-MEL,2027-01-19,1330.0,142,1,Tuesday,False,SIN,1,MEL,api,141-154 days,Qantas,QF,0,0,0,0
2026-08-30,SIN-MEL,2027-01-19,1718.0,142,1,Tuesday,False,SIN,1,MEL,api,141-154 days,Singapore Airlines,SQ,0,0,0,0
2026-08-30,SIN-MEL,2027-01-19,1867.0,142,1,Tuesday,False,SIN,1,MEL,api,141-154 days,Singapore Airlines,SQ,0,0,0,0
2026-08-30,SIN-MEL,2027-01-19,2468.0,142,1,Tuesday,False,SIN,1,MEL,api,141-154 days,Singapore Airlines,SQ,0,0,0,0
2026-08-30,MEL-SIN,2027-01-19,231.0,142,1,Tuesday,False,MEL,2,MEL,api,141-154 days,Scoot,TR,1,0,0,0
2026-08-30,MEL-SIN,2027-01-19,409.0,142,1,Tuesday,False,MEL,2,MEL,api,141-154 days,Singapore Airlines,SQ,0,0,0,0
2026-08-30,MEL-SIN,2027-01-19,443.0,142,1,Tuesday,False,MEL,2,MEL,api,141-154 days,Singapore Airlines,SQ,0,0,0,0
2026-08-30,MEL-SIN,2027-01-19,648.0,142,1,Tuesday,False,MEL,2,MEL,api,141-154 days,Singapore Airlines,SQ,0,0,0,0
2026-08-30,MEL-SIN,2027-01-19,738.0,142,1,Tuesday,False,MEL,2,MEL,api,141-154 days,Qantas,QF,0,0,0,0
2026-08-30,SIN-BKK,2026-04-10,129.0,35,6,Sunday,True,SIN,1,BKK,api,29-42 days,Scoot,TR,1,0,0,0
2026-08-30,SIN-BKK,2026-04-10,149.0,35,6,Sunday,True,SIN,1,BKK,api,29-42 days,Scoot,TR,1,0,0,0
2026-08-30,SIN-BKK,2026-04-10,170.0,35,6,Sunday,True,SIN,1,BKK,api,29-42 days,Scoot,TR,1,0,0,0
2026-08-30,SIN-BKK,2026-04-10,205.0,35,6,Sunday,True,SIN,1,BKK,api,29-42 days,Scoot,TR,1,0,0,0
2026-08-30,SIN-BKK,2026-04-10,250.0,35,6,Sunday,True,SIN,1,BKK,api,29-42 days,THAI,TG,0,0,0,0
2026-08-30,SIN-BKK,2026-04-10,277.0,35,6,Sunday,True,SIN,1,BKK,api,29-42 days,THAI,TG,0,0,0,0
2026-08-30,SIN-BKK,2026-04-10,363.0,35,6,Sunday,True,SIN,1,BKK,api,29-42 days,Singapore Airlines,SQ,0,0,0,0
2026-08-30,BKK-SIN,2026-04-10,171.0,35,6,Sunday,True,BKK,2,BKK,api,29-42 days,Scoot,TR,1,0,0,0
2026-08-30,BKK-SIN,2026-04-10,194.0,35,6,Sunday,True,BKK,2,BKK,api,29-42 days,Scoot,TR,1,0,0,0
2026-08-30,BKK-SIN,2026-04-10,214.0,35,6,Sunday,True,BKK,2,BKK,api,29-42 days,Singapore Airlines,SQ,0,0,0,0
2026-08-30,BKK-SIN,2026-04-10,215.0,35,6,Sunday,True,BKK,2,BKK,api,29-42 days,Singapore Airlines,SQ,0,0,0,0
2026-08-30,BKK-SIN,2026-04-10,220.0,35,6,Sunday,True,BKK,2,BKK,api,29-42 days,Singapore Airlines,SQ,0,0,0,0
2026-08-30,BKK-SIN,2026-04-10,222.0,35,6,Sunday,True,BKK,2,BKK,api,29-42 days,Scoot,TR,1,0,0,0
2026-08-30,BKK-SIN,2026-04-10,265.0,35,6,Sunday,True,BKK,2,BKK,api,29-42 days,THAI,TG,0,0,0,0
2026-08-30,BKK-SIN,2026-04-10,268.0,35,6,Sunday,True,BKK,2,BKK,api,29-42 days,Singapore Airlines,SQ,0,0,0,0
2026-08-30,BKK-SIN,2026-04-10,287.0,35,6,Sunday,True,BKK,2,BKK,api,29-42 days,THAI,TG,0,0,0,0
2026-08-30,BKK-SIN,2026-04-10,297.0,35,6,Sunday,True,BKK,2,BKK,api,29-42 days,Singapore Airlines,SQ,0,0,0,0
2026-08-30,BKK-SIN,2026-04-10,435.0,35,6,Sunday,True,BKK,2,BKK,api,29-42 days,Singapore Airlines,SQ,0,0,0,0
2026-08-30,SIN-NRT,2026-04-10,426.0,35,6,Sunday,True,SIN,1,NRT,api,29-42 days,ZIPAIR Tokyo,ZG,1,0,0,0
2026-08-30,SIN-NRT,2026-04-10,446.0,35,6,Sunday,True,SIN,1,NRT,api,29-42 days,Scoot,TR,1,0,0,0
2026-08-30,SIN-NRT,2026-04-10,816.0,35,6,Sunday,True,SIN,1,NRT,api,29-42 days,ANA,NH,0,0,0,0
2026-08-30,SIN-NRT,2026-04-10,1142.0,35,6,Sunday,True,SIN,1,NRT,api,29-42 days,JAL,JL,0,0,0,0
2026-08-30,SIN-NRT,2026-04-10,1156.0,35,6,Sunday,True,SIN,1,NRT,api,29-42 days,Singapore Airlines,SQ,0,0,0,0
2026-08-30,SIN-NRT,2026-04-10,1301.0,35,6,Sunday,True,SIN,1,NRT,api,29-42 days,Singapore Airlines,SQ,0,0,0,0
2026-08-30,NRT-SIN,2026-04-10,214.0,35,6,Sunday,True,NRT,2,NRT,api,29-42 days,Scoot,TR,1,0,0,0
2026-08-30,NRT-SIN,2026-04-10,330.0,35,6,Sunday,True,NRT,2,NRT,api,29-42 days,ZIPAIR Tokyo,ZG,1,0,0,0
2026-08-30,NRT-SIN,2026-04-10,1664.0,35,6,Sunday,True,NRT,2,NRT,api,29-42 days,Singapore Airlines,SQ,0,0,0,0
2026-08-30,NRT-SIN,2026-04-10,1733.0,35,6,Sunday,True,NRT,2,NRT,api,29-42 days,ANA,NH,0,0,0,0
2026-08-30,NRT-SIN,2026-04-10,1750.0,35,6,Sunday,True,NRT,2,NRT,api,29-42 days,JAL,JL,0,0,0,0
2026-08-30,SIN-LHR,2026-04-10,690.0,35,6,Sunday,True,SIN,1,LHR,api,29-42 days,Singapore Airlines,SQ,0,0,0,0
2026-08-30,SIN-LHR,2026-04-10,692.0,35,6,Sunday,True,SIN,1,LHR,api,29-42 days,Singapore Airlines,SQ,0,0,0,0
2026-08-30,SIN-LHR,2026-04-10,697.0,35,6,Sunday,True,SIN,1,LHR,api,29-42 days,Singapore Airlines,SQ,0,0,0,0
2026-08-30,SIN-LHR,2026-04-10,1100.0,35,6,Sunday,True,SIN,1,LHR,api,29-42 days,Qantas,QF,0,0,0,0
2026-08-30,SIN-LHR,2026-04-10,1102.0,35,6,Sunday,True,SIN,1,LHR,api,29-42 days,British Airways,BA,0,0,0,0
2026-08-30,SIN-LHR,2026-04-10,2226.0,35,6,Sunday,True,SIN,1,LHR,api,29-42 days,Singapore Airlines,SQ,0,0,0,0
2026-08-30,LHR-SIN,2026-04-10,1212.0,35,6,Sunday,True,LHR,2,LHR,api,29-42 days,British Airways,BA,0,0,0,0
2026-08-30,LHR-SIN,2026-04-10,1318.0,35,6,Sunday,True,LHR,2,LHR,api,29-42 days,British Airways,BA,0,0,0,0
2026-08-30,LHR-SIN,2026-04-10,1340.0,35,6,Sunday,True,LHR,2,LHR,api,29-42 days,Qantas,QF,0,0,0,0
2026-08-30,LHR-SIN,2026-04-10,2205.0,35,6,Sunday,True,LHR,2,LHR,api,29-42 days,Singapore Airlines,SQ,0,0,0,0
2026-08-30,SIN-MEL,2026-04-10,649.0,35,6,Sunday,True,SIN,1,MEL,api,29-42 days,Jetstar,JQ,1,0,0,0
2026-08-30,SIN-MEL,2026-04-10,898.0,35,6,Sunday,True,SIN,1,MEL,api,29-42 days,Scoot,TR,1,0,0,0
2026-08-30,SIN-MEL,2026-04-10,1132.0,35,6,Sunday,True,SIN,1,MEL,api,29-42 days,Qantas,QF,0,0,0,0
2026-08-30,SIN-MEL,2026-04-10,1297.0,35,6,Sunday,True,SIN,1,MEL,api,29-42 days,Qantas,QF,0,0,0,0
2026-08-30,SIN-MEL,2026-04-10,2468.0,35,6,Sunday,True,SIN,1,MEL,api,29-42 days,Singapore Airlines,SQ,0,0,0,0
2026-08-30,MEL-SIN,2026-04-10,326.0,35,6,Sunday,True,MEL,2,MEL,api,29-42 days,Jetstar,JQ,1,0,0,0
2026-08-30,MEL-SIN,2026-04-10,409.0,35,6,Sunday,True,MEL,2,MEL,api,29-42 days,Scoot,TR,1,0,0,0
2026-08-30,MEL-SIN,2026-04-10,879.0,35,6,Sunday,True,MEL,2,MEL,api,29-42 days,Qantas,QF,0,0,0,0
2026-08-30,MEL-SIN,2026-04-10,1053.0,35,6,Sunday,True,MEL,2,MEL,api,29-42 days,Singapore Airlines,SQ,0,0,0,0
2026-08-30,MEL-SIN,2026-04-10,1137.0,35,6,Sunday,True,MEL,2,MEL,api,29-42 days,Singapore Airlines,SQ,0,0,0,0
2026-08-30,SIN-BKK,2026-04-12,292.0,96,4,Friday,True,SIN,1,BKK,api,85-98 days,Scoot,TR,1,0,1,1
2026-08-30,SIN-BKK,2026-04-12,333.0,96,4,Friday,True,SIN,1,BKK,api,85-98 days,Scoot,TR,1,0,1,1
2026-08-30,SIN-BKK,2026-04-12,363.0,96,4,Friday,True,SIN,1,BKK,api,85-98 days,Singapore Airlines,SQ,0,0,1,1
2026-08-30,SIN-BKK,2026-04-12,400.0,96,4,Friday,True,SIN,1,BKK,api,85-98 days,THAI,TG,0,0,1,1
2026-08-30,SIN-BKK,2026-04-12,417.0,96,4,Friday,True,SIN,1,BKK,api,85-98 days,Singapore Airlines,SQ,0,0,1,1
2026-08-30,SIN-BKK,2026-04-12,429.0,96,4,Friday,True,SIN,1,BKK,api,85-98 days,THAI,TG,0,0,1,1
2026-08-30,SIN-BKK,2026-04-12,468.0,96,4,Friday,True,SIN,1,BKK,api,85-98 days,Singapore Airlines,SQ,0,0,1,1
2026-08-30,SIN-BKK,2026-04-12,598.0,96,4,Friday,True,SIN,1,BKK,api,85-98 days,THAI,TG,0,0,1,1
2026-08-30,BKK-SIN,2026-04-12,171.0,96,4,Friday,True,BKK,2,BKK,api,85-98 days,Scoot,TR,1,0,1,1
2026-08-30,BKK-SIN,2026-04-12,194.0,96,4,Friday,True,BKK,2,BKK,api,85-98 days,Scoot,TR,1,0,1,1
2026-08-30,BKK-SIN,2026-04-12,205.0,96,4,Friday,True,BKK,2,BKK,api,85-98 days,THAI,TG,0,0,1,1
2026-08-30,BKK-SIN,2026-04-12,213.0,96,4,Friday,True,BKK,2,BKK,api,85-98 days,Singapore Airlines,SQ,0,0,1,1
2026-08-30,BKK-SIN,2026-04-12,242.0,96,4,Friday,True,BKK,2,BKK,api,85-98 days,Singapore Airlines,SQ,0,0,1,1
2026-08-30,BKK-SIN,2026-04-12,583.0,96,4,Friday,True,BKK,2,BKK,api,85-98 days,THAI,TG,0,0,1,1
2026-08-30,SIN-NRT,2026-04-12,476.0,96,4,Friday,True,SIN,1,NRT,api,85-98 days,ZIPAIR Tokyo,ZG,1,0,0,1
2026-08-30,SIN-NRT,2026-04-12,755.0,96,4,Friday,True,SIN,1,NRT,api,85-98 days,Scoot,TR,1,0,0,1
2026-08-30,SIN-NRT,2026-04-12,816.0,96,4,Friday,True,SIN,1,NRT,api,85-98 days,ANA,NH,0,0,0,1
2026-08-30,SIN-NRT,2026-04-12,1000.0,96,4,Friday,True,SIN,1,NRT,api,85-98 days,Singapore Airlines,SQ,0,0,0,1
2026-08-30,SIN-NRT,2026-04-12,1109.0,96,4,Friday,True,SIN,1,NRT,api,85-98 days,ANA,NH,0,0,0,1
2026-08-30,SIN-NRT,2026-04-12,1156.0,96,4,Friday,True,SIN,1,NRT,api,85-98 days,Singapore Airlines,SQ,0,0,0,1
2026-08-30,SIN-NRT,2026-04-12,1272.0,96,4,Friday,True,SIN,1,NRT,api,85-98 days,JAL,JL,0,0,0,1
2026-08-30,NRT-SIN,2026-04-12,368.0,96,4,Friday,True,NRT,2,NRT,api,85-98 days,Scoot,TR,1,0,0,1
2026-08-30,NRT-SIN,2026-04-12,518.0,96,4,Friday,True,NRT,2,NRT,api,85-98 days,ZIPAIR Tokyo,ZG,1,0,0,1
2026-08-30,NRT-SIN,2026-04-12,1672.0,96,4,Friday,True,NRT,2,NRT,api,85-98 days,Singapore Airlines,SQ,0,0,0,1
2026-08-30,NRT-SIN,2026-04-12,1742.0,96,4,Friday,True,NRT,2,NRT,api,85-98 days,ANA,NH,0,0,0,1
2026-08-30,NRT-SIN,2026-04-12,1742.0,96,4,Friday,True,NRT,2,NRT,api,85-98 days,Singapore Airlines,SQ,0,0,0,1
2026-08-30,NRT-SIN,2026-04-12,1750.0,96,4,Friday,True,NRT,2,NRT,api,85-98 days,JAL,JL,0,0,0,1
2026-08-30,SIN-LHR,2026-04-12,964.0,96,4,Friday,True,SIN,1,LHR,api,85-98 days,Singapore Airlines,SQ,0,0,0,1
2026-08-30,SIN-LHR,2026-04-12,1047.0,96,4,Friday,True,SIN,1,LHR,api,85-98 days,Singapore Airlines,SQ,0,0,0,1
2026-08-30,SIN-LHR,2026-04-12,1100.0,96,4,Friday,True,SIN,1,LHR,api,85-98 days,Qantas,QF,0,0,0,1
2026-08-30,SIN-LHR,2026-04-12,1164.0,96,4,Friday,True,SIN,1,LHR,api,85-98 days,British Airways,BA,0,0,0,1
2026-08-30,LHR-SIN,2026-04-12,1117.0,96,4,Friday,True,LHR,2,LHR,api,85-98 days,Singapore Airlines,SQ,0,0,0,1
2026-08-30,LHR-SIN,2026-04-12,1122.0,96,4,Friday,True,LHR,2,LHR,api,85-98 days,Qantas,QF,0,0,0,1
2026-08-30,LHR-SIN,2026-04-12,1318.0,96,4,Friday,True,LHR,2,LHR,api,85-98 days,British Airways,BA,0,0,0,1
2026-08-30,SIN-MEL,2026-04-12,276.0,96,4,Friday,True,SIN,1,MEL,api,85-98 days,Scoot,TR,1,0,0,1
2026-08-30,SIN-MEL,2026-04-12,296.0,96,4,Friday,True,SIN,1,MEL,api,85-98 days,Scoot,TR,1,0,0,1
2026-08-30,SIN-MEL,2026-04-12,369.0,96,4,Friday,True,SIN,1,MEL,api,85-98 days,Jetstar,JQ,1,0,0,1
2026-08-30,SIN-MEL,2026-04-12,491.0,96,4,Friday,True,SIN,1,MEL,api,85-98 days,Singapore Airlines,SQ,0,0,0,1
2026-08-30,SIN-MEL,2026-04-12,534.0,96,4,Friday,True,SIN,1,MEL,api,85-98 days,Singapore Airlines,SQ,0,0,0,1
2026-08-30,SIN-MEL,2026-04-12,580.0,96,4,Friday,True,SIN,1,MEL,api,85-98 days,Singapore Airlines,SQ,0,0,0,1
2026-08-30,SIN-MEL,2026-04-12,683.0,96,4,Friday,True,SIN,1,MEL,api,85-98 days,Singapore Airlines,SQ,0,0,0,1
2026-08-30,SIN-MEL,2026-04-12,706.0,96,4,Friday,True,SIN,1,MEL,api,85-98 days,Turkish Airlines,TK,0,0,0,1
2026-08-30,SIN-MEL,2026-04-12,1043.0,96,4,Friday,True,SIN,1,MEL,api,85-98 days,Qantas,QF,0,0,0,1
2026-08-30,MEL-SIN,2026-04-12,289.0,96,4,Friday,True,MEL,2,MEL,api,85-98 days,Jetstar,JQ,1,0,0,1
2026-08-30,MEL-SIN,2026-04-12,409.0,96,4,Friday,True,MEL,2,MEL,api,85-98 days,Scoot,TR,1,0,0,1
2026-08-30,MEL-SIN,2026-04-12,464.0,96,4,Friday,True,MEL,2,MEL,api,85-98 days,Scoot,TR,1,0,0,1
2026-08-30,MEL-SIN,2026-04-12,779.0,96,4,Friday,True,MEL,2,MEL,api,85-98 days,Turkish Airlines,TK,0,0,0,1
2026-08-30,MEL-SIN,2026-04-12,982.0,96,4,Friday,True,MEL,2,MEL,api,85-98 days,Qantas,QF,0,0,0,1
2026-08-30,MEL-SIN,2026-04-12,1400.0,96,4,Friday,True,MEL,2,MEL,api,85-98 days,Singapore Airlines,SQ,0,0,0,1
2026-08-30,SIN-BKK,2026-09-20,149.0,21,6,Sunday,True,SIN,1,BKK,api,15-28 days,Scoot,TR,1,0,0,0
2026-08-30,SIN-BKK,2026-09-20,170.0,21,6,Sunday,True,SIN,1,BKK,api,15-28 days,Scoot,TR,1,0,0,0
2026-08-30,SIN-BKK,2026-09-20,250.0,21,6,Sunday,True,SIN,1,BKK,api,15-28 days,THAI,TG,0,0,0,0
2026-08-30,SIN-BKK,2026-09-20,363.0,21,6,Sunday,True,SIN,1,BKK,api,15-28 days,Singapore Airlines,SQ,0,0,0,0
2026-08-30,BKK-SIN,2026-09-20,139.0,21,6,Sunday,True,BKK,2,BKK,api,15-28 days,Scoot,TR,1,0,0,0
2026-08-30,BKK-SIN,2026-09-20,171.0,21,6,Sunday,True,BKK,2,BKK,api,15-28 days,Scoot,TR,1,0,0,0
2026-08-30,BKK-SIN,2026-09-20,194.0,21,6,Sunday,True,BKK,2,BKK,api,15-28 days,Scoot,TR,1,0,0,0
2026-08-30,BKK-SIN,2026-09-20,205.0,21,6,Sunday,True,BKK,2,BKK,api,15-28 days,THAI,TG,0,0,0,0
2026-08-30,BKK-SIN,2026-09-20,213.0,21,6,Sunday,True,BKK,2,BKK,api,15-28 days,Singapore Airlines,SQ,0,0,0,0
2026-08-30,BKK-SIN,2026-09-20,214.0,21,6,Sunday,True,BKK,2,BKK,api,15-28 days,Singapore Airlines,SQ,0,0,0,0
2026-08-30,BKK-SIN,2026-09-20,287.0,21,6,Sunday,True,BKK,2,BKK,api,15-28 days,THAI,TG,0,0,0,0
2026-08-30,BKK-SIN,2026-09-20,297.0,21,6,Sunday,True,BKK,2,BKK,api,15-28 days,Singapore Airlines,SQ,0,0,0,0
2026-08-30,BKK-SIN,2026-09-20,313.0,21,6,Sunday,True,BKK,2,BKK,api,15-28 days,THAI,TG,0,0,0,0
2026-08-30,SIN-NRT,2026-09-20,501.0,21,6,Sunday,True,SIN,1,NRT,api,15-28 days,Scoot,TR,1,0,1,0
2026-08-30,SIN-NRT,2026-09-20,816.0,21,6,Sunday,True,SIN,1,NRT,api,15-28 days,ANA,NH,0,0,1,0
2026-08-30,SIN-NRT,2026-09-20,1142.0,21,6,Sunday,True,SIN,1,NRT,api,15-28 days,JAL,JL,0,0,1,0
2026-08-30,SIN-NRT,2026-09-20,1496.0,21,6,Sunday,True,SIN,1,NRT,api,15-28 days,Singapore Airlines,SQ,0,0,1,0
2026-08-30,SIN-NRT,2026-09-20,1745.0,21,6,Sunday,True,SIN,1,NRT,api,15-28 days,Singapore Airlines,SQ,0,0,1,0
2026-08-30,NRT-SIN,2026-09-20,674.0,21,6,Sunday,True,NRT,2,NRT,api,15-28 days,ZIPAIR Tokyo,ZG,1,0,1,0
2026-08-30,NRT-SIN,2026-09-20,879.0,21,6,Sunday,True,NRT,2,NRT,api,15-28 days,Scoot,TR,1,0,1,0
2026-08-30,NRT-SIN,2026-09-20,1733.0,21,6,Sunday,True,NRT,2,NRT,api,15-28 days,ANA,NH,0,0,1,0
2026-08-30,NRT-SIN,2026-09-20,1750.0,21,6,Sunday,True,NRT,2,NRT,api,15-28 days,JAL,JL,0,0,1,0
2026-08-30,NRT-SIN,2026-09-20,2217.0,21,6,Sunday,True,NRT,2,NRT,api,15-28 days,ANA,NH,0,0,1,0
2026-08-30,NRT-SIN,2026-09-20,2390.0,21,6,Sunday,True,NRT,2,NRT,api,15-28 days,Singapore Airlines,SQ,0,0,1,0
2026-08-30,NRT-SIN,2026-09-20,2488.0,21,6,Sunday,True,NRT,2,NRT,api,15-28 days,Singapore Airlines,SQ,0,0,1,0
2026-08-30,SIN-LHR,2026-09-20,1100.0,21,6,Sunday,True,SIN,1,LHR,api,15-28 days,Qantas,QF,0,0,0,0
2026-08-30,SIN-LHR,2026-09-20,1102.0,21,6,Sunday,True,SIN,1,LHR,api,15-28 days,British Airways,BA,0,0,0,0
2026-08-30,SIN-LHR,2026-09-20,1293.0,21,6,Sunday,True,SIN,1,LHR,api,15-28 days,Qantas,QF,0,0,0,0
2026-08-30,SIN-LHR,2026-09-20,1496.0,21,6,Sunday,True,SIN,1,LHR,api,15-28 days,Singapore Airlines,SQ,0,0,0,0
2026-08-30,SIN-LHR,2026-09-20,1772.0,21,6,Sunday,True,SIN,1,LHR,api,15-28 days,Singapore Airlines,SQ,0,0,0,0
2026-08-30,SIN-LHR,2026-09-20,2226.0,21,6,Sunday,True,SIN,1,LHR,api,15-28 days,Singapore Airlines,SQ,0,0,0,0
2026-08-30,LHR-SIN,2026-09-20,1133.0,21,6,Sunday,True,LHR,2,LHR,api,15-28 days,Singapore Airlines,SQ,0,0,0,0
2026-08-30,LHR-SIN,2026-09-20,1214.0,21,6,Sunday,True,LHR,2,LHR,api,15-28 days,Qantas,QF,0,0,0,0
2026-08-30,LHR-SIN,2026-09-20,1283.0,21,6,Sunday,True,LHR,2,LHR,api,15-28 days,Singapore Airlines,SQ,0,0,0,0
2026-08-30,LHR-SIN,2026-09-20,1318.0,21,6,Sunday,True,LHR,2,LHR,api,15-28 days,British Airways,BA,0,0,0,0
2026-08-30,LHR-SIN,2026-09-20,2205.0,21,6,Sunday,True,LHR,2,LHR,api,15-28 days,Singapore Airlines,SQ,0,0,0,0
2026-08-30,SIN-MEL,2026-09-20,296.0,21,6,Sunday,True,SIN,1,MEL,api,15-28 days,Scoot,TR,1,0,0,0
2026-08-30,SIN-MEL,2026-09-20,369.0,21,6,Sunday,True,SIN,1,MEL,api,15-28 days,Jetstar,JQ,1,0,0,0
2026-08-30,SIN-MEL,2026-09-20,1033.0,21,6,Sunday,True,SIN,1,MEL,api,15-28 days,Qantas,QF,0,0,0,0
2026-08-30,SIN-MEL,2026-09-20,1514.0,21,6,Sunday,True,SIN,1,MEL,api,15-28 days,Singapore Airlines,SQ,0,0,0,0
2026-08-30,SIN-MEL,2026-09-20,1718.0,21,6,Sunday,True,SIN,1,MEL,api,15-28 days,Singapore Airlines,SQ,0,0,0,0
2026-08-30,SIN-MEL,2026-09-20,1928.0,21,6,Sunday,True,SIN,1,MEL,api,15-28 days,Singapore Airlines,SQ,0,0,0,0
2026-08-30,SIN-MEL,2026-09-20,2468.0,21,6,Sunday,True,SIN,1,MEL,api,15-28 days,Singapore Airlines,SQ,0,0,0,0
2026-08-30,MEL-SIN,2026-09-20,485.0,21,6,Sunday,True,MEL,2,MEL,api,15-28 days,Jetstar,JQ,1,0,0,0
2026-08-30,MEL-SIN,2026-09-20,524.0,21,6,Sunday,True,MEL,2,MEL,api,15-28 days,Scoot,TR,1,0,0,0
2026-08-30,MEL-SIN,2026-09-20,1156.0,21,6,Sunday,True,MEL,2,MEL,api,15-28 days,Singapore Airlines,SQ,0,0,0,0
2026-08-30,MEL-SIN,2026-09-20,1247.0,21,6,Sunday,True,MEL,2,MEL,api,15-28 days,Qantas,QF,0,0,0,0
2026-08-30,MEL-SIN,2026-09-20,1334.0,21,6,Sunday,True,MEL,2,MEL,api,15-28 days,Singapore Airlines,SQ,0,0,0,0
2026-08-30,SIN-BKK,2027-04-01,129.0,127,0,Monday,False,SIN,1,BKK,api,127-140 days,Scoot,TR,1,1,1,0
2026-08-30,SIN-BKK,2027-04-01,149.0,127,0,Monday,False,SIN,1,BKK,api,127-140 days,Scoot,TR,1,1,1,0
2026-08-30,SIN-BKK,2027-04-01,170.0,127,0,Monday,False,SIN,1,BKK,api,127-140 days,Scoot,TR,1,1,1,0
2026-08-30,SIN-BKK,2027-04-01,283.0,127,0,Monday,False,SIN,1,BKK,api,127-140 days,THAI,TG,0,1,1,0
2026-08-30,SIN-BKK,2027-04-01,363.0,127,0,Monday,False,SIN,1,BKK,api,127-140 days,Singapore Airlines,SQ,0,1,1,0
2026-08-30,BKK-SIN,2027-04-01,257.0,127,0,Monday,False,BKK,2,BKK,api,127-140 days,Scoot,TR,1,1,1,0
2026-08-30,BKK-SIN,2027-04-01,265.0,127,0,Monday,False,BKK,2,BKK,api,127-140 days,THAI,TG,0,1,1,0
2026-08-30,BKK-SIN,2027-04-01,278.0,127,0,Monday,False,BKK,2,BKK,api,127-140 days,Singapore Airlines,SQ,0,1,1,0
2026-08-30,BKK-SIN,2027-04-01,297.0,127,0,Monday,False,BKK,2,BKK,api,127-140 days,Scoot,TR,1,1,1,0
2026-08-30,BKK-SIN,2027-04-01,297.0,127,0,Monday,False,BKK,2,BKK,api,127-140 days,Singapore Airlines,SQ,0,1,1,0
2026-08-30,BKK-SIN,2027-04-01,313.0,127,0,Monday,False,BKK,2,BKK,api,127-140 days,THAI,TG,0,1,1,0
2026-08-30,BKK-SIN,2027-04-01,336.0,127,0,Monday,False,BKK,2,BKK,api,127-140 days,Singapore Airlines,SQ,0,1,1,0
2026-08-30,BKK-SIN,2027-04-01,346.0,127,0,Monday,False,BKK,2,BKK,api,127-140 days,THAI,TG,0,1,1,0
2026-08-30,BKK-SIN,2027-04-01,361.0,127,0,Monday,False,BKK,2,BKK,api,127-140 days,Singapore Airlines,SQ,0,1,1,0
2026-08-30,BKK-SIN,2027-04-01,381.0,127,0,Monday,False,BKK,2,BKK,api,127-140 days,Scoot,TR,1,1,1,0
2026-08-30,BKK-SIN,2027-04-01,513.0,127,0,Monday,False,BKK,2,BKK,api,127-140 days,Scoot,TR,1,1,1,0
2026-08-30,SIN-NRT,2027-04-01,476.0,127,0,Monday,False,SIN,1,NRT,api,127-140 days,ZIPAIR Tokyo,ZG,1,1,1,0
2026-08-30,SIN-NRT,2027-04-01,663.0,127,0,Monday,False,SIN,1,NRT,api,127-140 days,Scoot,TR,1,1,1,0
2026-08-30,SIN-NRT,2027-04-01,816.0,127,0,Monday,False,SIN,1,NRT,api,127-140 days,ANA,NH,0,1,1,0
2026-08-30,SIN-NRT,2027-04-01,1000.0,127,0,Monday,False,SIN,1,NRT,api,127-140 days,Singapore Airlines,SQ,0,1,1,0
2026-08-30,SIN-NRT,2027-04-01,1272.0,127,0,Monday,False,SIN,1,NRT,api,127-140 days,JAL,JL,0,1,1,0
2026-08-30,NRT-SIN,2027-04-01,804.0,127,0,Monday,False,NRT,2,NRT,api,127-140 days,Scoot,TR,1,1,1,0
2026-08-30,NRT-SIN,2027-04-01,925.0,127,0,Monday,False,NRT,2,NRT,api,127-140 days,ZIPAIR Tokyo,ZG,1,1,1,0
2026-08-30,NRT-SIN,2027-04-01,1664.0,127,0,Monday,False,NRT,2,NRT,api,127-140 days,Singapore Airlines,SQ,0,1,1,0
2026-08-30,NRT-SIN,2027-04-01,1733.0,127,0,Monday,False,NRT,2,NRT,api,127-140 days,ANA,NH,0,1,1,0
2026-08-30,NRT-SIN,2027-04-01,1750.0,127,0,Monday,False,NRT,2,NRT,api,127-140 days,JAL,JL,0,1,1,0
2026-08-30,NRT-SIN,2027-04-01,2146.0,127,0,Monday,False,NRT,2,NRT,api,127-140 days,Singapore Airlines,SQ,0,1,1,0
2026-08-30,SIN-LHR,2027-04-01,1211.0,127,0,Monday,False,SIN,1,LHR,api,127-140 days,British Airways,BA,0,1,1,0
2026-08-30,SIN-LHR,2027-04-01,1585.0,127,0,Monday,False,SIN,1,LHR,api,127-140 days,British Airways,BA,0,1,1,0
2026-08-30,SIN-LHR,2027-04-01,1808.0,127,0,Monday,False,SIN,1,LHR,api,127-140 days,Qantas,QF,0,1,1,0
2026-08-30,SIN-LHR,2027-04-01,2228.0,127,0,Monday,False,SIN,1,LHR,api,127-140 days,Singapore Airlines,SQ,0,1,1,0
2026-08-30,SIN-LHR,2027-04-01,2586.0,127,0,Monday,False,SIN,1,LHR,api,127-140 days,Singapore Airlines,SQ,0,1,1,0
2026-08-30,SIN-LHR,2027-04-01,3066.0,127,0,Monday,False,SIN,1,LHR,api,127-140 days,Singapore Airlines,SQ,0,1,1,0
2026-08-30,LHR-SIN,2027-04-01,1330.0,127,0,Monday,False,LHR,2,LHR,api,127-140 days,British Airways,BA,0,1,1,0
2026-08-30,LHR-SIN,2027-04-01,1915.0,127,0,Monday,False,LHR,2,LHR,api,127-140 days,Singapore Airlines,SQ,0,1,1,0
2026-08-30,LHR-SIN,2027-04-01,1970.0,127,0,Monday,False,LHR,2,LHR,api,127-140 days,Qantas,QF,0,1,1,0
2026-08-30,LHR-SIN,2027-04-01,2105.0,127,0,Monday,False,LHR,2,LHR,api,127-140 days,Singapore Airlines,SQ,0,1,1,0
2026-08-30,SIN-MEL,2027-04-01,843.0,127,0,Monday,False,SIN,1,MEL,api,127-140 days,Scoot,TR,1,1,1,0
2026-08-30,SIN-MEL,2027-04-01,1132.0,127,0,Monday,False,SIN,1,MEL,api,127-140 days,Qantas,QF,0,1,1,0
2026-08-30,SIN-MEL,2027-04-01,1209.0,127,0,Monday,False,SIN,1,MEL,api,127-140 days,Jetstar,JQ,1,1,1,0
2026-08-30,SIN-MEL,2027-04-01,1867.0,127,0,Monday,False,SIN,1,MEL,api,127-140 days,Singapore Airlines,SQ,0,1,1,0
2026-08-30,MEL-SIN,2027-04-01,485.0,127,0,Monday,False,MEL,2,MEL,api,127-140 days,Jetstar,JQ,1,1,1,0
2026-08-30,MEL-SIN,2027-04-01,587.0,127,0,Monday,False,MEL,2,MEL,api,127-140 days,Scoot,TR,1,1,1,0
2026-08-30,MEL-SIN,2027-04-01,695.0,127,0,Monday,False,MEL,2,MEL,api,127-140 days,Turkish Airlines,TK,0,1,1,0
2026-08-30,MEL-SIN,2027-04-01,984.0,127,0,Monday,False,MEL,2,MEL,api,127-140 days,Qantas,QF,0,1,1,0
2026-08-30,MEL-SIN,2027-04-01,1400.0,127,0,Monday,False,MEL,2,MEL,api,127-140 days,Singapore Airlines,SQ,0,1,1,0
2026-08-31,SIN-BKK,2026-12-22,292.0,113,1,Tuesday,False,SIN,1,BKK,api,113-126 days,Scoot,TR,1,0,0,1
2026-08-31,SIN-BKK,2026-12-22,333.0,113,1,Tuesday,False,SIN,1,BKK,api,113-126 days,Scoot,TR,1,0,0,1
2026-08-31,SIN-BKK,2026-12-22,363.0,113,1,Tuesday,False,SIN,1,BKK,api,113-126 days,Singapore Airlines,SQ,0,0,0,1
2026-08-31,SIN-BKK,2026-12-22,366.0,113,1,Tuesday,False,SIN,1,BKK,api,113-126 days,THAI,TG,0,0,0,1
2026-08-31,SIN-BKK,2026-12-22,371.0,113,1,Tuesday,False,SIN,1,BKK,api,113-126 days,Singapore Airlines,SQ,0,0,0,1
2026-08-31,SIN-BKK,2026-12-22,400.0,113,1,Tuesday,False,SIN,1,BKK,api,113-126 days,THAI,TG,0,0,0,1
2026-08-31,SIN-BKK,2026-12-22,416.0,113,1,Tuesday,False,SIN,1,BKK,api,113-126 days,Scoot,TR,1,0,0,1
2026-08-31,BKK-SIN,2026-12-22,171.0,113,1,Tuesday,False,BKK,2,BKK,api,113-126 days,Scoot,TR,1,0,0,1
2026-08-31,BKK-SIN,2026-12-22,194.0,113,1,Tuesday,False,BKK,2,BKK,api,113-126 days,Scoot,TR,1,0,0,1
2026-08-31,BKK-SIN,2026-12-22,205.0,113,1,Tuesday,False,BKK,2,BKK,api,113-126 days,THAI,TG,0,0,0,1
2026-08-31,BKK-SIN,2026-12-22,213.0,113,1,Tuesday,False,BKK,2,BKK,api,113-126 days,Singapore Airlines,SQ,0,0,0,1
2026-08-31,BKK-SIN,2026-12-22,218.0,113,1,Tuesday,False,BKK,2,BKK,api,113-126 days,Singapore Airlines,SQ,0,0,0,1
2026-08-31,BKK-SIN,2026-12-22,222.0,113,1,Tuesday,False,BKK,2,BKK,api,113-126 days,Scoot,TR,1,0,0,1
2026-08-31,BKK-SIN,2026-12-22,225.0,113,1,Tuesday,False,BKK,2,BKK,api,113-126 days,Singapore Airlines,SQ,0,0,0,1
2026-08-31,BKK-SIN,2026-12-22,265.0,113,1,Tuesday,False,BKK,2,BKK,api,113-126 days,THAI,TG,0,0,0,1
2026-08-31,BKK-SIN,2026-12-22,268.0,113,1,Tuesday,False,BKK,2,BKK,api,113-126 days,Singapore Airlines,SQ,0,0,0,1
2026-08-31,BKK-SIN,2026-12-22,287.0,113,1,Tuesday,False,BKK,2,BKK,api,113-126 days,THAI,TG,0,0,0,1
2026-08-31,BKK-SIN,2026-12-22,298.0,113,1,Tuesday,False,BKK,2,BKK,api,113-126 days,Singapore Airlines,SQ,0,0,0,1
2026-08-31,SIN-NRT,2026-12-22,666.0,113,1,Tuesday,False,SIN,1,NRT,api,113-126 days,ZIPAIR Tokyo,ZG,1,0,0,1
2026-08-31,SIN-NRT,2026-12-22,755.0,113,1,Tuesday,False,SIN,1,NRT,api,113-126 days,Scoot,TR,1,0,0,1
2026-08-31,SIN-NRT,2026-12-22,831.0,113,1,Tuesday,False,SIN,1,NRT,api,113-126 days,ANA,NH,0,0,0,1
2026-08-31,SIN-NRT,2026-12-22,1156.0,113,1,Tuesday,False,SIN,1,NRT,api,113-126 days,Singapore Airlines,SQ,0,0,0,1
2026-08-31,SIN-NRT,2026-12-22,1272.0,113,1,Tuesday,False,SIN,1,NRT,api,113-126 days,JAL,JL,0,0,0,1
2026-08-31,SIN-NRT,2026-12-22,1281.0,113,1,Tuesday,False,SIN,1,NRT,api,113-126 days,ANA,NH,0,0,0,1
2026-08-31,NRT-SIN,2026-12-22,706.0,113,1,Tuesday,False,NRT,2,NRT,api,113-126 days,Scoot,TR,1,0,0,1
2026-08-31,NRT-SIN,2026-12-22,925.0,113,1,Tuesday,False,NRT,2,NRT,api,113-126 days,ZIPAIR Tokyo,ZG,1,0,0,1
2026-08-31,NRT-SIN,2026-12-22,1664.0,113,1,Tuesday,False,NRT,2,NRT,api,113-126 days,Singapore Airlines,SQ,0,0,0,1
2026-08-31,NRT-SIN,2026-12-22,1733.0,113,1,Tuesday,False,NRT,2,NRT,api,113-126 days,ANA,NH,0,0,0,1
2026-08-31,NRT-SIN,2026-12-22,1750.0,113,1,Tuesday,False,NRT,2,NRT,api,113-126 days,JAL,JL,0,0,0,1
2026-08-31,SIN-LHR,2026-12-22,964.0,113,1,Tuesday,False,SIN,1,LHR,api,113-126 days,Singapore Airlines,SQ,0,0,0,1
2026-08-31,SIN-LHR,2026-12-22,1047.0,113,1,Tuesday,False,SIN,1,LHR,api,113-126 days,Singapore Airlines,SQ,0,0,0,1
2026-08-31,SIN-LHR,2026-12-22,1164.0,113,1,Tuesday,False,SIN,1,LHR,api,113-126 days,British Airways,BA,0,0,0,1
2026-08-31,SIN-LHR,2026-12-22,1222.0,113,1,Tuesday,False,SIN,1,LHR,api,113-126 days,Qantas,QF,0,0,0,1
2026-08-31,LHR-SIN,2026-12-22,1754.0,113,1,Tuesday,False,LHR,2,LHR,api,113-126 days,British Airways,BA,0,0,0,1
2026-08-31,LHR-SIN,2026-12-22,1781.0,113,1,Tuesday,False,LHR,2,LHR,api,113-126 days,Qantas,QF,0,0,0,1
2026-08-31,LHR-SIN,2026-12-22,1914.0,113,1,Tuesday,False,LHR,2,LHR,api,113-126 days,Singapore Airlines,SQ,0,0,0,1
2026-08-31,LHR-SIN,2026-12-22,2364.0,113,1,Tuesday,False,LHR,2,LHR,api,113-126 days,British Airways,BA,0,0,0,1
2026-08-31,LHR-SIN,2026-12-22,2493.0,113,1,Tuesday,False,LHR,2,LHR,api,113-126 days,Singapore Airlines,SQ,0,0,0,1
2026-08-31,SIN-MEL,2026-12-22,337.0,113,1,Tuesday,False,SIN,1,MEL,api,113-126 days,Scoot,TR,1,0,0,1
2026-08-31,SIN-MEL,2026-12-22,424.0,113,1,Tuesday,False,SIN,1,MEL,api,113-126 days,Scoot,TR,1,0,0,1
2026-08-31,SIN-MEL,2026-12-22,791.0,113,1,Tuesday,False,SIN,1,MEL,api,113-126 days,Singapore Airlines,SQ,0,0,0,1
2026-08-31,SIN-MEL,2026-12-22,859.0,113,1,Tuesday,False,SIN,1,MEL,api,113-126 days,Singapore Airlines,SQ,0,0,0,1
2026-08-31,SIN-MEL,2026-12-22,940.0,113,1,Tuesday,False,SIN,1,MEL,api,113-126 days,Singapore Airlines,SQ,0,0,0,1
2026-08-31,SIN-MEL,2026-12-22,1033.0,113,1,Tuesday,False,SIN,1,MEL,api,113-126 days,Qantas,QF,0,0,0,1
2026-08-31,MEL-SIN,2026-12-22,807.0,113,1,Tuesday,False,MEL,2,MEL,api,113-126 days,Scoot,TR,1,0,0,1
2026-08-31,MEL-SIN,2026-12-22,1285.0,113,1,Tuesday,False,MEL,2,MEL,api,113-126 days,Singapore Airlines,SQ,0,0,0,1
2026-08-31,MEL-SIN,2026-12-22,1397.0,113,1,Tuesday,False,MEL,2,MEL,api,113-126 days,Qantas,QF,0,0,0,1
2026-08-31,MEL-SIN,2026-12-22,1482.0,113,1,Tuesday,False,MEL,2,MEL,api,113-126 days,Singapore Airlines,SQ,0,0,0,1
2026-08-31,MEL-SIN,2026-12-22,1748.0,113,1,Tuesday,False,MEL,2,MEL,api,113-126 days,Singapore Airlines,SQ,0,0,0,1
2026-08-31,SIN-BKK,2026-10-09,170.0,39,4,Friday,True,SIN,1,BKK,api,29-42 days,Scoot,TR,1,0,0,0
2026-08-31,SIN-BKK,2026-10-09,205.0,39,4,Friday,True,SIN,1,BKK,api,29-42 days,Scoot,TR,1,0,0,0
2026-08-31,SIN-BKK,2026-10-09,250.0,39,4,Friday,True,SIN,1,BKK,api,29-42 days,THAI,TG,0,0,0,0
2026-08-31,SIN-BKK,2026-10-09,277.0,39,4,Friday,True,SIN,1,BKK,api,29-42 days,THAI,TG,0,0,0,0
2026-08-31,SIN-BKK,2026-10-09,334.0,39,4,Friday,True,SIN,1,BKK,api,29-42 days,Singapore Airlines,SQ,0,0,0,0
2026-08-31,SIN-BKK,2026-10-09,341.0,39,4,Friday,True,SIN,1,BKK,api,29-42 days,Singapore Airlines,SQ,0,0,0,0
2026-08-31,SIN-BKK,2026-10-09,354.0,39,4,Friday,True,SIN,1,BKK,api,29-42 days,Singapore Airlines,SQ,0,0,0,0
2026-08-31,SIN-BKK,2026-10-09,363.0,39,4,Friday,True,SIN,1,BKK,api,29-42 days,Singapore Airlines,SQ,0,0,0,0
2026-08-31,SIN-BKK,2026-10-09,400.0,39,4,Friday,True,SIN,1,BKK,api,29-42 days,THAI,TG,0,0,0,0
2026-08-31,BKK-SIN,2026-10-09,139.0,39,4,Friday,True,BKK,2,BKK,api,29-42 days,Scoot,TR,1,0,0,0
2026-08-31,BKK-SIN,2026-10-09,171.0,39,4,Friday,True,BKK,2,BKK,api,29-42 days,Scoot,TR,1,0,0,0
2026-08-31,BKK-SIN,2026-10-09,194.0,39,4,Friday,True,BKK,2,BKK,api,29-42 days,Scoot,TR,1,0,0,0
2026-08-31,BKK-SIN,2026-10-09,205.0,39,4,Friday,True,BKK,2,BKK,api,29-42 days,THAI,TG,0,0,0,0
2026-08-31,BKK-SIN,2026-10-09,213.0,39,4,Friday,True,BKK,2,BKK,api,29-42 days,Singapore Airlines,SQ,0,0,0,0
2026-08-31,BKK-SIN,2026-10-09,214.0,39,4,Friday,True,BKK,2,BKK,api,29-42 days,Singapore Airlines,SQ,0,0,0,0
2026-08-31,BKK-SIN,2026-10-09,242.0,39,4,Friday,True,BKK,2,BKK,api,29-42 days,Singapore Airlines,SQ,0,0,0,0
2026-08-31,BKK-SIN,2026-10-09,298.0,39,4,Friday,True,BKK,2,BKK,api,29-42 days,Singapore Airlines,SQ,0,0,0,0
2026-08-31,BKK-SIN,2026-10-09,314.0,39,4,Friday,True,BKK,2,BKK,api,29-42 days,THAI,TG,0,0,0,0
2026-08-31,BKK-SIN,2026-10-09,346.0,39,4,Friday,True,BKK,2,BKK,api,29-42 days,THAI,TG,0,0,0,0
2026-08-31,SIN-NRT,2026-10-09,501.0,39,4,Friday,True,SIN,1,NRT,api,29-42 days,Scoot,TR,1,0,1,0
2026-08-31,SIN-NRT,2026-10-09,536.0,39,4,Friday,True,SIN,1,NRT,api,29-42 days,ZIPAIR Tokyo,ZG,1,0,1,0
2026-08-31,SIN-NRT,2026-10-09,831.0,39,4,Friday,True,SIN,1,NRT,api,29-42 days,ANA,NH,0,0,1,0
2026-08-31,SIN-NRT,2026-10-09,1000.0,39,4,Friday,True,SIN,1,NRT,api,29-42 days,Singapore Airlines,SQ,0,0,1,0
2026-08-31,SIN-NRT,2026-10-09,1142.0,39,4,Friday,True,SIN,1,NRT,api,29-42 days,JAL,JL,0,0,1,0
2026-08-31,SIN-NRT,2026-10-09,1250.0,39,4,Friday,True,SIN,1,NRT,api,29-42 days,ANA,NH,0,0,1,0
2026-08-31,SIN-NRT,2026-10-09,1496.0,39,4,Friday,True,SIN,1,NRT,api,29-42 days,Singapore Airlines,SQ,0,0,1,0
2026-08-31,NRT-SIN,2026-10-09,284.0,39,4,Friday,True,NRT,2,NRT,api,29-42 days,ZIPAIR Tokyo,ZG,1,0,1,0
2026-08-31,NRT-SIN,2026-10-09,302.0,39,4,Friday,True,NRT,2,NRT,api,29-42 days,Scoot,TR,1,0,1,0
2026-08-31,NRT-SIN,2026-10-09,1664.0,39,4,Friday,True,NRT,2,NRT,api,29-42 days,Singapore Airlines,SQ,0,0,1,0
2026-08-31,NRT-SIN,2026-10-09,1733.0,39,4,Friday,True,NRT,2,NRT,api,29-42 days,ANA,NH,0,0,1,0
2026-08-31,NRT-SIN,2026-10-09,1750.0,39,4,Friday,True,NRT,2,NRT,api,29-42 days,JAL,JL,0,0,1,0
2026-08-31,SIN-LHR,2026-10-09,642.0,39,4,Friday,True,SIN,1,LHR,api,29-42 days,Singapore Airlines,SQ,0,0,0,0
2026-08-31,SIN-LHR,2026-10-09,692.0,39,4,Friday,True,SIN,1,LHR,api,29-42 days,Singapore Airlines,SQ,0,0,0,0
2026-08-31,SIN-LHR,2026-10-09,1100.0,39,4,Friday,True,SIN,1,LHR,api,29-42 days,Qantas,QF,0,0,0,0
2026-08-31,SIN-LHR,2026-10-09,1102.0,39,4,Friday,True,SIN,1,LHR,api,29-42 days,British Airways,BA,0,0,0,0
2026-08-31,SIN-LHR,2026-10-09,1276.0,39,4,Friday,True,SIN,1,LHR,api,29-42 days,Singapore Airlines,SQ,0,0,0,0
2026-08-31,LHR-SIN,2026-10-09,1381.0,39,4,Friday,True,LHR,2,LHR,api,29-42 days,British Airways,BA,0,0,0,0
2026-08-31,LHR-SIN,2026-10-09,1522.0,39,4,Friday,True,LHR,2,LHR,api,29-42 days,British Airways,BA,0,0,0,0
2026-08-31,LHR-SIN,2026-10-09,1752.0,39,4,Friday,True,LHR,2,LHR,api,29-42 days,Qantas,QF,0,0,0,0
2026-08-31,LHR-SIN,2026-10-09,2204.0,39,4,Friday,True,LHR,2,LHR,api,29-42 days,Singapore Airlines,SQ,0,0,0,0
2026-08-31,SIN-MEL,2026-10-09,487.0,39,4,Friday,True,SIN,1,MEL,api,29-42 days,Scoot,TR,1,0,0,0
2026-08-31,SIN-MEL,2026-10-09,558.0,39,4,Friday,True,SIN,1,MEL,api,29-42 days,Scoot,TR,1,0,0,0
2026-08-31,SIN-MEL,2026-10-09,649.0,39,4,Friday,True,SIN,1,MEL,api,29-42 days,Jetstar,JQ,1,0,0,0
2026-08-31,SIN-MEL,2026-10-09,1142.0,39,4,Friday,True,SIN,1,MEL,api,29-42 days,Qantas,QF,0,0,0,0
2026-08-31,SIN-MEL,2026-10-09,1297.0,39,4,Friday,True,SIN,1,MEL,api,29-42 days,Qantas,QF,0,0,0,0
2026-08-31,SIN-MEL,2026-10-09,1718.0,39,4,Friday,True,SIN,1,MEL,api,29-42 days,Singapore Airlines,SQ,0,0,0,0
2026-08-31,SIN-MEL,2026-10-09,1928.0,39,4,Friday,True,SIN,1,MEL,api,29-42 days,Singapore Airlines,SQ,0,0,0,0
2026-08-31,SIN-MEL,2026-10-09,2468.0,39,4,Friday,True,SIN,1,MEL,api,29-42 days,Singapore Airlines,SQ,0,0,0,0
2026-08-31,MEL-SIN,2026-10-09,251.0,39,4,Friday,True,MEL,2,MEL,api,29-42 days,Jetstar,JQ,1,0,0,0
2026-08-31,MEL-SIN,2026-10-09,277.0,39,4,Friday,True,MEL,2,MEL,api,29-42 days,Scoot,TR,1,0,0,0
2026-08-31,MEL-SIN,2026-10-09,441.0,39,4,Friday,True,MEL,2,MEL,api,29-42 days,Singapore Airlines,SQ,0,0,0,0
2026-08-31,MEL-SIN,2026-10-09,648.0,39,4,Friday,True,MEL,2,MEL,api,29-42 days,Singapore Airlines,SQ,0,0,0,0
2026-08-31,MEL-SIN,2026-10-09,739.0,39,4,Friday,True,MEL,2,MEL,api,29-42 days,Qantas,QF,0,0,0,0
2026-08-31,MEL-SIN,2026-10-09,750.0,39,4,Friday,True,MEL,2,MEL,api,29-42 days,Singapore Airlines,SQ,0,0,0,0
2026-08-31,MEL-SIN,2026-10-09,891.0,39,4,Friday,True,MEL,2,MEL,api,29-42 days,Singapore Airlines,SQ,0,0,0,0
2026-08-31,MEL-SIN,2026-10-09,1135.0,39,4,Friday,True,MEL,2,MEL,api,29-42 days,Singapore Airlines,SQ,0,0,0,0
2026-08-31,SIN-BKK,2027-01-13,129.0,135,2,Wednesday,False,SIN,1,BKK,api,127-140 days,Scoot,TR,1,0,0,0
2026-08-31,SIN-BKK,2027-01-13,149.0,135,2,Wednesday,False,SIN,1,BKK,api,127-140 days,Scoot,TR,1,0,0,0
2026-08-31,SIN-BKK,2027-01-13,170.0,135,2,Wednesday,False,SIN,1,BKK,api,127-140 days,Scoot,TR,1,0,0,0
2026-08-31,SIN-BKK,2027-01-13,283.0,135,2,Wednesday,False,SIN,1,BKK,api,127-140 days,THAI,TG,0,0,0,0
2026-08-31,SIN-BKK,2027-01-13,363.0,135,2,Wednesday,False,SIN,1,BKK,api,127-140 days,Singapore Airlines,SQ,0,0,0,0
2026-08-31,BKK-SIN,2027-01-13,118.0,135,2,Wednesday,False,BKK,2,BKK,api,127-140 days,Scoot,TR,1,0,0,0
2026-08-31,BKK-SIN,2027-01-13,139.0,135,2,Wednesday,False,BKK,2,BKK,api,127-140 days,Scoot,TR,1,0,0,0
2026-08-31,BKK-SIN,2027-01-13,205.0,135,2,Wednesday,False,BKK,2,BKK,api,127-140 days,THAI,TG,0,0,0,0
2026-08-31,BKK-SIN,2027-01-13,213.0,135,2,Wednesday,False,BKK,2,BKK,api,127-140 days,Singapore Airlines,SQ,0,0,0,0
2026-08-31,BKK-SIN,2027-01-13,242.0,135,2,Wednesday,False,BKK,2,BKK,api,127-140 days,Singapore Airlines,SQ,0,0,0,0
2026-08-31,SIN-NRT,2027-01-13,321.0,135,2,Wednesday,False,SIN,1,NRT,api,127-140 days,ZIPAIR Tokyo,ZG,1,0,0,0
2026-08-31,SIN-NRT,2027-01-13,322.0,135,2,Wednesday,False,SIN,1,NRT,api,127-140 days,Scoot,TR,1,0,0,0
2026-08-31,SIN-NRT,2027-01-13,751.0,135,2,Wednesday,False,SIN,1,NRT,api,127-140 days,Singapore Airlines,SQ,0,0,0,0
2026-08-31,SIN-NRT,2027-01-13,816.0,135,2,Wednesday,False,SIN,1,NRT,api,127-140 days,ANA,NH,0,0,0,0
2026-08-31,SIN-NRT,2027-01-13,1000.0,135,2,Wednesday,False,SIN,1,NRT,api,127-140 days,Singapore Airlines,SQ,0,0,0,0
2026-08-31,SIN-NRT,2027-01-13,1272.0,135,2,Wednesday,False,SIN,1,NRT,api,127-140 days,JAL,JL,0,0,0,0
2026-08-31,NRT-SIN,2027-01-13,302.0,135,2,Wednesday,False,NRT,2,NRT,api,127-140 days,Scoot,TR,1,0,0,0
2026-08-31,NRT-SIN,2027-01-13,330.0,135,2,Wednesday,False,NRT,2,NRT,api,127-140 days,ZIPAIR Tokyo,ZG,1,0,0,0
2026-08-31,NRT-SIN,2027-01-13,1750.0,135,2,Wednesday,False,NRT,2,NRT,api,127-140 days,JAL,JL,0,0,0,0
2026-08-31,NRT-SIN,2027-01-13,1795.0,135,2,Wednesday,False,NRT,2,NRT,api,127-140 days,Singapore Airlines,SQ,0,0,0,0
2026-08-31,NRT-SIN,2027-01-13,1795.0,135,2,Wednesday,False,NRT,2,NRT,api,127-140 days,ANA,NH,0,0,0,0
2026-08-31,SIN-LHR,2027-01-13,898.0,135,2,Wednesday,False,SIN,1,LHR,api,127-140 days,British Airways,BA,0,0,0,0
2026-08-31,SIN-LHR,2027-01-13,1100.0,135,2,Wednesday,False,SIN,1,LHR,api,127-140 days,Qantas,QF,0,0,0,0
2026-08-31,SIN-LHR,2027-01-13,1102.0,135,2,Wednesday,False,SIN,1,LHR,api,127-140 days,British Airways,BA,0,0,0,0
2026-08-31,SIN-LHR,2027-01-13,1278.0,135,2,Wednesday,False,SIN,1,LHR,api,127-140 days,Singapore Airlines,SQ,0,0,0,0
2026-08-31,SIN-LHR,2027-01-13,1528.0,135,2,Wednesday,False,SIN,1,LHR,api,127-140 days,Singapore Airlines,SQ,0,0,0,0
2026-08-31,SIN-LHR,2027-01-13,2222.0,135,2,Wednesday,False,SIN,1,LHR,api,127-140 days,Singapore Airlines,SQ,0,0,0,0
2026-08-31,LHR-SIN,2027-01-13,1213.0,135,2,Wednesday,False,LHR,2,LHR,api,127-140 days,Qantas,QF,0,0,0,0
2026-08-31,LHR-SIN,2027-01-13,1329.0,135,2,Wednesday,False,LHR,2,LHR,api,127-140 days,British Airways,BA,0,0,0,0
2026-08-31,LHR-SIN,2027-01-13,1914.0,135,2,Wednesday,False,LHR,2,LHR,api,127-140 days,Singapore Airlines,SQ,0,0,0,0
2026-08-31,SIN-MEL,2027-01-13,843.0,135,2,Wednesday,False,SIN,1,MEL,api,127-140 days,Scoot,TR,1,0,0,0
2026-08-31,SIN-MEL,2027-01-13,1231.0,135,2,Wednesday,False,SIN,1,MEL,api,127-140 days,Qantas,QF,0,0,0,0
2026-08-31,SIN-MEL,2027-01-13,1509.0,135,2,Wednesday,False,SIN,1,MEL,api,127-140 days,Jetstar,JQ,1,0,0,0
2026-08-31,SIN-MEL,2027-01-13,1718.0,135,2,Wednesday,False,SIN,1,MEL,api,127-140 days,Singapore Airlines,SQ,0,0,0,0
2026-08-31,SIN-MEL,2027-01-13,1867.0,135,2,Wednesday,False,SIN,1,MEL,api,127-140 days,Singapore Airlines,SQ,0,0,0,0
2026-08-31,MEL-SIN,2027-01-13,288.0,135,2,Wednesday,False,MEL,2,MEL,api,127-140 days,Jetstar,JQ,1,0,0,0
2026-08-31,MEL-SIN,2027-01-13,323.0,135,2,Wednesday,False,MEL,2,MEL,api,127-140 days,Scoot,TR,1,0,0,0
2026-08-31,MEL-SIN,2027-01-13,694.0,135,2,Wednesday,False,MEL,2,MEL,api,127-140 days,Turkish Airlines,TK,0,0,0,0
2026-08-31,MEL-SIN,2027-01-13,750.0,135,2,Wednesday,False,MEL,2,MEL,api,127-140 days,Singapore Airlines,SQ,0,0,0,0
2026-08-31,MEL-SIN,2027-01-13,854.0,135,2,Wednesday,False,MEL,2,MEL,api,127-140 days,Singapore Airlines,SQ,0,0,0,0
2026-08-31,MEL-SIN,2027-01-13,945.0,135,2,Wednesday,False,MEL,2,MEL,api,127-140 days,Qantas,QF,0,0,0,0
2026-08-31,SIN-BKK,2026-09-14,129.0,14,0,Monday,False,SIN,1,BKK,api,1-14 days,Scoot,TR,1,0,0,0
2026-08-31,SIN-BKK,2026-09-14,149.0,14,0,Monday,False,SIN,1,BKK,api,1-14 days,Scoot,TR,1,0,0,0
2026-08-31,SIN-BKK,2026-09-14,205.0,14,0,Monday,False,SIN,1,BKK,api,1-14 days,Scoot,TR,1,0,0,0
2026-08-31,SIN-BKK,2026-09-14,250.0,14,0,Monday,False,SIN,1,BKK,api,1-14 days,THAI,TG,0,0,0,0
2026-08-31,SIN-BKK,2026-09-14,277.0,14,0,Monday,False,SIN,1,BKK,api,1-14 days,THAI,TG,0,0,0,0
2026-08-31,SIN-BKK,2026-09-14,334.0,14,0,Monday,False,SIN,1,BKK,api,1-14 days,Singapore Airlines,SQ,0,0,0,0
2026-08-31,SIN-BKK,2026-09-14,363.0,14,0,Monday,False,SIN,1,BKK,api,1-14 days,Singapore Airlines,SQ,0,0,0,0
2026-08-31,SIN-BKK,2026-09-14,371.0,14,0,Monday,False,SIN,1,BKK,api,1-14 days,Singapore Airlines,SQ,0,0,0,0
2026-08-31,SIN-BKK,2026-09-14,417.0,14,0,Monday,False,SIN,1,BKK,api,1-14 days,Singapore Airlines,SQ,0,0,0,0
2026-08-31,BKK-SIN,2026-09-14,139.0,14,0,Monday,False,BKK,2,BKK,api,1-14 days,Scoot,TR,1,0,0,0
2026-08-31,BKK-SIN,2026-09-14,171.0,14,0,Monday,False,BKK,2,BKK,api,1-14 days,Scoot,TR,1,0,0,0
2026-08-31,BKK-SIN,2026-09-14,194.0,14,0,Monday,False,BKK,2,BKK,api,1-14 days,Scoot,TR,1,0,0,0
2026-08-31,BKK-SIN,2026-09-14,205.0,14,0,Monday,False,BKK,2,BKK,api,1-14 days,THAI,TG,0,0,0,0
2026-08-31,BKK-SIN,2026-09-14,240.0,14,0,Monday,False,BKK,2,BKK,api,1-14 days,Singapore Airlines,SQ,0,0,0,0
2026-08-31,BKK-SIN,2026-09-14,242.0,14,0,Monday,False,BKK,2,BKK,api,1-14 days,Singapore Airlines,SQ,0,0,0,0
2026-08-31,BKK-SIN,2026-09-14,246.0,14,0,Monday,False,BKK,2,BKK,api,1-14 days,Singapore Airlines,SQ,0,0,0,0
2026-08-31,BKK-SIN,2026-09-14,276.0,14,0,Monday,False,BKK,2,BKK,api,1-14 days,Singapore Airlines,SQ,0,0,0,0
2026-08-31,BKK-SIN,2026-09-14,279.0,14,0,Monday,False,BKK,2,BKK,api,1-14 days,Singapore Airlines,SQ,0,0,0,0
2026-08-31,SIN-NRT,2026-09-14,375.0,14,0,Monday,False,SIN,1,NRT,api,1-14 days,Scoot,TR,1,0,0,0
2026-08-31,SIN-NRT,2026-09-14,816.0,14,0,Monday,False,SIN,1,NRT,api,1-14 days,ANA,NH,0,0,0,0
2026-08-31,SIN-NRT,2026-09-14,1142.0,14,0,Monday,False,SIN,1,NRT,api,1-14 days,JAL,JL,0,0,0,0
2026-08-31,SIN-NRT,2026-09-14,1301.0,14,0,Monday,False,SIN,1,NRT,api,1-14 days,Singapore Airlines,SQ,0,0,0,0
2026-08-31,NRT-SIN,2026-09-14,214.0,14,0,Monday,False,NRT,2,NRT,api,1-14 days,Scoot,TR,1,0,0,0
2026-08-31,NRT-SIN,2026-09-14,1733.0,14,0,Monday,False,NRT,2,NRT,api,1-14 days,Singapore Airlines,SQ,0,0,0,0
2026-08-31,NRT-SIN,2026-09-14,1733.0,14,0,Monday,False,NRT,2,NRT,api,1-14 days,ANA,NH,0,0,0,0
2026-08-31,NRT-SIN,2026-09-14,1750.0,14,0,Monday,False,NRT,2,NRT,api,1-14 days,JAL,JL,0,0,0,0
2026-08-31,SIN-LHR,2026-09-14,1100.0,14,0,Monday,False,SIN,1,LHR,api,1-14 days,Qantas,QF,0,0,0,0
2026-08-31,SIN-LHR,2026-09-14,1102.0,14,0,Monday,False,SIN,1,LHR,api,1-14 days,British Airways,BA,0,0,0,0
2026-08-31,SIN-LHR,2026-09-14,1331.0,14,0,Monday,False,SIN,1,LHR,api,1-14 days,British Airways,BA,0,0,0,0
2026-08-31,SIN-LHR,2026-09-14,1808.0,14,0,Monday,False,SIN,1,LHR,api,1-14 days,Qantas,QF,0,0,0,0
2026-08-31,SIN-LHR,2026-09-14,2226.0,14,0,Monday,False,SIN,1,LHR,api,1-14 days,Singapore Airlines,SQ,0,0,0,0
2026-08-31,LHR-SIN,2026-09-14,1084.0,14,0,Monday,False,LHR,2,LHR,api,1-14 days,Singapore Airlines,SQ,0,0,0,0
2026-08-31,LHR-SIN,2026-09-14,1234.0,14,0,Monday,False,LHR,2,LHR,api,1-14 days,Singapore Airlines,SQ,0,0,0,0
2026-08-31,LHR-SIN,2026-09-14,1317.0,14,0,Monday,False,LHR,2,LHR,api,1-14 days,British Airways,BA,0,0,0,0
2026-08-31,LHR-SIN,2026-09-14,1339.0,14,0,Monday,False,LHR,2,LHR,api,1-14 days,Qantas,QF,0,0,0,0
2026-08-31,LHR-SIN,2026-09-14,2152.0,14,0,Monday,False,LHR,2,LHR,api,1-14 days,Singapore Airlines,SQ,0,0,0,0
2026-08-31,SIN-MEL,2026-09-14,276.0,14,0,Monday,False,SIN,1,MEL,api,1-14 days,Scoot,TR,1,0,0,0
2026-08-31,SIN-MEL,2026-09-14,329.0,14,0,Monday,False,SIN,1,MEL,api,1-14 days,Jetstar,JQ,1,0,0,0
2026-08-31,SIN-MEL,2026-09-14,379.0,14,0,Monday,False,SIN,1,MEL,api,1-14 days,Turkish Airlines,TK,0,0,0,0
2026-08-31,SIN-MEL,2026-09-14,859.0,14,0,Monday,False,SIN,1,MEL,api,1-14 days,Singapore Airlines,SQ,0,0,0,0
2026-08-31,SIN-MEL,2026-09-14,1033.0,14,0,Monday,False,SIN,1,MEL,api,1-14 days,Qantas,QF,0,0,0,0
2026-08-31,SIN-MEL,2026-09-14,1129.0,14,0,Monday,False,SIN,1,MEL,api,1-14 days,Singapore Airlines,SQ,0,0,0,0
2026-08-31,SIN-MEL,2026-09-14,1174.0,14,0,Monday,False,SIN,1,MEL,api,1-14 days,Singapore Airlines,SQ,0,0,0,0
2026-08-31,SIN-MEL,2026-09-14,1183.0,14,0,Monday,False,SIN,1,MEL,api,1-14 days,Singapore Airlines,SQ,0,0,0,0
2026-08-31,SIN-MEL,2026-09-14,1718.0,14,0,Monday,False,SIN,1,MEL,api,1-14 days,Singapore Airlines,SQ,0,0,0,0
2026-08-31,MEL-SIN,2026-09-14,463.0,14,0,Monday,False,MEL,2,MEL,api,1-14 days,Scoot,TR,1,0,0,0
2026-08-31,MEL-SIN,2026-09-14,484.0,14,0,Monday,False,MEL,2,MEL,api,1-14 days,Jetstar,JQ,1,0,0,0
2026-08-31,MEL-SIN,2026-09-14,877.0,14,0,Monday,False,MEL,2,MEL,api,1-14 days,Qantas,QF,0,0,0,0
2026-08-31,MEL-SIN,2026-09-14,1135.0,14,0,Monday,False,MEL,2,MEL,api,1-14 days,Singapore Airlines,SQ,0,0,0,0
2026-08-31,MEL-SIN,2026-09-14,1141.0,14,0,Monday,False,MEL,2,MEL,api,1-14 days,Qantas,QF,0,0,0,0
2026-08-31,MEL-SIN,2026-09-14,1182.0,14,0,Monday,False,MEL,2,MEL,api,1-14 days,Turkish Airlines,TK,0,0,0,0
2026-08-31,MEL-SIN,2026-09-14,1331.0,14,0,Monday,False,MEL,2,MEL,api,1-14 days,Singapore Airlines,SQ,0,0,0,0
